Abendkurse,e-kern.com,KERN AG Sprachendienste
Abholstelle,dpd.com,DPD PaketShop (TAS Tankstelle Bomlitz)
ACER,gsbo.de,GSBO Göbel und Saalbach OHG
alternative Therapie,de.dawanda.com,Stein – Geschmückt & Transformation
alternative Therapie,neundorftraining.de,Neundorftraining
Alternative und komplementäre Therapien,wirbelfit-stuttgart.de,WirbelFit
Altlasten,gbduellmann.de,Geotechnisches Büro Prof. Dr.-Ing. H. Düllmann GmbH
Anhänger,anhaenger-zentrum-baumann.de,Anhängercenter Baumann
Anhänger-Arbeitsbühnen,mateco.de,mateco GmbH Arbeitsbühnen
Antiquitäten,welge-antik.de,Antik- & Schmuck-Galerie Welge
APEX,apex-detektive.de,APEX Detektive GmbH
Apparate,mediamarkt.de,MediaMarkt Backnang
Arabisch,xn--foerster-bersetzungsbro-kpcm.de,"Foerster-Strauch Monika Dipl.-Übersetzerin, Dolmetscherin Übersetzungsbüro"
Arbeitnehmerüberlassung,7s-gastronomie.de,7S Gastronomie GmbH Ingeneurbüros
Arbeitsbühnenverleih,volker-schindler.de,Schindler Volker  Haus- und Gartenservice
Arzt,downtownclinic.de,El Meadawy Sagy Fachärztin für Innere Medizin
Ärzte: Frauenarzt,webshop-fotojanke.de,Kübra Genc
Ärzte: Frauenarzt,stefaniegrueneklee.de,Dr. med. Priska Strack
Ärzte: Hausärzte,ci-backnang.de,Dr. Lutz-Dietrich Schweizer
Ärzte: Hausärzte,drfuetterer.com,Dr. med. Alexander Fütterer
Ärztebedarf,schaal-backnang.de,Sanitätsgeschäft Schaal GmbH
Ärztedienstleistungen,backnang.donner-partner.de,Donner + Partner Bildungszentren
Ärztepraxiseinrichtungen,brid-bartelt.de,Brid Bartelt Integrative Bewegungstherapie
AU,dekra.de,DEKRA Automobil GmbH
Auslichtungen,baum-haus-service.de,Tharang André
Bäder,baddepot.de,BadDepot® Schmalcalda Handels GmbH
Bar,waidlake.com,Waid Lake Gastronomie GmbH
Baubeschläge,wuerth.de,Würth Backnang
bauelemente,weber-edelstahl.de,Edelstahlverarbeitung Braunschweig
bauelemente,hwideen.de,Hertlein & Weber  SCHÖNE IDEEN FÜR IHR ZUHAUSE
bauelemente,m-tec-verden.de,M-Tec Metalltechnik Verden GmbH
bauelemente,schlosserei-rueter.de,schlosserei-rueter
bauelemente,der-schwartbucker-tischler.de,Der Schwartbucker Tischler - Ingo Meier
bauelemente,berlin-blechdachhandel.de,Blechdachhandel Berlin
bauelemente,ihre-haustuer.de,Ihre Haustür GmbH
bauelemente,tischlermeister-rost.de,Ideencenter - Tischlermeister ROST
bauelemente,bonner-sonnenschutz.de,Meisterbetrieb Bonner Sonnenschutz
bauelemente,glasereibley.de,Glaserei Bley - Hier erfahren Sie alles rund ums Glas
bauelemente,ohrem-wilkening.de,Ohrem & Wilkening GmbH - Mit Sicherheit besser
bauelemente,heinkel-modulbau.de,Heinkel-Modulbau
bauelemente,gapsch.de,Gebrueder Gapsch
bauelemente,drittwerk.de,drittwerk werkstatt für metallbearbeitung gmbh
bauelemente,edoors.de,Intelligente Türsysteme - EDOORS GmbH & Co. KG
bauelemente,steffens-meisterbetrieb.de,Steffens GmbH Meisterbetrieb
bauelemente,bauschlosserei-hegert.de,Bauschlosserei Uwe Hegert
bauelemente,derwerkstall.de,Der Werkstall - Thomas Jumpertz
bauelemente,grandmontagne-gmbh.de,GRANDMONTAGNE GmbH
bauelemente,glas-gausch.de,Glas Gausch  - Alois Gausch GmbH
bauelemente,spechtgmbh.com,Specht GmbH
bauelemente,schreiner-fassbender.de,Schreinermeister Frank Faßbender
bauelemente,glasschmidt.de,"Glas Schmidt, Meisterfachbetrieb aus Hagen"
bauelemente,schreiner-maus.de,Der Schreiner Maus
bauelemente,watermann-schutztore.de,Watermann Schutztore GmbH & Co.KG
bauelemente,glas-monschau.de,Glaser - Meisterbetrieb - Glas Monschau GmbH
bauelemente,voss-sohn.de,Voss & Sohn GmbH + Co. KG
bauelemente,beck-sohn.de,Beck & Sohn GmbH
bauelemente,glasbau-schwerin.de,Glasbau Schwerin GmbH
bauelemente,hogahenning-bau.com,HOGAhenning-Bau GmbH & Co. KG
bauelemente,becher-holz.de,Willkommen auf becher.de
bauelemente,gzbau-vk.de,GZ Bau GmbH
bauelemente,weihmann-ahnsen.de,Weihmann GmbH
bauelemente,dertischlervetter.de,Der Tischler Vetter
bauelemente,erkens-holztechnik.de,Erkens Holztechnik GmbH
bauelemente,tuertechnik-rietmueller.de,Türtechnik Rietmüller
bauelemente,weinzierl.com,weinzierl.com
bauelemente,hinnerkdetmering.de,Hinnerk Detmering
bauelemente,balduin-gmbh.de,Das Balduin GmbH Team
bauelemente,der-tischlermeister.com,Tischlermeister Andreas Bayer
bauelemente,cordtomeikel.de,Udo Cordtomeikel & Tim Cordtomeikel GbR
bauelemente,schwarz-pfinztal.de,Schwarz GmbH
bauelemente,mathias-jansen.de,Mathias Jansen
bauelemente,glaserei-feldmann.de,www.glaserei-feldmann.de
bauelemente,elwardt.de,Zimmerei Elwardt GmbH
bauelemente,w-mannstein.de,Willkommen - www.w-mannstein.de
bauelemente,metallgestaltung-kamphausen.de,Metallgestaltung Kamphausen GmbH
bauelemente,firmabindemann.de,Firma Bindemann:
bauelemente,ceravolo.de,Marmor Ceravolo
bauelemente,zargen.com,Angermann Stahlzargen - Baustoff + Metall GmbH
bauelemente,joergkueper.de,"Jörg Küper Fachgroßhandel e.K., Bochum"
bauelemente,steinberger.de,www.steinberger.de
bauelemente,walther-aachen.de,Heinz-Peter Walther
bauelemente,valentinschmidt.de,Valentin Schmidt Tischler seit 1893
bauelemente,dach-risch.de,Werner Risch - Dachdecker
bauelemente,glaserei-burger.de,Glaserei Burger GmbH
bauelemente,metallgestaltung-zachmann.de,Metall-Gestaltung Zachmann Erkelenz
bauelemente,staco.eu,STACO Stapelmann GmbH
bauelemente,gartenhaus-thun.de,Gartenhäuser Thun Inhaber Ralf Thun
bauelemente,hewimatic.de,Hewimatic GmbH Hamburg
bauelemente,schmid-service.de,Schmid Schreiner Service
bauelemente,baumann-holzwaren.de,Baumann Holzwaren Benshausen
bauelemente,frenken-erdweg.de,Frenken & Erdweg GmbH
bauelemente,bloemerpartner.de,Blömer + Partner GmbH
bauelemente,zimmererbetrieb-platzek.de,Zimmererbetrieb Jürgen Platzek
bauelemente,masson.de,Masson-Wawer Decoration GmbH
bauelemente,schlosserei-vierheilig.de,Schlosserei Vierheilig
bauelemente,tbsk.de,Schulz & Kühnapfel Bautechnik GmbH
bauelemente,vordach-fabrikverkauf.de,Vordach Fabrikverkauf
bauelemente,maurer-kaupp.de,Maurer & Kaupp GmbH & Co. KG
bauelemente,zimmerei-priess.de,Zimmerei Prieß GmbH - Meisterbetrieb
bauelemente,lindemann-gruppe.de,J. Lindemann GmbH & Co. KG
bauelemente,timebra.de,TiMeBra GmbH & Co. KG
bauelemente,bwd-dachsanierung.de,B.W.D. Sanierungs-Systeme GmbH
bauelemente,schulte-oberlangen.de,Schlosserei Heinrich Schulte
bauelemente,krethe.de,Ernst Krethe GmbH
bauelemente,von-garrel-gmbh.de,Malerbetrieb Von Garrel GmbH in Quakenbrück
bauelemente,schmiede-forstmaier.de,Schmiede & Schlosserei Forstmaier
bauelemente,moba-dortmund.de,moba Dortmund GmbH
bauelemente,holzwarth-gmbh.de,www.holzwarth-gmbh.de
bauelemente,meiser.de,www.meiser.de
bauelemente,kfl-loewenberg.de,KFL - Kraftfahrzeug Fertigung Landtechnik GmbH
bauelemente,schlosserei-schliebach.de,Schlosserei Schliebach GmbH
bauelemente,pickartz-scharfenstein.de,Pickartz + Scharfenstein e. K. - Inhaber Marco Matern
bauelemente,tischlerley.de,Die TischlerLey GmbH - Nümbrecht
bauelemente,tischler-zeven.de,Martens Montagebau – Ihr Bautischler
bauelemente,wisser.sh,Wisser GmbH aus Büdelsdorf
bauelemente,nelsonpark-terrassendaecher.de,Nelson Park Terrassendächer GmbH
bauelemente,hudez.com,Karl Hudez GmbH – Wiggensbach
bauelemente,zimmerei-hinck.de,Zimmerei Hinck
bauelemente,stewe-bauunternehmung.de,Stewe Fertigteile GmbH
bauelemente,prefa.de,PREFA GmbH
bauelemente,stuckprofile.de,www.stuckprofile.de
bauelemente,burk-metall.de,Burk Kunstschmiede Metallgestaltung
bauelemente,hans-rathje.de,Hans Rathje GmbH
bauelemente,verladetechnik-bruehl.de,Brühl Verladetechnik Gmbh
bauelemente,wendland-bau.de,Zimmerei Wendland-Bau
bauelemente,zimmerei-hansen.de,Hansen Zimmerei und Baugesellschaft mbH
bauelemente,wmbtechnik.de,Berke WMB Technik GmbH & Co. KG
bauelemente,wurr.com,WURR Glasbau GmbH
bauelemente,glas-seitz.com,Glas Seitz
bauelemente,butzerschmiede.de,butzerschmiede
bauelemente,dsvkiel.de,SCHLOSSEREIFACHBETRIEB Vormelcher GmbH
bauelemente,br-dortmund.de,BÜDEKER & RICHERT GbR
bauelemente,glaserei-piecha.de,Die Glaserei Piecha
bauelemente,smela.de,Günter Smela GmbH
bauelemente,dieschreinermeister.de,www.dieschreinermeister.de
bauelemente,glaserei-engler.de,Glaserei Engler GmbH (Zell)
bauelemente,jotec.de,Jotec Service & Vertriebsges. mbH
bauelemente,tischlerwerkstaette-flemming.de,Tischlerwerkstaette Flemming - Lindlar
bauelemente,klenke-klatt.de,Klenke+Klatt GmbH
bauelemente,patrick-ungermann.de,Patrick Ungermann
bauelemente,glas-toellner.de,Glas Töllner GmbH - Glas in Perfektion -
bauelemente,henn-bau.de,Rudi Henn Bauunternehmung GmbH & CO. KG
bauelemente,tischlerwerkstatt-werder.de,Werderaner Tischlerwerkstatt Andreas Rülker
bauelemente,edlerinstahl.de,Edler in Stahl GmbH
bauelemente,ungrund.de,ungrund - Räume zum Leben
bauelemente,dallwig.de,www.dallwig.de
bauelemente,alexehlert.de,Kunst- und Bauschlosserei Alex Ehlert
bauelemente,alles-aus-glas.de,Keip Glasbau GmbH
bauelemente,abe-concepts.de,ABe Concepts GmbH
bauelemente,hebogo.de,kreative Ideen aus Holz
bauelemente,glas-thiemonds.de,Glasbau Thiemonds
bauelemente,holz-in-art.de,Holz in Art GmbH
bauelemente,zimmerei-simon-bock.de,Zimmerei Simon Bock
bauelemente,kleinschmager-cad-kon.de,Kleinschmager-CAD-KON
bauelemente,traba.de,traba Beteiligungs GmbH
bauelemente,tischlerteam.net,Tischler Team - Jörg Hammermann
bauelemente,holz-werkstatt.org,Holzwerkstatt Roland Schurg
bauelemente,zebisch.biz,Zebisch - Haus und Montage Dienstleistungen
bauelemente,glaserei-horwat.de,"Birkenfeld,  Glaserei J. Horwat GmbH"
bauelemente,seis-woelbert.de,Seis + Wölbert GmbH
bauelemente,glas-eschbach.de,Glas Eschbach GmbH
bauelemente,boepple-schallschutz.de,Fertigmontage Böpple
bauelemente,glasteske.de,Glas und Bilder Teske GmbH
bauelemente,gummels-bau.de,Bauunternehmen Gerold Gummels
bauelemente,metallgestaltung-steinhaus.de,Metallgestaltung Steinhaus in Dortmund
bauelemente,springerschmied.de,SPRINGERSCHMIED / DETLEF SPRINGER
bauelemente,elementebau-haase.de,Elementebau Haase
bauelemente,vossen-soehne.de,VOSSEN+SÖHNE GmbH & CO. KG - über 100 Jahre
bauelemente,glas-krueger.de,GLAS KRÜGER GmbH - Glaserei & Glasgroßhandel
bauelemente,funmetall.de,Funmetall
bauelemente,tischlermeister-blumenstock.de,Tischlermeister Timo Blumenstock
bauelemente,hartmann-toranlagen.de,Hartmann Toranlagen GmbH
bauelemente,sjs-ausbau.de,SJS-Ausbau GmbH
bauelemente,shmetall.de,Schmitt & Hartmann Metall GbR
bauelemente,tille-sohn.de,Tille + Sohn - Inh. Thomas Tille
bauelemente,glasstadler.de,GLAS STADLER
bauelemente,fossel-fischer.de,fossel & fischer GmbH
bauelemente,xn--schlosserei-rckl-ywb.de,Schlosserei Röckl
bauelemente,schlosserei-reimer.de,Schlosserei Hartmut Reimer - Inh. Daniel Reimer
bauelemente,zimmerei-kubitz.de,Zimmerei Kubitz GmbH
bauelemente,spreen-gmbh.de,Spreen GmbH
bauelemente,tischlermanufaktur-ammerland.de,TischlerManufaktur Ammerland GmbH & Co. KG
bauelemente,haskamp.de,Metall- und Elementbau HASKAMP GmbH & Co. KG
bauelemente,willibert-mueller-e-k.de,Willibert Müller e.K. - Inh. Bernd Müller
bauelemente,hhbrandschutz.de,H+H Brandschutz
bauelemente,fefatec.de,fefatec GmbH
bauelemente,glaserei-hauschild-hamburg.de,Glaserei Glasgestaltung Hauschild Hamburg
bauelemente,brenig.de,Herzlich Willkommen bei der Brenig GmbH
bauelemente,schattenwerk.de,SCHATTENWERK Hannover
bauelemente,bauschlosserei-hose.de,Schmiede und Bauschlosserei Ernst-Eckhard Hose
bauelemente,tor-service-mumbeck.de,TSM Tor Service Mumbeck
bauelemente,runge-gmbh.com,Runge  GmbH
bauelemente,holzverbindung.info,Die Holzverbindung GmbH
bauelemente,seekamp-metall.de,seekamp metall
bauelemente,glaserei-denker.de,Glaserei Denker - Westerwald
bauelemente,wintergaerten-muenstermann.com,Karl-Heinz Münstermann · Metall- & Kunststoff-Systembau
bauelemente,schmidt-thuermer.de,Schmidt & Thürmer GmbH & Co. KG
bauelemente,kohler-wagner.de,Die Schlosserei Kohler und Wagner
bauelemente,glasdienst-baechle.de,Glasdienst Bächle GmbH
bauelemente,oliver-schmid.com,Oliver Schmid Zimmerermeister
bauelemente,bs-hartleb.de,Bauschlosserei Hartleb
bauelemente,fft-juergen-lampert.de,FFT-Jürgen Lampert GmbH
bauelemente,glaserei-esser.de,Glaserei Esser GmbH
bauelemente,rst-bautechnik.de,RST Bau & Sonnenschutztechnik
bauelemente,gebe-montagebau.de,GEBE Montagebau GmbH
bauelemente,tischlerwolfgangweber.de,TischlerWerkstätten W. Weber
bauelemente,gartentor.de,Metallhandwerk Mailer
bauelemente,kraft-service.de,KRA.F.T.-SERVICE GmbH
bauelemente,joma.de,JOMA-Dämmstoffwerk GmbH
bauelemente,mt-jansen.de,Metalltechnik Ingo Jansen
bauelemente,opperer.de,opperer gmbh - holzwerkstätte + ingenieurbüro
bauelemente,glas-kannen.de,Glas Kannen - Die Glas Profis
bauelemente,henrich-baustoffzentrum.de,Henrich Baustoffzentrum GmbH & Co. KG SEIT 1863
bauelemente,zimmerei-riewesell.de,Zimmerei Riewesell UG
bauelemente,schlosser-und-gestalter.de,"Schlosserei Dirk Schuffenhauer, Kändler bei Chemnitz"
bauelemente,die-schreiner.net,Die Schreiner
bauelemente,hollaundsohn.de,P. Holla & Sohn GmbH
bauelemente,bockstiegel.com,Hermann Bockstiegel GmbH & Co.
bauelemente,torsystem.de,KLS Torsysteme GmbH
bauelemente,fuhrmann-colling.de,Fuhrmann-Colling GmbH
bauelemente,scheffler-metallverarbeitung.de,Scheffler Metallverarbeitung
bauelemente,sutter-metall.de,Theo Sutter GmbH
bauelemente,zimmerei-schwieder.de,KLAUS SCHWIEDER GMBH - Inh.: Dirk Schwieder
bauelemente,der-motsch-machts.de,SKM-Homesystems GmbH
bauelemente,kuhnis.de,Kuhnis Einrichtungssysteme
bauelemente,glasbau-dasburg.de,Fa. Glasbau Gebr. Dasburg
bauelemente,hilgo.de,HILGO Kunststoff-Elementebau GmbH
bauelemente,bss-schieh-schneider.de,BSS Schieh-Schneider
bauelemente,zimmerei-schimming.de,Zimmerei Schimming – Meisterbetrieb & Dachdeckerei
bauelemente,ndw-gmbh.com,NDW Niemeier Dach & Wand GmbH
bauelemente,stahl-metall-schmerbeck.de,Mettallbau und Schmiederei Schmerbeck
bauelemente,lakal.de,LAKAL GmbH
bauelemente,hesse-tore.de,Hesse Torsysteme
bauelemente,ttzf-kell.com,TTZF
bauelemente,tuerelemente-houben.de,Türelemente Houben GmbH
bauelemente,philigran-holz.de,PHILIGRAN - Philipp Wetterau
bauelemente,nervo-nottebrock.de,Nervo & Nottebrock GmbH
bauelemente,krohn-zimmerei.de,Eckard Krohn GmbH
bauelemente,die-glasschiebetuer.de,DIE- GLASSCHIEBETUER
bauelemente,roell-hagen.de,Schlosserei Röll GmbH
bauelemente,hoehbauer.com,HÖHBAUER GmbH
bauelemente,droegemueller-zimmerei.de,Zimmerei Drögemüller
bauelemente,bremer-tischler-betrieb.de,Bremer Tischler Betrieb
bauelemente,ledig-szymanski.de,Ledig & Szymanski GmbH
bauelemente,holzbearbeitung-wallmeyer.de,Holzbearbeitung Wallmeyer GmbH
bauelemente,kaufmannbau.com,Kaufmann GmbH
bauelemente,alustar-gmbh.eu,ALUSTAR GmbH
bauelemente,kaspers.de,Kaspers GmbH Outdoor Living
bauelemente,metallgestaltung-pohl.de,Metallgestaltung Pohl
bauelemente,zimmerei-quistorf.de,Zimmerei Quistorf
bauelemente,holz-glas-miller.de,Holz & Glas Miller - Rene Miller
bauelemente,schlosserei-frank.de,Schlosserei Frank GmbH
bauelemente,kaiser-brockmann.de,Kaiser und Brockmann GmbH
bauelemente,betont.com,Betont GmbH
bauelemente,haberi.de,haberi - einrichten und mehr
bauelemente,eska-tortechnik.de,ESKA Tortechnik GmbH - Garagentore in Düren
bauelemente,nura.website,NURa
bauelemente,reckmann-stromberg.de,Reckmann & Stromberg GmbH
bauelemente,kunstguss-diele.de,Kunstguss-Diele und Galerie - Schloss Ricklingen
bauelemente,eibel-service.de,Eibel Service GmbH - Kerpen-Sindorf
bauelemente,albers-holztechnik.de,Albers Holztechnik
bauelemente,connemann.net,Schreinerwerkstätten Nikolaus Connemann e.K.
bauelemente,luebkemannbau.de,Lübkemann GmbH ​
bauelemente,beton-tille.de,Beton Tille GmbH & Co.KG
bauelemente,liebert.de,Liebert GmbH
bauelemente,waltermann-hagen.de,Waltermann und Sohn OHG
bauelemente,schlump.de,Bauschlosserei Schlump GmbH & Co. KG
bauelemente,schaubhut.com,Historische Baustoffe Jürgen Schaubhut
bauelemente,storm-bau.de,Storm Bau GmbH - Betonfertigteilwerk
bauelemente,glas-petervari.de,"Glaserei Glasnotdienst Andreas Petervari, ehemals Axel Kleefisch Düsseldorf"
bauelemente,koebberling-online.de,Köbberling GmbH & Co. KG
bauelemente,baron-beck.de,BARON + BECK GmbH
bauelemente,dachwerk-nord.de,DACHWERK NORD - Dieter Demuth
bauelemente,trax-albrecht.de,Trax Albrecht Handels-GmbH
bauelemente,mydoor-gmbh.de,MyDoor GmbH Niederlassung Leipzig
bauelemente,boeckmann-markisen.de,Boeckmann Markisenbau GmbH
bauelemente,brinkmann-tuer-tor.de,Brinkmann Tür und Tor GbR
bauelemente,rueting-bau.de,E. Rüting Bau GmbH
bauelemente,wintech-aluminium.de,WinTech Aluminium GmbH & Co. KG
bauelemente,tortechnik-wedelich.de,Tortechnik - Tortechnik Wedelich GmbH
bauelemente,elter-sonnenschutz.de,Sonnen- und Wetterschutz GmbH
bauelemente,hoklartherm.de,Hoklartherm GmbH
bauelemente,bauer-bauideen.de,Bauer Bau-Ideen
bauelemente,dieschreiner-aachen.de,Die Schreiner von Kageneck GbR
bauelemente,inox-online.de,Minh Dieu & Peter Staps GbR - Schmiedeeisen & Edelstahl
bauelemente,glasbaumbach.de,Glas Baumbach
bauelemente,ermeling-soehne.de,W. Ermeling & Söhne GmbH & Co. KG
bauelemente,mksiemer.de,MK Siemer Tortechnik GmbH
bauelemente,die-tischler-mv.de,Die Tischler - Inhaber Frank Selchow
bauelemente,mr-service-gmbh.de,MR Service GmbH & Co. KG
bauelemente,zimmerei-fritze.de,Zimmerei Fritze
bauelemente,alu-reddig.de,Alu-Reddig heißt Sie Willkommen
bauelemente,fichtnerhof.de,Herm. Fichtner Hof GmbH
bauelemente,glaserei-fuchs.de,Glaserei Siegfried Fuchs GmbH
bauelemente,uhe-metall.de,Uhe GmbH
bauelemente,holzkunstmostert.de,Holzkunst Mostert GmbH
bauelemente,f-hoffmann.de,BMS Hoffmann GmbH
bauelemente,spundbohle.at,Hirnböck Stabau GmbH
bauelemente,holzzauber.eu,Holzzauber GmbH
bauelemente,hoffmann-handwerk.de,Hoffmann & Co KG
bauelemente,barth-bedachungen.de,Barth Bedachungen GmbH & Co.KG
bauelemente,tischler-puhl.de,Puhl Meisterbetrieb
bauelemente,jahn-bb.de,JAHN GmbH
bauelemente,hachenberger.net,Holz und Fachwerk Hachenberger
bauelemente,glas-franzen.de,Glas Franzen GmbH in Flensburg
bauelemente,bauschlosserei-rameil.de,bauschlosserei-rameil
bauelemente,abzugmetall.de,Metallverarbeitung Ralf Abzug
bauelemente,glaserei-vonden.de,GLASEREI VONDEN
bauelemente,kutzner-ritzdorf.de,Holzwerkstätte Kutzner & Ritzdorf GmbH
bauelemente,tischlermeister-vosen.de,Tischlermeister Kevin Vosen
bauelemente,hkd-bausysteme.de,HKD-Bausysteme- Schlosserei und Vertrieb
bauelemente,zimmerei-ruthemeyer.de,Zimmerei Ruthemeyer - Meisterbetrieb
bauelemente,huth.team,Huth.Team
bauelemente,schlosserei-reif.de,Schlosserei Reif in St.Georgen
bauelemente,glaserei-elsner.de,Glaserei Elsner Inh. Andy Bunke
bauelemente,schroer-edelstahl.de,Olaf Schrör Edelstahlverarbeitung
bauelemente,koenig-schmiede.de,König-Schmiede - der Tradition verpflichtet…
bauelemente,tischler-team-gmbh.de,Tischler Team GmbH
bauelemente,historische-baustoffe-kreislauf.de,Kreislauf - Historische Baustoffe
bauelemente,bsruegen.de,B & S Metall und Solarbau GbR
bauelemente,glaskurz.de,Glaserei Kurz GmbH
bauelemente,glas-seele.de,Glas Seele GmbH
bauelemente,industrieservice-tannhaeuser.de,TORCENTER & INDUSTRIESERVICE TANNHÄUSER GMBH
bauelemente,glaserei-terasa.de,Heinz Terasa Kunst- und Bauglaserei
bauelemente,holzland-klein.de,Holzland Klein
bauelemente,rhgmbh.com,RH  GmbH
bauelemente,wemken.de,Wemken Wiefelstede GmbH
bauelemente,glasbau-hahn.de,GLASBAU HAHN GmbH
bauelemente,zewe.info,Zewe GmbH
bauelemente,hs-montage-papenburg.de,HS Montage Service
bauelemente,huelser.de,Hüllenkremer GmbH
bauelemente,sanderbau.de,SanderBau
bauelemente,zimmerei-maehler.de,Zimmerei Mähler
bauelemente,christianmohr-zimmerei.de,Zimmerei Christian Mohr
bauelemente,glaserei-amstern.de,Glaserei -Am Stern- A. Powietzka GmbH
bauelemente,gerhardtbraun.com,Gerhardt Braun Kellertrennwandsysteme GmbH
bauelemente,glaserei-schaaf.de,Fa. Hans Schaaf - Glas u. Aluminium – Bau
bauelemente,glaserei-becker.de,Glaserei W. Becker GmbH
bauelemente,memminger-torbau.de,Memminger Torbau GmbH
bauelemente,klass-montageservice.com,Klass Montageservice GmbH
bauelemente,crnadak.de,"CRNADAK GmbH, wir wollen Sie begeistern!"
bauelemente,marmorzuehlke.de,Marmor Zühlke e.K.
bauelemente,engel-und-partner.de,Engel & Partner GmbH
bauelemente,fun-sports-germany.com,Fun-Sports GmbH
bauelemente,stolz-granithandel.de,Stolz Granithandel GmbH
bauelemente,zimmerei-bscheider.de,Zimmerei Jakob Bscheider GmbH
bauelemente,glas-bau-kunst.de,GLAS-BAU-KUNST
bauelemente,bard-beckmann.de,Bard & Beckmann GmbH
bauelemente,lenertz-porschen.de,Lenertz & Porschen - Kunststoffverarbeitung
bauelemente,zimmerei-seeger.de,Zimmerei Seeger GmbH & Co. KG
bauelemente,schmiede-woggon.de,Schmiedemeister Willi Woggon Karsdorf
bauelemente,schlosserei-seidel.de,Schlosserei Wolfgang Seidel
bauelemente,bauwerk-hampel.de,Bauwerk Hampel GmbH
bauelemente,herzinger-toranlagen.de,Herzinger Toranlagen Brandschutztechnik GmbH
bauelemente,grellmann.de,Glas Grellmann GmbH
bauelemente,zaun-stoffel.de,Zaun Stoffel GmbH
bauelemente,lepper-bonn.de,Lepper - Das kompetente Trio
bauelemente,frevel-markisen.de,Frevel Markisen
bauelemente,minke-zimmerei.de,Axel Minke Zimmerei
bauelemente,ludwig-hauschild.de,Ludwig Hauschild GmbH
bauelemente,isa-galerie.de,ISA Galerie GmbH
bauelemente,gerdes-tortechnik.de,Gerdes Tortechnik GmbH
bauelemente,wegener-betonstein.de,Betonstein- Bernd und Norbert Wegener GbR
bauelemente,zimmerei-loho.de,Zimmerei Loho GmbH
bauelemente,glaserei-mohr.com,Glaserei Mohr Glasbau GmbH
bauelemente,historische-baustoffe-authentisch.com,Habitarte - Bauen mit Tradition
bauelemente,montageservice-reichel.de,Montageservice Reichel
bauelemente,islinger-eichhofen.de,islinger Schlosserei & Schmiede
bauelemente,duerbusch.de,Dürbusch GmbH -
bauelemente,horstmann-freise.de,HORSTMANN-FREISE GmbH & Co.KG
bauelemente,bartmann-westmeier.de,Bartmann und Westmeier GmbH Tischlerwerkstätten
bauelemente,glas-hippe.de,"Hippe & Krüger Glaserei- und Glashandelsges.mbH,Hamburg"
bauelemente,stuckhandel.de,Trax-Matthies Stilelemente GmbH
bauelemente,h-hinrichs.de,Hinrichs Metall- & Anlagenbau GmbH
bauelemente,glas-linke.de,Glaserei Linke
bauelemente,holzlandzimmerei-ehrlich.de,Zimmerei Ehrlich
bauelemente,hd-kottmeyer.de,Unternehmensgruppe HD Kottmeyer Verwaltungs GmbH
bauelemente,steckwelt.eu,SteckWelt - Modulsysteme
bauelemente,heinrich-textor.de,G. Heinrich Textor e.K.
bauelemente,fink-garage.de,Fink Garage
bauelemente,hueller-caputh.de,Hüller & Lüdecke Hübau GmbH
bauelemente,schoenk.de,Holzhäuser vom Profi – Zimmerei M. Schönk GmbH
bauelemente,tischlermeister-truemper.de,Tischlermeister Torsten Trümper
bauelemente,biffar.de,Biffar GmbH & Co. KG
bauelemente,glaserei-prignitz.de,Bahlke & Rothe GmbH
bauelemente,iglos-elemente.de,Isabella Mendler Iglos Elemente
bauelemente,glashaus-berlin.de,Herzlich willkommen im Glashaus-Berlin
bauelemente,rentrop-gmbh.de,Rentrop GmbH
bauelemente,grohmann-parchim.de,Grohmann GmbH in Parchim
bauelemente,rundoor.de,Rundoor Türautomatik GmbH & Co. KG
bauelemente,glas-bong.de,Glas Bong GmbH & Co. KG
bauelemente,baudepot-kuepper.de,Holz-Baustoffe Küpper GmbH & Co. KG
bauelemente,zimmerei-mueller-gmbh.de,Zimmerei Müller GmbH
bauelemente,dieschreiner-mossautal.de,www.dieschreiner-mossautal.de
bauelemente,glasdersch.de,GLAS DERSCH  Gutes Handwerk. Seit 1902.
bauelemente,mtf-rabbe.de,MTF Rabbe GmbH & Co. KG
bauelemente,fantasy-terrasse.de,Fantasy Terrasse
bauelemente,glaserei-foerster.de,Glaserei Förster GmbH
bauelemente,glaserei-schlette.de,Glaserei Schlette GmbH
bauelemente,firmengruppe-herrmann.de,Zimmerei Herrmann
bauelemente,ic-sms.de,SMS M. Bienentreu e.K.
bauelemente,scan-wood.de,Scan-Wood GmbH
bauelemente,glasbau-schwarz.de,Glasbau Schwarz GmbH
bauelemente,nehrmann-gmbh.de,Nehrmann GmbH
bauelemente,dieholzwerkstatt-wirtz.de,Die Holzwerkstatt Frank Wirtz
bauelemente,stranghoener.de,Stranghöner GmbH
bauelemente,auen-tortechnik.de,Auen Tor- und Türtechnik GbR
bauelemente,bertgen.com,Bertgen Handels GmbH
bauelemente,kloepfer-glas.de,Martin Klöpfer GmbH Berlin
bauelemente,jussen-metallverarbeitung.de,Jussen Metallverarbeitung GmbH
bauelemente,schlosserei-brengmann.de,Schlosserei Brengmann
bauelemente,baukraft.de,Baukraft Naturbaustoffe Baustoffhandel
bauelemente,gebhardt-bauzentrum.de,Gebhardt Bauzentrum GmbH & Co. KG
bauelemente,rwg-westeifel.de,Raiffeisen-Waren GmbH Westeifel - Wir sorgen für Bewegung
bauelemente,holzundstahl.de,Holz und Stahl
bauelemente,scherengitter-berlin.de,Carsten Schulz GmbH Scherengitter Berlin
bauelemente,ibwest.de,IBWest – Industriebau West GmbH
bauelemente,zimmerei-kaben.de,Zimmerei Kaben - Inh. Andres Koth
bauelemente,willi-pfeffer.de,Willi Pfeffer - DER SCHREINER
bauelemente,paul-luehr.de,Paul Lühr GmbH & Co. KG
bauelemente,kramwinkel.de,H. Kramwinkel GmbH
bauelemente,glasplum.de,Glas Plum GmbH
bauelemente,tischlerklein.de,Klein Thomas GmbH Tischlermeister
bauelemente,holtberg.de,"Friedrich Holtberg KG - Glas, Reparatur Schnelldienst"
bauelemente,glassoeller.de,Glas Söller GmbH Bonn
bauelemente,jenskappenberg.de,Jens Kappenberg GmbH & Co. KG
bauelemente,mattern-augsburg.de,Mattern & Co GmbH
bauelemente,zimmereimeinert.de,Zimmerei Matthias Meinert
bauelemente,holzwerkstatt-potsdam.de,Holzwerkstatt Potsdam GmbH
bauelemente,mr-montage.de,M&R Montageservice GmbH
bauelemente,linara-owl.de,Linara OWL GmbH
bauelemente,braun-montagebau.de,Braun Montagebau
bauelemente,bauglaserei-klinger.de,Bauglaserei Klinger -Ihr Handwerksbetrieb in Sachsen
Bauen & Renovieren - Abrissarbeiten,bsp-immo-nord.de,B.S.P. Immobilien Service Nord
Bauen & Renovieren - Abrissarbeiten,tgawest.de,TGA-West-GmbH
Bauen & Renovieren - Abrissarbeiten,handwerker-obermeister.de,Handwerker- & Gebäudeservice Obermeister
Bauen & Renovieren - Abrissarbeiten,flinke-dienstleistung.de,Flinke-Dienstleistung
Bauen & Renovieren - Abrissarbeiten,kreativbau-berlin24.de,Kreativbau-Berlin
Bauen & Renovieren - Abrissarbeiten,mm-gbr.net,MM GbR
Bauen & Renovieren - Abrissarbeiten,hausmeistersservice-albrecht.beepworld.de,Hausmeister-& Reparaturdienst
Bauen & Renovieren - Abrissarbeiten,jacobskoetter.de,Jacobskötter
Bauen & Renovieren - Abrissarbeiten,famstec.de,Famstec
Bauen & Renovieren - Abrissarbeiten,tecto-kg.de,Tecto KG
Bauen & Renovieren - Abrissarbeiten,sfnservice.de,SFN ~ Service
Bauen & Renovieren - Abrissarbeiten,kskompetenzambau.homepage.t-online.de,KS Kompetenz am Bau
Bauen & Renovieren - Abrissarbeiten,kompakt-hamburg.de,SET-Kompakt e.K
Bauen & Renovieren - Abrissarbeiten,blochbau.com,A&H Bau
Bauen & Renovieren - Abrissarbeiten,verstopfungsdienst.de,Bauarbeiten Exenberger
Bauen & Renovieren - Abrissarbeiten,norik-bau.de,Norik-Bau
Bauen & Renovieren - Abrissarbeiten,perfect-green.info,"Perfect Green, Garten- und Landschaftsbau"
Bauen & Renovieren - Abrissarbeiten,vobelt.de,Vobelt
Bauen & Renovieren - Abrissarbeiten,firat-gmbh.de,Firat Bau GmbH
Bauen & Renovieren - Abrissarbeiten,bs-ug.de,Barenscher & Schwarz UG
Bauen & Renovieren - Abrissarbeiten,purodrain.de,Benno Maringer Dienstleistungen aller Art / PURoDRAIN Bodenbeläge
Bauen & Renovieren - Abrissarbeiten,lausitzerdienstleistungen.de,Lausitzer Dienstleistungen A.W.
Bauen & Renovieren - Abrissarbeiten,hollingerbau.de,Firma Hollinger
Bauen & Renovieren - Abrissarbeiten,gdl-dienstleistung.de,G.D.L-Dienstleistungs-Service
Bauen & Renovieren - Abrissarbeiten,t-objekt.de,T-OBJEKT
Bauen & Renovieren - Abrissarbeiten,bauservice-moeser.de.tl,Bauservice Gartenlandschaftsbau Möser
Bauen & Renovieren - Abrissarbeiten,fbb-bau.de,F.B.B. Bauausführungen UG
Bauen & Renovieren - Abrissarbeiten,ds-service-donauwoerth.de,DS-SERVICE
Bauen & Renovieren - Abrissarbeiten,okt-skowron.de,OKT-Skowron
Bauen & Renovieren - Abrissarbeiten,yellow-sun.net,Yellow Sun
Bauen & Renovieren - Abrissarbeiten,rene-a-s.de.tl,R-A-S
Bauen & Renovieren - Abrissarbeiten,haus-bau-dienstleistung.de,Haus-Bau-Dienstleistung
Bauen & Renovieren - Abrissarbeiten,dienstleistungen-leder.de,Dienstleistungen Leder
Bauen & Renovieren - Abrissarbeiten,sevinc-dienstleistungen.de,Sevinc Dienstleistungen
Bauen & Renovieren - Abrissarbeiten,dach-solartechnik-herbst.de,Dach- & Solartechnik Julian Herbst
Bauen & Renovieren - Abrissarbeiten,serviceotto.de,ServiceOtto
Bauen & Renovieren - Abrissarbeiten,die-hausfuechse.eu,Die-Hausfüchse
Bauen & Renovieren - Abrissarbeiten,bau-und-handwerkerdienste.de,Bau und Handwerkerdienste
Bauen & Renovieren - Abrissarbeiten,kernbohrservice.com,Bammes Dienstleistung e.K.
Bauen & Renovieren - Abrissarbeiten,fliesenleger-erdogan.npage.de,Fliesenleger Erdogan
Bauen & Renovieren - Abrissarbeiten,kleinpreisstore-home.de,Kleinpreisstore
Bauen & Renovieren - Abrissarbeiten,dlu-liebel.npage.de,Dienstl.-Unternehmen / Liebel  Projekt.- &. Betriebs.- Management
Bauen & Renovieren - Abrissarbeiten,dejonghe.npage.de,Dienstleistungsservice Dejonghe
Bauen & Renovieren - Abrissarbeiten,gala-service-hoehenland.com,GaLa - Service Höhenland
Bauen & Renovieren - Abrissarbeiten,y-17.de,Services International Ltd.
Bauen & Renovieren - Abrissarbeiten,pimp-dein-haus.com,Ausbauservice Puhlmann
Bauen & Renovieren - Abrissarbeiten,kreativbau24.de,Kreativbau-Berlin
Bauen & Renovieren - Abrissarbeiten,immobilien-kowalski.de,Kowalski Gruppe GmbH i.G
Bauen & Renovieren - Abrissarbeiten,trockenbau-heeb.de,Trockenbau Heeb
Bauen & Renovieren - Abrissarbeiten,wersebe-koeln.de,Wersebe
Bauen & Renovieren - Abrissarbeiten,multi-service24.de,Multi-Service24
Bauen & Renovieren - Abrissarbeiten,raumgestaltung-mundm.de,Raumgestaltung M&M
Bauen & Renovieren - Abrissarbeiten,personalservice-ants.de,A.N.T.S. Dienstleistungen
Bauen & Renovieren - Abrissarbeiten,heimfix.de,Heimfix
Bauen & Renovieren - Abrissarbeiten,hms-badbergen.de,HMS Haus&Garten Service
Bauen & Renovieren - Abrissarbeiten,executivebau.de,Executive Bau UG (haftungsbeschränkt)
Bauen & Renovieren - Abrissarbeiten,a-team-germany.net,A~Team~Germany Fronhausen
Bauen & Renovieren - Abrissarbeiten,einfachpunkt.de,@punkt
Bauen & Renovieren - Abrissarbeiten,b-d-s.de,BDS
Bauen & Renovieren - Abrissarbeiten,djerfi.de,Djerfi Hochbau
Bauen & Renovieren - Abrissarbeiten,dl-schuebel.de,Schübel Dienstleistungen
Bauen & Renovieren - Abrissarbeiten,wicki-der-kleine-helfer.jimbo.com,Wicki der kleine Helfer
Bauen & Renovieren - Abrissarbeiten,horn.ucoz.de,Vladimir Horn
Bauen & Renovieren - Abrissarbeiten,dachdecker-petrowski.de,Christian Petrowski Bedachungen
Bauen & Renovieren - Abrissarbeiten,golling-bauservice.de,GollinG Bauservice
Bauen & Renovieren - Abrissarbeiten,mywohnen.de,Mywohnen Immobilienservice GmbH
Bauen & Renovieren - Abrissarbeiten,gts-drews.de,"Gebäudedienstleistungen, Trockenbau & Service"
Bauen & Renovieren - Abrissarbeiten,malermeister-gerblinger.de,Malermeister Gerblinger GmbH
Bauen & Renovieren - Abrissarbeiten,malereifachbetrieb.com,Malereifachbetrieb
Bauen & Renovieren - Abrissarbeiten,all-in-sanierung.com,All In Gebäudeservice
Bauen & Renovieren - Abrissarbeiten,fa-suma.de,SUMA Montagen und Transporte
Bauen & Renovieren - Abrissarbeiten,ewuflor.bplaced.net,Ewuflor Renovierungen
Bauen & Renovieren - Abrissarbeiten,galabau-gashi.de.ki,Galabau Gashi
Bauen & Renovieren - Abrissarbeiten,arena-services.de,Arena-Services
Bauen & Renovieren - Abrissarbeiten,verputzer.info,Basibüyük Wärmedämmverbundsystem GmbH
Bauen & Renovieren - Abrissarbeiten,gebaeudedienste-charles.npage.de,Gebaeudedienste-Charles
Bauen & Renovieren - Abrissarbeiten,brovo-bau.de,BROVO UG (haftungsbeschränkt)
Bauen & Renovieren - Abrissarbeiten,nischk-allroundservice.de,Nischk Allroundservice
Bauen & Renovieren - Abrissarbeiten,olivergruender.homepage.t-online.de,Farb- und Raumgestaltung
Bauen & Renovieren - Abrissarbeiten,sonnschein.org,Sonnschein UG (haftungsbeschränkt)
Bauen & Renovieren - Abrissarbeiten,flex-bau-tec.de,Flex-Bau-Tec
Bauen & Renovieren - Abrissarbeiten,objekt-und-projekt.biz,objekt + projekt
Bauen & Renovieren - Abrissarbeiten,ma-nic.de,Ma-Nic Dienstleistungsgesellschaft mbH
Bauen & Renovieren - Abrissarbeiten,notfallteam.com,Notfallteam
Bauen & Renovieren - Abrissarbeiten,bestconstruction.de.to,Firma
Bauen & Renovieren - Abrissarbeiten,heimwerker-berlin.de,Berner&acute;s Heimwerker Service
Bauen & Renovieren - Abrissarbeiten,rzb-allroundhandwerk.foren-city.de,RZB-Allroundhandwerk
Bauen & Renovieren - Abrissarbeiten,kaminski-transporte.de,Kaminski - Transporte
Bauen & Renovieren - Abrissarbeiten,wohnungsaufloesung-koeln.info,Der Rümpel-Trupp
Bauen & Renovieren - Abrissarbeiten,service-company-online.de,Service Company
Bauen & Renovieren - Abrissarbeiten,hausaufgabe-berlin.de,Hausaufgabe
Bauen & Renovieren - Abrissarbeiten,jeplo.de,JePlo Dienstleistungen
Bauen & Renovieren - Abrissarbeiten,nemso-bau.com,NemSo-Bau
Bauen & Renovieren - Abrissarbeiten,frenzelbau.de,Bau-Service-Frenzel
Bauen & Renovieren - Abrissarbeiten,saschas-holzwerkstatt.npage.de,Sascha`s Holzwerkstatt    Zimmerei - Dachdeckerei
Bauen & Renovieren - Abrissarbeiten,dienstleistung-benter.de,Dienstleistung-Benter
Bauen & Renovieren - Abrissarbeiten,gartenbruk.com,Gartenbruk
Bauen & Renovieren - Abrissarbeiten,z-123service.de,Vankoms GmbH
Bauen & Renovieren - Abrissarbeiten,burgthann-mfr.de,Eurotekt GmbH
Bauen & Renovieren - Abrissarbeiten,hrg-ffb.de,Holz- & Raumgestaltung Pöllmann
Bauen & Renovieren - Abrissarbeiten,baugeschaeft-schult.de,Baugeschäft Schult
Bauen & Renovieren - Abrissarbeiten,bauqualitaet.npage.de,Ruslan
Bauen & Renovieren - Abrissarbeiten,seabau.com,S.E.A BAU
Bauen & Renovieren - Abrissarbeiten,esdh.de,ESDH Eberhardt Service Dienstleistungen Handel
Bauen & Renovieren - Abrissarbeiten,pol-office.de,pol office
Bauen & Renovieren - Abrissarbeiten,haushaltsaufloesungen.jimdosite.com,Alles aus einer Hand
Bauen & Renovieren - Abrissarbeiten,bauprofi-holpert.vorschaulink.de,Bauprofi-holpert
Bauen & Renovieren - Abrissarbeiten,pro.bau.group.de.tl,Pro-Bau-Group
Bauen & Renovieren - Abrissarbeiten,aa-komplettrenovierungen.de,A & A Komplettrenovierungen
Bauen & Renovieren - Abrissarbeiten,quest-hausservice.cms4people.de,Quest Haus- Service GbR
Bauen & Renovieren - Abrissarbeiten,baugeschaeft-kroeger.de,Augst Kröger GmbH & Co.KG
Bauen & Renovieren - Abrissarbeiten,zdh-hedrich.npage.de,Zimmerei Dachdeckerei Hedrich
Bauen & Renovieren - Abrissarbeiten,kabelmontagen-langner.de,FLK
Bauen & Renovieren - Abrissarbeiten,gemaservice.de.tl,GeMa-Dienstleistungen
Bauen & Renovieren - Abrissarbeiten,rent-a-workman.de,Rent a Workman
Bauen & Renovieren - Abrissarbeiten,voyna-handweker-service.de.tl,Voyna-Handwerker-Service
Bauen & Renovieren - Abrissarbeiten,steinchirurgen.de,Steinchirurgen - D. Daske Systemmontagen & Messeservice
Bauen & Renovieren - Abrissarbeiten,bauunternehmen-albayrak.com,Bauunternehmen Albayrak
Bauen & Renovieren - Abrissarbeiten,die-guten-haende.com,Die Guten Hände
Bauen & Renovieren - Abrissarbeiten,dach-malerarbeiten.chapso.de,Dach-Holz & Malerarbeiten Aller Art
Bauen & Renovieren - Abrissarbeiten,werners-bau.de,Werner´s Bau & Dienstleistungsservice GbR
Bauen & Renovieren - Abrissarbeiten,top-bauservice.com,TOP - Bauservice
Bauen & Renovieren - Abrissarbeiten,wtw-team.com,WtW team
Bauen & Renovieren - Abrissarbeiten,mskietz.eu,M&S Kietz
Bauen & Renovieren - Abrissarbeiten,motagebaustender.de,Montagebau Stender
Bauen & Renovieren - Abrissarbeiten,profliesen.de,Profliesen
Bauen & Renovieren - Abrissarbeiten,bauen-web.de,Baubüro Deucker
Bauen & Renovieren - Abrissarbeiten,istinarbeit.de,R&B Baumann
Bauen & Renovieren - Abrissarbeiten,cvr-umundausbau.de,CVR Um- und Ausbau
Bauen & Renovieren - Abrissarbeiten,matschi-bau.de,Matschi Bau
Bauen & Renovieren - Abrissarbeiten,hausherum.de,Andre Stein -Dienstleistungen rund ums Haus-
Bauen & Renovieren - Abrissarbeiten,hms-windeln.de,Hausservice Windeln
Bauen & Renovieren - Abrissarbeiten,nachlassprofi.com,Nachlassprofi Entrümpelung Deutschland
Bauen & Renovieren - Abrissarbeiten,meine-dienstleistungen.beepworld.de,dienstleistungen schulze
Bauen & Renovieren - Abrissarbeiten,i-nur.de,i-Nur GmBh
Bauen & Renovieren - Abrissarbeiten,hmsmartinlang.de,HMS Martin Lang
Bauen & Renovieren - Abrissarbeiten,bau37-fachkraft.de,CL HANDWERKSBETRIEB
Bauen & Renovieren - Abrissarbeiten,raumausstatterrumor.com,Raumaustatter Rumor
Bauen & Renovieren - Abrissarbeiten,bauunternehmung-zimmermann.de,Bauunternehmung Zimmermann
Bauen & Renovieren - Abrissarbeiten,santechnologie.de,Santechnologie GmbH
Bauen & Renovieren - Abrissarbeiten,mmbau-diensleistungen.de,MM Bau- und Dienstleistungen
Bauen & Renovieren - Abrissarbeiten,wooden-montage.de,Wooden
Bauen & Renovieren - Abrissarbeiten,gores-hmd.de,Hausmeisterdienst Gores
Bauen & Renovieren - Abrissarbeiten,ekd-hagen.de,EKD Dachdeckermeisterbetrieb UG (haftungbeschränkt)
Bauen & Renovieren - Abrissarbeiten,hshn-bwdi.eu,Home Sweet Home Neuburger
Bauen & Renovieren - Abrissarbeiten,makabau.de,MAKABAU
Bauen & Renovieren - Abrissarbeiten,bau-ab.de,Bauunternehmen Andre Bielefeld
Bauen & Renovieren - Abrissarbeiten,ggg-power.de,GGG
Bauen & Renovieren - Abrissarbeiten,muleb.de,MULEB - Ihr Dienstleistungsunternehmen
Bauen & Renovieren - Abrissarbeiten,alexanderottowerne.wix.com,Gala Bau Alexander Otto Werner
Bauen & Renovieren - Abrissarbeiten,g-renobau.de,G+ Renobau GmbH
Bauen & Renovieren - Abrissarbeiten,grstechnik.de,GRS Technik
Bauen & Renovieren - Abrissarbeiten,schulte-garten.de,Schulte Garten
Bauen & Renovieren - Abrissarbeiten,freudensprung.dienstleistungen.npage.de,Freudensprung Dienstleistungen Rund um Has und Garten
Bauen & Renovieren - Abrissarbeiten,speeddl.wb3.de,AS Dienstleistungen
Bauen & Renovieren - Abrissarbeiten,akkuratbauhalle.de,Akkurat Bau Halle/S. (Börkner+Heising GbR)
Bauen & Renovieren - Abrissarbeiten,baumahandel.de,Baumahandel und Dienstleistungen Kießling
Bauen & Renovieren - Abrissarbeiten,sperrmuell-berlin.com,Sperrmüll Berlin
Bauen & Renovieren - Abrissarbeiten,euro-transport-rassloff.de,m & M - Bau -rassloff
Bauen & Renovieren - Abrissarbeiten,entrumpelungen-koeln.de,A Entrümpler köln
Bauen & Renovieren - Abrissarbeiten,bautrans-riedel.npage.de,Bau & Transport Riedel
Bauen & Renovieren - Abrissarbeiten,dema-dienstleistungen.de,DEMA
Bauen & Renovieren - Abrissarbeiten,allrounder-nrw.de,Duisburger Allrounder
Bauen & Renovieren - Abrissarbeiten,scalar-dienstleistungen.de,Scalar-Dienstleistungen
Bauen & Renovieren - Abrissarbeiten,wiga-bauunternehmung.de,WiGa Bauunternehmung
Bauen & Renovieren - Abrissarbeiten,rc-handel-montage.de,RC HANDEL UND MONTAGE SERVICE
Bauen & Renovieren - Abrissarbeiten,staats-galabau.de,Staats Galabau
Bauen & Renovieren - Ausbesserungen,asm-do.de,allround service
Bauen & Renovieren - Ausbesserungen,r-rservice.de,R&R Service - Renovier- und Reparautservice
Bauen & Renovieren - Ausbesserungen,allroundservice-kircher.de,Fa. Kircher Stephan Allroundservice
Bauen & Renovieren - Ausbesserungen,mctischler.de,Sebastian Peltzer
Bauen & Renovieren - Ausbesserungen,mr-houseservice.de,MR.House Service
Bauen & Renovieren - Ausbesserungen,malerhartmann-landsberg.de,maler!hartmann  Meisterbetrieb
Bauen & Renovieren - Ausbesserungen,hg-gestaltung.de,H&G Gestaltung
Bauen & Renovieren - Ausbesserungen,frisco.npage.de,Holzschneider
Bauen & Renovieren - Ausbesserungen,mbd-gruppe.de,MBD Montage Gruppe
Bauen & Renovieren - Ausbesserungen,mibo-dienstleistung.de,MiBo-dienstleistung
Bauen & Renovieren - Ausbesserungen,malerbetrieb-prueger.de,Malerbetrieb Prüger
Bauen & Renovieren - Ausbesserungen,wmsteinmetz.de,WM Steinmetz
Bauen & Renovieren - Ausbesserungen,schacht-kanal-und-kellersanierung.de,E.Röser
Bauen & Renovieren - Ausbesserungen,homeservice-hamburg.com,HomeService Hamburg
Bauen & Renovieren - Ausbesserungen,raumgestaltunghess.oyla14.de,Raumgestaltung Hess
Bauen & Renovieren - Ausbesserungen,kempter-allrounder.com,Kempter-Allrounder
Bauen & Renovieren - Ausbesserungen,malerarbeiten-minden.de,"Oliver Nowotny Raumausstatter,Bodenleger&Bautrocknung"
Bauen & Renovieren - Ausbesserungen,malerundmehr.de.tl,Maler und mehr
Bauen & Renovieren - Ausbesserungen,dachsani.de,Petkevicius & Kiupel Gbr.
Bauen & Renovieren - Ausbesserungen,heimwerkernotdienst-schnabel.de,Heimwerkernotdienst Schnabel
Bauen & Renovieren - Ausbesserungen,nachbar-service.de,Nachbar-Service
Bauen & Renovieren - Ausbesserungen,siborow-industrieboden.de,Siborow Industrieboden
Bauen & Renovieren - Ausbesserungen,waldemar-krieger.eu,Waldemar Krieger
Bauen & Renovieren - Ausbesserungen,schweifel.de.tl,Schweifel
Bauen & Renovieren - Ausbesserungen,kleinunternehmer-berlin.de,www.kleinunternehmer-berlin.de
Bauen & Renovieren - Ausbesserungen,kr-gebauedeservice.de,K&R Gebäudeservice
Bauen & Renovieren - Ausbesserungen,paegers-dienste.de.to,Paegers Dienste
Bauen & Renovieren - Ausbesserungen,hausmeister-rsk.de,Haus & Garten
Bauen & Renovieren - Ausbesserungen,sos-baumarkt.at,sos-baumarkt
Bauen & Renovieren - Ausbesserungen,wdvsystem.de.tl,WDVSystembau
Bauen & Renovieren - Ausbesserungen,handwerkerservice.vpweb.de,ALLTEC
Bauen & Renovieren - Ausbesserungen,htgoersdorf.de,HT Görsdorf
Bauen & Renovieren - Ausbesserungen,malermoll.com,Maler Moll
Bauen & Renovieren - Ausbesserungen,workmanservice.de,Workmanservice
Bauen & Renovieren - Ausbesserungen,h-g-b-malerei.vpweb.de,Malerei Buschmann
Bauen & Renovieren - Ausbesserungen,lack-spanndecke.de,Decke unter Decke Shop
Bauen & Renovieren - Ausbesserungen,bsb-better-services.de,BSB better services Bremer UG (hb)
Bauen & Renovieren - Ausbesserungen,svenundmario.de,Hausmeister und Renovierungsservice
Bauen & Renovieren - Ausbesserungen,boden-alex.de,boden-alex
Bauen & Renovieren - Ausbesserungen,bauservice-mainz.info,Bauservice Mainz
Bauen & Renovieren - Ausbesserungen,hhs-lamm.de,Haus- und Hofservice
Bauen & Renovieren - Ausbesserungen,farbe-im-auge.de,Malerfachbeterieb Schlichting
Bauen & Renovieren - Ausbesserungen,maupe.beepworld.de,"Maler-u. Tapezierservice,Raum- u. Farbgestaltung,Beratung"
Bauen & Renovieren - Ausbesserungen,bildhauer-wunder.de,Bildhauerwerkstatt WUNDER
Bauen & Renovieren - Ausbesserungen,gebtech.de,Gebtech
Bauen & Renovieren - Ausbesserungen,maler-boltz.de,Boltz Malerfachbetrieb
Bauen & Renovieren - Ausbesserungen,stadtmaler.hamburg,Stadtmaler Hamburg
Bauen & Renovieren - Ausbesserungen,sun-baubetrieb.de,H&B SEVICE
Bauen & Renovieren - Ausbesserungen,decker-andreas.de,Decker Ausbau
Bauen & Renovieren - Ausbesserungen,dienstleistung-und-bueroservice.eu,Dienstleistung & Büroservice
Bauen & Renovieren - Ausbesserungen,wl-dienstleistungen.de.to,WL.Dienstleistungen
Bauen & Renovieren - Ausbesserungen,ihr-dienstleister.repage.de,Ihr Dienstleister
Bauen & Renovieren - Ausbesserungen,kegelbahn-kundendienst.de,Karlfried Appel
Bauen & Renovieren - Ausbesserungen,no-risc-company.com,Boy
Bauen & Renovieren - Ausbesserungen,fliesen-prigge.de,Fliesenlegerei Jens Prigge
Bauen & Renovieren - Ausbesserungen,jv-kreative.de,"Boden,-Wand,-Deckengestaltung"
Bauen & Renovieren - Ausbesserungen,uffis-hausservice.de,Uffis Montagebau & Hausservice
Bauen & Renovieren - Ausbesserungen,bauprofi-trockenbau.de,Saffri & Vertragspartner
Bauen & Renovieren - Ausbesserungen,maler-batur.ch,Malergeschäft Ivan Batur
Bauen & Renovieren - Ausbesserungen,horizont-objektservice.de,Horizont-Objektservice
Bauen & Renovieren - Ausbesserungen,baumservice-dummer.de,Baumservice Dummer
Bauen & Renovieren - Ausbesserungen,kalletal24.de,Handwerker-Service 24
Bauen & Renovieren - Ausbesserungen,steffen-grosspietsch.de,Malerfachbetrieb Großpietsch
Bauen & Renovieren - Ausbesserungen,trz-bautenschutz.de,HBS Trzeczak-GmbH
Bauen & Renovieren - Ausbesserungen,jansen-holztechnik.de,Jansen Holztechnik
Bauen & Renovieren - Ausbesserungen,sandimoglu.de,sandimoglu
Bauen & Renovieren - Ausbesserungen,kirchhoff-dachdecker.de,Dachdeckermeister Karsten Kirchhoff GmbH
Bauen & Renovieren - Ausbesserungen,aios-rs.de,Gebäudeservice AioS
Bauen & Renovieren - Ausbesserungen,mfb-sachmann.de,Erich Sachmann
Bauen & Renovieren - Ausbesserungen,slbau.beepworld.de,SL Bau
Bauen & Renovieren - Ausbesserungen,t-knorr-shop.de,Handwerksservice Knorr
Bauen & Renovieren - Ausbesserungen,f-ih.de,## FIH - Fertig + Massivhaus Renovierung ##
Bauen & Renovieren - Ausbesserungen,alexbauarbeiten.pl,Alex Bauarbeiten
Bauen & Renovieren - Ausbesserungen,norde-dev.de,Norde Development GmbH
Bauen & Renovieren - Ausbesserungen,dachdeckerei-ukena.de,Dachdeckerei Ukena
Bauen & Renovieren - Ausbesserungen,imokomet.de,Jobkomet
Bauen & Renovieren - Ausbesserungen,esders.net,Esders & Renaud Ltd. - die Komplettsanierer -
Bauen & Renovieren - Ausbesserungen,zelmer-stuck.de,Zelmer-Stuck
Bauen & Renovieren - Ausbesserungen,wohnumfeldverbessernde-massnahmen.de,DOC-DARMER Wohnumfeldverbessernde Maßnahmen
Bauen & Renovieren - Ausbesserungen,sanicreativo.de,Sanicreativo
Bauen & Renovieren - Ausbesserungen,ihs-luenen.de,IHS  L
Bauen & Renovieren - Ausbesserungen,fliesenverlegungkuhn.de,Fliesen & Mosaikverlegung Kuhn
Bauen & Renovieren - Baustelleneinrichtung,rapidbau.at,rapid bau kg
Bauen & Renovieren - Baustelleneinrichtung,elsterbau-stuttgart.de,Elster Bau
Bauen & Renovieren - Baustelleneinrichtung,fliesenstil.de,FliesenStil
Bauen & Renovieren - Baustelleneinrichtung,hsm-montageservice.de,HSM - Montageservice
Bauen & Renovieren - Bautrocknung,albe-gmbh.de,ALBE GmbH
Bauen & Renovieren - Bodenbeläge,rob-bau.de,www.rob-bau.de
Bauen & Renovieren - Bodenbeläge,star-farben.de,star-farben
Bauen & Renovieren - Bodenbeläge,schubis-dienstleistungen.de,Schubis-Dienstleistungen
Bauen & Renovieren - Bodenbeläge,dg-fussbodenbau.de,Dg Fußbodenbau
Bauen & Renovieren - Bodenbeläge,arbeiten-im-haus.de,AIH-Kevelaer
Bauen & Renovieren - Bodenbeläge,henschelbau-sanierungsservice.ibk.me,HenschelBau- Sanierungsservice
Bauen & Renovieren - Bodenbeläge,trobajo.de,Trobajo
Bauen & Renovieren - Bodenbeläge,bts-laden-messe-trockenbau.vpweb.de,B T S Laden-/Messe-/Trockenbau
Bauen & Renovieren - Bodenbeläge,claus-lins.de,CL HANDWERKSBETRIEB
Bauen & Renovieren - Bodenbeläge,homeier-makus.de,Homeier + Makus GmbH
Bauen & Renovieren - Bodenbeläge,eroprofile.com,Alphateam
Bauen & Renovieren - Bodenbeläge,jelo-dienstleistung.de,JeLo Dienstleistung
Bauen & Renovieren - Bodenbeläge,malersteinkamp.de,m a l e r  |  s t e i n k a m p
Bauen & Renovieren - Bodenbeläge,heumann-mitwitz.de,Heumann
Bauen & Renovieren - Bodenbeläge,js-bodenleger.de,JS-Bodeleger & Raumasstatter
Bauen & Renovieren - Bodenbeläge,hgs-hunger.de,Hunger Haus- & Grundstücksservice
Bauen & Renovieren - Bodenbeläge,baudienstleistungen-mk.de,H&G Service
Bauen & Renovieren - Bodenbeläge,maler-schwamborn.de,Malerbetrieb Schwamborn
Bauen & Renovieren - Bodenbeläge,malerfachbetrieb-schwamborn.de,Malerbetrieb Raum & Farben Schwamborn
Bauen & Renovieren - Bodenbeläge,mein-dsb.de,DSB STADE
Bauen & Renovieren - Bodenbeläge,viklen.de,Viklen GmbH
Bauen & Renovieren - Bodenbeläge,michael-closca-trockenbau.jimdosite.com,Closca Bau
Bauen & Renovieren - Bodenbeläge,m-dede.de,M-Dede GmbH
Bauen & Renovieren - Bodenbeläge,niwobau.de,NiWoBau GmbH
Bauen & Renovieren - Bodenbeläge,raumausstatter-m-s.de,Raumausstatter Sascha Müller
Bauen & Renovieren - Bodenbeläge,firmabodewig.de,Bodewig Maler-Dienstleistung
Bauen & Renovieren - Bodenbeläge,dmb-schmidt.de,DMB-Schmidt
Bauen & Renovieren - Bodenbeläge,mg-gestaltung.de,Matthias Gebhardt
Bauen & Renovieren - Bodenbeläge,vundd-trockenbau.vpweb.de,V&D Trockenbau
Bauen & Renovieren - Bodenbeläge,granit-weber.de.to,Granit Weber
Bauen & Renovieren - Bodenbeläge,hulutag.blogspot.com,Selbständig
Bauen & Renovieren - Bodenbeläge,ide-service.de,IDE-Service
Bauen & Renovieren - Bodenbeläge,roehnbau-meisterbetrieb.de,Röhnbau Meisterbetrieb
Bauen & Renovieren - Bodenbeläge,malermeister-lehmacher.de,Maler Lehmacher
Bauen & Renovieren - Bodenbeläge,agprojekt.de,AG Projekt GmbH
Bauen & Renovieren - Bodenbeläge,fliesen-kleinhenz.de,fliesen kleinhenz
Bauen & Renovieren - Bodenbeläge,recofloor.de,RecoFloor GmbH & Co. KG
Bauen & Renovieren - Bodenbeläge,meikroemer.de,Baudienstleistung Römer
Bauen & Renovieren - Bodenbeläge,maler-beiker.de,Malermeister Rüdiger Beiker
Bauen & Renovieren - Bodenbeläge,brothan.de,Brothan Maler- & Lackierermeister
Bauen & Renovieren - Bodenbeläge,fachmannfarbe.de,Fachmann Farbe GmbH Malerfachbetrieb
Bauen & Renovieren - Bodenbeläge,fliesenkoller.de,Fliesenfachgeschäft Josef Koller
Bauen & Renovieren - Bodenbeläge,sermon.gmbh,Sermon GmbH
Bauen & Renovieren - Bodenbeläge,bras-berlin.de,Bras-Berlin
Bauen & Renovieren - Bodenbeläge,derfarbschlurf.de,Malermeister André  Lieckfeldt
Bauen & Renovieren - Bodenbeläge,eifel-renovierung.de,Eifel Renovierung - Michael Siemer
Bauen & Renovieren - Bodenbeläge,gebaeudemanagementschaeffergbr.de,Gebäudemanagement Schäffer GbR
Bauen & Renovieren - Bodenbeläge,holztechnik-palmer.de,Holztechnik Palmer
Bauen & Renovieren - Bodenbeläge,merzuwe.oyla.de,Merz Landschafts und Gartenbau
Bauen & Renovieren - Bodenbeläge,tiptop-renovierung-muenchen.de,AD-BAU UG
Bauen & Renovieren - Bodenbeläge,sater-bau.de,S.F.Sater-Bau GmbH
Bauen & Renovieren - Bodenbeläge,deniskarg-fliesenverlegung.de,eurofliesentechnik
Bauen & Renovieren - Bodenbeläge,dienstleistungen-duwe.de,Raumgestaltung Dennis Duwe
Bauen & Renovieren - Bodenbeläge,stein-teppich.com,KS Oberflächentechnik
Bauen & Renovieren - Bodenbeläge,top-sanierung-muenchen.de,LSB Läritz System Bau GmbH
Bauen & Renovieren - Bodenbeläge,bodensee-dienstleistungen-koenig.biz,bodensee-dienstleistungen
Bauen & Renovieren - Bodenbeläge,malereibaumeister.eu,Malerei Baumeister
Bauen & Renovieren - Bodenbeläge,waldflkiese.de,Richard Wald Trockenbau Boden Wandbeläge Ltd.
Bauen & Renovieren - Bodenbeläge,gehrmann-oez.de,Bauprodukte Öz
Bauen & Renovieren - Bodenbeläge,malereibetrieb-mcpherson.de,Malereibetrieb McPherson
Bauen & Renovieren - Bodenbeläge,malerzuka.de,Maler R.Zuka
Bauen & Renovieren - Bodenbeläge,ropro-dienstleistungen.de,RoPro-DIenstleistungen
Bauen & Renovieren - Bodenbeläge,riwo-commerce.com,RIWO Commerce
Bauen & Renovieren - Bodenbeläge,mueller-lehrte.de,Clemens Müller Malermeister
Bauen & Renovieren - Bodenbeläge,klecksundpinsel.beepworld.de,Klecks und Pinsel
Bauen & Renovieren - Bodenbeläge,gratis-webserver.de,KS Kompetenz am Bau
Bauen & Renovieren - Bodenbeläge,zimmerei-rupsch.de,ZIMMEEI RUPSCH
Bauen & Renovieren - Bodenbeläge,bblorsch.com,BBLorsch GmbH ug
Bauen & Renovieren - Bodenbeläge,malerfachbetriebschaefer.de,Malerfachbetrieb Schäfer
Bauen & Renovieren - Bodenbeläge,kuhn-service-betrieb.de,Kuhn Service Betreb
Bauen & Renovieren - Bodenbeläge,montage-reparatur.de,Loose & Leischner
Bauen & Renovieren - Bodenbeläge,eurobuildhungary.hu,Eurobuild Hungary Team Kft.
Bauen & Renovieren - Elektrik & Elektronik,pabeloclean.de,Pabeloclean
Bauen & Renovieren - Elektrik & Elektronik,24h-schlossdienst.de,"""Der Schlüsseldienst Max"" 24-Std-Servicerufnummer Tresortechnik Schließanlagen e.K."
Bauen & Renovieren - Elektrik & Elektronik,sits-dresden.de,SITS-Dresden IT Service und Veranstaltungstechnik
Bauen & Renovieren - Elektrik & Elektronik,svs-funk.com,SVS Nachrichtentechnik GmbH
Bauen & Renovieren - Elektrik & Elektronik,laska.energy,Laska
Bauen & Renovieren - Elektrik & Elektronik,indsci.de,Industrial Scientific Deutschland GmbH
Bauen & Renovieren - Elektrik & Elektronik,st-friedrich.com,Friedrich-Steuerungstechnik
Bauen & Renovieren - Elektrik & Elektronik,customlight.de,customlight
Bauen & Renovieren - Elektrik & Elektronik,s-c-e.eu,S-C-E-Schmidt
Bauen & Renovieren - Elektrik & Elektronik,eleven-ih.com,eleven intelligent homes
Bauen & Renovieren - Elektrik & Elektronik,czech-install.de,czech-install
Bauen & Renovieren - Elektrik & Elektronik,esu.de,ESU Sicherheits & Dienstleistungsmanagement Gmbh
Bauen & Renovieren - Elektrik & Elektronik,bulcom.de,Bulcom GmbH
Bauen & Renovieren - Elektrik & Elektronik,ees-service.de,EES-Service
Bauen & Renovieren - Elektrik & Elektronik,uweroggensack.de,Uwe Roggensack
Bauen & Renovieren - Kanalarbeiten,hofmeister-haus-und-garten.de,Hofmeister Haus-/Gartenservice
Bauen & Renovieren - Kanalarbeiten,gartenjunge.de,gartenjunge
Bauen & Renovieren - Klima & Lüftung,klimaanlagen-becker.de,BS U.Becker
Bauen & Renovieren - Laden & Messebau,tischlerdonath.vpweb.de,Tischlerdonath
Bauen & Renovieren - Laden & Messebau,brenox.de,Brenox
Bauen & Renovieren - Rohbau,bauunternehmen-kamuf.de,Bauunternehmen NFK
Bauen & Renovieren - Rollläden,wigards.de,WIGARDs-Partner
Bauen & Renovieren - Rollläden,akon.biz,Akon GmbH
Bauen & Renovieren - Solarthermie,isarsolar.de,Isarsolar
Bauen & Renovieren - Sonstiges,shop.schaubundsohn.de,Schaub und Sohn GbR
Bauen & Renovieren - Sonstiges,waermedaemmexperte.de,Grozema GmbH
Bauen & Renovieren - Sonstiges,immobilien-nord-zypern.eu,BelleReve Immobilien Aydin Rassol
Bauen & Renovieren - Sonstiges,bauplantec.de,"BauPlanTec - BauSachverständige (TÜV), Ingenieure und Planer"
Bauen & Renovieren - Sonstiges,die-helfende-hand-im-vogelsberg.de,Die helfende Hand im Vogelsberg
Bauen & Renovieren - Sonstiges,tdservice.beepworld.de,TDS
Bauen & Renovieren - Sonstiges,gebaeudeversicherungen-vergleich.com,Gebäudeversicherung Vergleich
Bauen & Renovieren - Sonstiges,bsw-kamine.de,bsw-Kamine
Bauen & Renovieren - Sonstiges,xn--schlsselnotdienst-leipzig-iwc.de,Schlüsseldienst Leipzig
Bauen & Renovieren - Sonstiges,bossmann-augsburg.de,Bossmann GmbH
Bauen & Renovieren - Sonstiges,kernbohrung-beton-saegen.de,BST-K Kreutner – Betonbohr- und Sägetechnik Christian Kreutner
Bauen & Renovieren - Sonstiges,mt-ing.de,MT Ingenieure GmbH
Bauen & Renovieren - Sonstiges,rund-ums-haus-saar.de,Rund ums Haus
Bauen & Renovieren - Sonstiges,bildhauerei-eger.com,Bildhauerei Eger
Bauen & Renovieren - Sonstiges,yapool.de,Haus- und Schwimmbadtechnik Mauksch GmbH
Bauen & Renovieren - Sonstiges,spanndeckenberlin24.de,Spanndecken Berlin 24
Bauen & Renovieren - Sonstiges,flachs-bau.de,Flachs Bau (Bauunternehmung) Stuttgart
Bauen & Renovieren - Sonstiges,cerdo-fachwerkhaus.de,cerdo Fachwerkhaus
Bauen & Renovieren - Sonstiges,schluesselzentrale-24.de,Schlüsseldienst Frings/ Schluesselzentrale-24
Bauen & Renovieren - Straßenbau,bau-service-schroeder.de,Bau Service Schröder GbR
Baugerüst / Gerüstbau,roehrer.de,Markus Röhrer
Baugerüst / Gerüstbau,eckstein-maler.de,Oliver Eckstein
Baugerüst / Gerüstbau,fixgmbh.de,Fix Container Service GmbH
Baugerüst / Gerüstbau,gipser-herrmann.de,Gipser- und Stuckateurbetrieb Herrmann
Baugerüst / Gerüstbau,gross-stuckateur.de,Gross GmbH & Co. KG
Baugerüst / Gerüstbau,maler-erb.de,Markus Erb
Baugerüst / Gerüstbau,stuckateur-single.de,H. Single GmbH
baumschulen,preiss-gartencenter.de,Preiss-Gartencenter GmbH
bausachverstaendiger,bau-messtechnik.de,Kreher und Lindner GbR
bausachverstaendiger,grundriss-butler.de,Butlerium GmbH
bausachverstaendiger,hauskaufhilfe.de,Hilfe beim Hauskauf durch Immobilien Gutachter
bausachverstaendiger,gutachter-metzger.de,Sachverständigenbüro H.Metzger
bausachverstaendiger,gutachter-reisinger.de,Sachverständiger für die Bewertung von Immobilien
bausachverstaendiger,sv-kirchner.com,Gutachter Dipl.-Ing.Kirchner
bausachverstaendiger,bau-sv-schneider.de,Bausachverständiger Falk Schneider
bausachverstaendiger,bau-sach-verstand.de,Bau Sach Verstand e.V.
bausachverstaendiger,bsv-kutschki.de,Bausachverständiger Thomas Kutschki
bausachverstaendiger,rensinghoff-baugutachter.de,Sachverständigenbüro - Jörg Rensinghoff
bausachverstaendiger,bauexperts-koeln.de,Bauexperts Sachverständigengesellschaft mbH
bausachverstaendiger,bauwesen-gutachten.de,Sachverständigen & Maklerbüro Finest Solution GmbH
bausachverstaendiger,d-s-b-berlin.de,D-S-B Körner & Partner GmbH
bausachverstaendiger,bausanierung-hannover.com,Ingenieurbüro Müller - Bausachverständiger  -AltbauSanierung - Trockenbau
bausachverstaendiger,harald-laudenberg.de,Sachverständiger und Baugutachter für das Dachdeckerhandwerk
bausachverstaendiger,bft-cognos.de,BFT Cognos GmbH - Gesellschaft für Sachverständigenwesen
bausachverstaendiger,baugutachter-immobilienbewertung.de,Galant GmbH
bausachverstaendiger,grundwert-gutachten.de,Immobilien Freiburg
bausachverstaendiger,schimmelpilzgutachter.net,Hannes GmbH - Schimmelpilzgutachter-Sachverständigenbüro für Bauschäden und Feuchtigkeitsschäden
Bautätigkeiten,bauservice-kuck.de,Enrico Kuck
berufsgenossenschaft,bg-verkehr.de,Berufsgenossenschaft für Transport und Verkehrswirtschaft
berufsgenossenschaft,bgrci.de,Berufsgenossenschaft Rohstoffe und chemische Industrie
berufsgenossenschaft,bghm.de,Berufsgenossenschaft Holz und Metall
berufsgenossenschaft,bgbau.de,BG der Bauwirtschaft: Sicherheit und Gesundheit bei der Arbeit
berufsgenossenschaft,bgn.de,Berufsgenossenschaft Nahrungsmittel und Gastgewerbe (BGN)
berufsgenossenschaft,vbg.de,Verwaltungs- Berufsgenossenschaft (VBG)
berufsgenossenschaft,bghw.de,Berufsgenossenschaft Handel und Warendistribution
berufskleidung,firstwear.de,Individuelle Berufsbekleidung  - FirstWear GmbH
berufskleidung,gueldi.de,GÜLDI MODEN GmbH
berufskleidung,kentandshark.com,KENT@SHARK Herrenmode in allen Größen
berufskleidung,grete-rommel.de,Wäscherei Grete Rommel GmbH
berufskleidung,worker-ffo.de,Worker Berufsbekleidung - Inh. Frank Freudiger
berufskleidung,fireliner.ch,Fireliner® GmbH
berufskleidung,hoiss-stickerei.de,Stickerei - Textilduck - Computerstickerei Hoiß Ihr textiler Werbepartner
berufskleidung,cf-enge.de,C.F. Enge Berufsbekleidung
berufskleidung,taeubner-arbeitskleidung.de,ABS Täubner GmbH
berufskleidung,dederichs-gmbh.de,Dederichs GmbH
berufskleidung,kraftstoff-fashion.de,KRAFTSTOFF Fashion GmbH
berufskleidung,octavio-shop.com,Octavio Arbeitsschutz
berufskleidung,berufsbekleidung-gosda.de,Gosda  Berufsbekleidung und Arbeitsschutz
berufskleidung,wolfinger-online.com,Wolfinger Berufskleidung Partner für Berufsbekleidung
berufskleidung,gsg-schutzkleidung.de,Geilenkothen Fabrik für Schutzkleidung GmbH
berufskleidung,dbl-richter.de,Richter Textilservice GmbH
berufskleidung,berufskleidung-baum.de,Berufskleidung Baum
berufskleidung,weisstex.de,Weiss Tex GmbH in Miltenberg
berufskleidung,berufsbekleidung-frech.de,Berufsbekleidung Frech
berufskleidung,cginternational.de,Berufsbekleidung für Hotel & Gastronomie - CG International GmbH
berufskleidung,dieckhoff-textil.de,Dieckhoff Textilsysteme - Karl Dieckhoff GmbH & Co. KG
berufskleidung,berufsbekleidung-no96.de,Berufsbekleidung No 96 - Frank Schubert
berufskleidung,der-berufsbekleider.de,Der Berufsbekleider
berufskleidung,ts-ilse.de,Textil-Service ILSE GmbH
berufskleidung,xn--wscherei-bchele-0kb13b.de,Wäscherei Büchele GmbH & Co.KG
berufskleidung,katrins-intex.de,KATRIN`s INTEX & KLAMOTTCHEN
berufskleidung,waeschekoenig.de,WAESCHEKOENIG GmbH & Co. KG
berufskleidung,sodias.de,SODIAS GmbH
berufskleidung,berufskleidung-marx.de,Berufskleidung Marx
berufskleidung,kipper-industriebedarf.de,Kipper Industriebedarf und Arbeitsschutzkleidung
berufskleidung,miettextilien.de,Textilservice Liebhardt GmbH & Co.KG
berufskleidung,wetterschutz.de,Friedrich GmbH - Die Wetterschutz Profis
berufskleidung,heinzelmaennchen-gmbh.de,Heinzelmännchen Wäscheservice & Hausdienstleistungsgesellschaft mbH
berufskleidung,ass-steiner.de,Peter Steiner Berufsbekleidung - Wir ziehen Profis an!
berufskleidung,waescherei-schulz.de,Wäscherei Schulz Ludwigsburg
berufskleidung,working-dress.com,"Working Dress - Berufsbekleidung, Berlin, Brandenburg"
berufskleidung,schaefer-mietwaesche.de,Schäfer Mietwäsche Service GmbH
berufskleidung,cws.com,CWS-boco International GmbH
berufskleidung,dns-alpha.com,DNS Alpha - Development Never Stops Alpha EMEA GmbH
berufskleidung,homfeldt-pw.de,Homfeldt promotion- & workwear - Marc Homfeldt
berufskleidung,holfeldergmbh.de,Holfelder GmbH - Textilstickerei - Werbeartikel - Berufsbekleidung
berufskleidung,geiger-textil.de,Geiger Textil GmbH
berufskleidung,berufskleidung-detmold.de,ABO-Berufskleidung - Nico Garkisch
berufskleidung,arbeitskittel.de,CM-Berufskleidung
berufskleidung,waescherei-diener.de,Wäscherei Diener GmbH & Co. KG
berufskleidung,bruns-berufsmode.de,Bruns Berufsmode seit 1896 - Gerhard Bruns GmbH & Co. KG
berufskleidung,waesche-service-rieger.de,Wäscheservice Rieger
berufskleidung,textilmietservice-blache.de,Textilmietservice Blache GmbH & Co. KG
berufskleidung,ring-textilservice.de,Ring-Textilservice GmbH
berufskleidung,stickerei-gretsch.de,Stickerei Gretsch- Berufsbekleidung- und Ausstattung-Bussinesbekleidung.......
berufskleidung,elista-handel.de,Elista-Berufsbekleidung
berufskleidung,berufsbekleidung-wagenknecht.de,FAS Dieter Wagenknecht - Arbeitskleidung Shop
berufskleidung,formtex-asl.de,FORMTEX ASL GmbH
berufskleidung,berufsbekleidung-walter.de,Berufsbekleidung Walter
berufskleidung,admiral.de,Admiral - Objekt Wäsche und Arbeitskleidung GmbH
berufskleidung,berufsbekleidung-abg.de,Berufsbekleidung & Stickerei Bärbel Günther
berufskleidung,k-z-w.de,Kreuznacher Zentralwäscherei GmbH & Co. Mietwäsche KG
berufskleidung,bim.de,BIM Textil Service GmbH
berufskleidung,udos-drugstore.de,Udo´s Drugstore
berufskleidung,co-fa.shop,Corporate Fashion GmbH
berufskleidung,regenwarenhaus.de,Regenwarenhaus
berufskleidung,gummikoch.de,Gummi-Koch GmbH - Fachgroßhandlung
berufskleidung,dresscue.de,DRESSCUE GmbH - Corporate Fashion by DRESSCUE
berufskleidung,conceptwear.de,Concept Wear Imagebekleidung - Concept Wear - Kerps/Domke GbR
berufskleidung,berufsmode-saeger.de,Berufsmode Saeger - Inh. Rainer Pöstges
berufskleidung,werkstoff.de,Werkstoff GmbH
berufskleidung,berufskleidung-rauch.de,Berufskleidung Rauch - Arbeits und Sicherheitskleidung
berufskleidung,pleier24.de,Berufsbekleidung Pleier GmbH & Co. KG
berufskleidung,systemservice.de,Gafner Systemservice GmbH
berufskleidung,hitz-textilien.de,Johann Hitz GmbH – Textile Dienstleistungen
berufskleidung,alsco.de,Alsco Berufskleidungs-Service GmbH
berufskleidung,stickliesel.de,Stickliesel - Stickerei & Berufsbekleidung
berufskleidung,urzinger.de,Urzinger Textilmanagement
berufskleidung,berufskleidung-hofsommer.de,Berufskleidung Hofsommer
berufskleidung,dielatzhose.de,Die Latzhose Manfred Domin e.K.
berufskleidung,gs-workfashion.de,GS Workfashion - GS Solutions GmbH
berufskleidung,masterdress.de,masterdress Berufskleidung GmbH
berufskleidung,hb-online.com,HB Protective Wear GmbH & Co. KG
berufskleidung,servomat.de,SERVOMAT MIOSGA GMBH
berufskleidung,cklenk.de,Klenk GmbH Großwäscherei
berufskleidung,ims-workwear.de,"I.M.S. WORKWEAR GmbH  innovativ, markant stark!"
berufskleidung,dbl-kotzenberg.de,Kotzenberg Textilservice GmbH
berufskleidung,corpdress.de,CORPDRESS GMBH
berufskleidung,larose.de,LAROSÉ GmbH
berufskleidung,berufsbekleidung-katzmann.com,Berufsbekleidung-Katzmann-GmbH
berufskleidung,wir-sind-ullmer.de,ullmer GmbH & Co. KG
berufskleidung,bardusch.com,bardusch GmbH & Co. KG - Textilservice
berufskleidung,diemietwaesche.de,dmw - diemietwaesche.de gmbh + co. kg
berufskleidung,mewa.de,MEWA Textil-Service AG & Co. Management OHG
berufskleidung,buddy-workwear.de,Buddy Workwear Manufaktur by Bruns + Debray GmbH
berufskleidung,berufsbekleidung-gahlen.de,Albert Gahlen Fachgeschäft für Berufsbekleidung e.K.
berufskleidung,scherr-fachhandel.de,Scherr Fachhandel GmbH
berufskleidung,waescherei-carow.de,Wäscherei Carow GmbH & Co. KG
berufskleidung,de.elis.com,Elis Group Services GmbH
berufskleidung,busse-th.de,Busse Technischer Großhandel GmbH & Co.
berufskleidung,berufsbekleidung-btu.de,BTU Ritzel Berufsbekleidung GmbH
Bewertungen,gtueaachen.de,Kremer u. Reismann Sachverständigenbüro Kfz
Bilder u. -rahmen,carina-lapp.de,Lapp Carina
bildhauer,faig.de,Steinmetzbetrieb - Karl Faig GmbH - Steinmetz seit 1860
bildhauer,stein-kraemer.de,Stein Krämer
bildhauer,die-stein-werkstatt.de,Albrecht Velte GmbH - Steinmetzwerkstätte
bildhauer,marmor-hoelker.de,Bernd Hölker Gocher Marmorwerk
bildhauer,axel-pawella.de,Axel Pawella Steinmetzmeister
bildhauer,steinwelt-wagner.de,Steinwelt Sebastian Wagner
bildhauer,steinmetz-reusch.de,STEINMETZBETRIEB M. Reusch & Sohn
bildhauer,steinmetz-krieg.de,Steinmetzbetrieb - Bildhauerei - Steinmetz-Krieg e. K.
bildhauer,steinmetz-roese.de,Ihr zuverlässiger Steinmetz-Betrieb - Roese Steinmetz
bildhauer,birgit-stauch.de,Bildhauerin Birgit Stauch
bildhauer,bildhauereidopp.de,Steinmetz und Bildhauerei Dopp
bildhauer,melior-partner.de,Melior & Partner GmbH Potsdam
bildhauer,corinnabraun.de,Corinna Braun Holzbildhauerin
bildhauer,stuckateur-weidner.de,Stuckateur Weidner
bildhauer,metamatik.de,Kinetische Kunst
bildhauer,tombrink-steinmetz.de,Tombrink - Steinmetz & Bildhauerei
bildhauer,bildhauer-k.de,Bildhauermeister Stefan Königsfeld
bildhauer,meyer-staudt.de,STEINMETZ UND BILDHAUER F. MEYER/ STAUDT DÜSSELDORF
bildhauer,bergmann-restaurierung.de,Bergmann-Restaurierung
bildhauer,gestaltunginholz.de,Holzgestaltung Jörg Hille
bildhauer,prosenc.de,Steinbildhauerei Prosenc
bildhauer,steinmetz-freyer.de,Steinmetz Freyer - Steinmetz- und Steinbildhauermeister
bildhauer,steinmetz-simons.de,Steinmetzwerkstätten Simons
bildhauer,steinmetz-schleich.de,Steinmetz Matthias Schleich
bildhauer,stefan-lutterbeck.de,Bildhauerwerkstatt Stefan Lutterbeck
bildhauer,steinmetz-schlueter.de,Steinmetz Werner Schlüter GmbH & Co. KG
bildhauer,holzschnitzereien-roesch.de,Holzschnitzereien Rösch
bildhauer,steinmetz-boese.de,Ihr Steinmetz in Rheine – Christoph Böse e.K.
bildhauer,steinmetz-rudolph.de,Steimetz  Hermann Rudolph
bildhauer,oehler-steinmetz.de,Steinmetz- & Bildhauermeister Dietrich Oehler
bildhauer,reutter-steinmetz.de,Reutter Steinmetz & Bildhauer Meisterbetrieb
bildhauer,max-schramm.de,www.max-schramm.de
bildhauer,grabstein-seidl.de,Grabstein Seidl Steinmetz und Bildhauerbetrieb e.K.
bildhauer,steinmetz-pommer.de,Steinmetz- und Bildhauerbetrieb Uwe Pommer
bildhauer,anno-walk.de,Anno Walk GmbH & Co. KG - Steinbildhauerei
bildhauer,steinmetz-willnat.de,Steinmetz Willnat & Rußwurm GbR - Hildburghausen
bildhauer,steinmetz-krott.de,Fachbetrieb für Qualiät im Steinhandwerk - Steinmetz Krott
bildhauer,marmor-esser.de,Marmor Esser GmbH & Co. KG
bildhauer,vieth.der-rote-hahn.de,Feuer und Stein Vieth - Wilhelm Vieth Inh. Benedikt Vieth
bildhauer,vangils-steinmetz.de,Thorsten van Gils  - Steinmetz Meisterbetrieb
bildhauer,stilvolle-grabsteine.de,Stilvolle Grabsteine
bildhauer,steinmetzbetriebe-berns.de,Steinmetzbetriebe BERNS GmbH
bildhauer,steinbildhauermeisterin.de,Steinmetzmeisterin  Christiane Hellmich
bildhauer,steinmetzwerkstatt-kops.de,Steinmetzmeister Andreas Kops
bildhauer,kaikandziora.de,Kai Kandziora  -  KulturBildhauer
bildhauer,steinmetz-katz.de,Heiner Katz Steinmetzbetrieb
bildhauer,henning-wirtz.de,Steinmetzbetrieb Henning Wirtz
bildhauer,grabmalkultur.de,Stein- und Bildhauerei Jörg Hahn
bildhauer,steinnus.de,Steinmetz Köln – Johann Steinnus Steinmetz
bildhauer,seibertsteintechnik.de,Seibert Steinmetz Steintechnik GmbH
bildhauer,steinmetz-peduzzi.de,Karl Peduzzi Steinmetz und Steinbildhauer
bildhauer,steinmetz-probst.de,Steinmetz Probst
bildhauer,steinmetzhoppe.de,Steinmetz-Restaurator-Roth - Inh. Anselm Hoppe
bildhauer,schwierenstein.de,Der Schwierenstein . Granit- und Grabsteinwerkstätten
bildhauer,marmordaume.de,Marmor Daume GmbH - Natürlich aus Stein
bildhauer,grabstein-eckstone.de,Grabstein-Eckstone GmbH
bildhauer,steinmetz-schwarz.de,Steinmetzbetrieb Johann Schwarz
bildhauer,mein-steinzeichen.de,Mein Steinzeichen - Sabrina Rassbach
bildhauer,steinmetz-schreiter.com,SteinmetzAtelier Schreiter Inh: Ulrich Zacharzewski e.K.
bildhauer,kuhn-neuss.de,Steinbildhauerei Kuhn Inh. Harald Kuhn
bildhauer,fuchs-grabmalkunst.de,FUCHS Grabmalkunst GmbH & Co. KG
bildhauer,steinbildhauerei-wirtz.de,Steinbildhauerei Wirtz
bildhauer,bartscher-wortmann.com,Bartscher & Wortmann GmbH
bildhauer,koelner-dombauhuette.de,Dombauhütte Köln
bildhauer,g-granit.de,G-GRANIT - Inh. GREGOR MATHIAS PETRYSZYN
bildhauer,steinmetz-kempter.de,Ulrich Kempter-Kaim Steinmetz- und Steinbildhauermeister
bildhauer,steinmetz-schulte.de,Steinmetzbetrieb Schulte
bildhauer,marmor-wahl.de,Steinmetzbetrieb Stefan Wahl
bildhauer,steinmetz-roelle.de,Steinmetzbetrieb Andreas Rölle
bildhauer,probstundschroeder.de,Steinmetzgeschäft Probst & Schröder GmbH & Co. KG
bildhauer,steinmetz-huber.de,Steinmetz Huber GmbH
bildhauer,lenfers-heek.de,Lenfers Steinmetz & Restaurierungsbetrieb GbR
bildhauer,windeln-rademacher.de,Windeln-Rademacher GmbH - Heinsberg
bildhauer,bildhauer-engel.de,Bildhauer Søren Engel
bildhauer,bergland.it,Bergland Holzschnitzereien Gardena Südtirol
bildhauer,heinholzbild.de,Holzbildhauermeister
bildhauer,steinmetz-dohr.de,Steinmetzwerkstatt Frank Dohr
bildhauer,grundstein-gmbh.com,Grabmalkunst - Grundstein GmbH
bildhauer,steinbildhauerei-duechting.de,Steinbildhauerei Düchting in Soest
bildhauer,meistersteine-berghoff.de,"Ulrich Berghoff, Steinmetz in Aachen"
bildhauer,steinmetz-georges.de,Georges Steinmetzbetrieb GmbH & Co. KG
bildhauer,euler-marmor-grabstein.de,Herzlich willkommen bei der Euler Marmor GmbH
bildhauer,itter.de,Itter Natur- und Betonwerkstein GmbH
bildhauer,steinmetz-hw.de,Steinmetz Hans Wagner
bildhauer,evelt.de,"Steinmetz Evelt, Individuelle Grabsteine aus Rheine"
bildhauer,steinmetz-hildebrandt.de,Steinmetz Hildebrandt GmbH
bildhauer,steinmetz-illenberger.de,www.steinmetz-illenberger.de- Der Steinmetz aus Steinweiler
bildhauer,vanhuet-weber.de,Van Huet & Weber GmbH
bildhauer,wennemer.com,Wennemer GmbH – Restaurierung Bildhauerei Steinmetzbetrieb
bildhauer,herrgottschnitzer.de,Herrgottschnitzer von Bodenmais
bildhauer,marmor-kemmann.de,Steinmetz Marmor Kemmann GmbH
bildhauer,steinbildhauerei-asbeck.de,Steinbildhauerei Frank Asbeck GmbH
bildhauer,steinmetz-scheben.de,Steinmetzbetrieb Norbert Scheben
bildhauer,artelier.de,ARTelier - Bildhauerei und plastische Kunst
bildhauer,steinmetz-maslo.de,Wulf Maslo Steinmetzarbeiten
bildhauer,gregor-rasch.de,Gregor Rasch GmbH
bildhauer,grabdenkmale-scheefer.de,Grabdenkmale Scheefer - Beate Scheefer
bildhauer,puntigam.de,"Stefan Puntigam, Steinmetz- und Steinbildhauermeister"
bildhauer,steinmetz-hampel.de,Steinmetz Stefan Hampel
bildhauer,josef-weiler.de,Josef Weiler & Sohn GmbH - Weiler bringt Stein in Form
bildhauer,steinmetz-weiher.de,Steinmetz Weiher GmbH
bildhauer,der-holzbildhauer.de,Der Holzbildhauer
bildhauer,patrick-kielmann.de,Steinbildhauerei Patrick Kielmann
bildhauer,granitwerk-suess.de,Granitwerk Süß
bildhauer,steinerei.net,Steinerei Kortmann
bildhauer,steinsache.de,Steinmetzbetrieb Jan Billerbeck
bildhauer,carl-schuett-sohn.de,Carl Schütt und Sohn GmbH
bildhauer,rainerkuehn.de,Hochwertige Grabsteine - RAINER KUEHN Individuelle Grabsteine
bildhauer,steinmetz-scholz.de,teinmetzmeister Karsten Scholz
bildhauer,marmor-friedrich.de,Marmor Friedrich GmbH
bildhauer,steinmetzwerkstatt-bader.de,"Elke Bader * Steinmetz, Bildhauerin im Allgäu"
bildhauer,steinmetz-fluthwedel.de,Steinmetz Thomas Fluthwedel
bildhauer,lithokomm.de,Lithokomm
bildhauer,steinmetz-wiedenmann.de,Steinmetz Wiedenmann GmbH & Co. KG
bildhauer,steinmetz-bildhauer-gelsenkirchen.de,Steinmetzmeister und Bildhauer Martin Künne
bildhauer,steinmetzbetrieb-hirschberger.de,Steinmetz Hirschberger GmbH
bildhauer,steinmetzhoff.de,Steinmetzbetrieb F. Matthias Hoff
bildhauer,atelierlatzke.com,Atelier Latzke
bildhauer,bildhauer-droll.de,Bildhauer Joachim G. Droll
bildhauer,gregor-schulte.de,Gregor Schulte - Steinmetz- und Steinbildhauermeister
bildhauer,grabdenkmale-lenges.de,Grabdenkmale Lenges
bildhauer,steinmetz-horn.de,Ronny Horn Steinmetz- & Bildhauermeister
bildhauer,kusser.com,Kusser Granitwerke GmbH
bildhauer,frechenstein.de,Frechen Stein oHG
bildhauer,holzbildhauerwerkstatt.de,Holzbildhauermeister Hubert Janson
bildhauer,steinmetzschaeufele.de,Steinmetzbetrieb Jens Schäufele
bildhauer,steinmetz-ade.de,Steinmetz-Ade
bildhauer,steinmetz-brenner.de,Steinmetz Brenner GmbH
bildhauer,hollerung.com,HOLLERUNG Restaurierung GmbH
bildhauer,steinmetz-artern.de,Steinmetzbetrieb Marko Gödicke
bildhauer,steinwerkstatt-middelmann.de,Steinwerkstatt Middelmann
bildhauer,xn--steinmetz-krmer-clb.de,Krämer Stein Formen
bildhauer,steinmetz-heinle.de,Steinmetzgeschäft Heinle
bildhauer,marmor-lenter.de,Marmor Lenter GmbH & Co. KG
bildhauer,mimzeck.de,Mimzeck Steinmetzbetrieb - Inh. Jürgen Dunkelberg
bildhauer,steinmetz-kreusch.de,Steinmetz und Steinbildhauerei Kreusch
bildhauer,steinmetz-scherer.de,Steinmetz Scherer – Ihr Steinmetz in Ulm
bildhauer,grabdenkmale-fischer.de,Grabdenkmale Fischer
bildhauer,steinmetz-bonn.de,Steinmetzbetrieb Josef Simon
bildhauer,g-flossdorf.de,Gestaltung in Stein – Günter Floßdorf e.K.
bildhauer,madeia-steinmetzbetrieb.de,MADEIA Steinmetzbetrieb
bildhauer,steinstahl.de,stein stahl steinmetz und fliesenleger gmbh
bildhauer,vavro.de,Vavro
bildhauer,steinundbild.de,Stein & Bild Michael Prickartz
bildhauer,marmormichl.de,MARMOR MICHL - Matthäus Michl und Söhne GmbH
bildhauer,stein-art.de,steinart- individuelle gestaltung und fertigung
bildhauer,formkern.de,Formkern.de - Bildhauer Timm Metzler
bildhauer,der-steinmetz-mainz.de,Der Steinmetz - Mainz
bildhauer,wintgens.de,STEINMETZWERKSTÄTTE UND BILDHAUEREI WINTGENS
bildhauer,jd-wolken.de,Jan-Dirk Wolken
bildhauer,voellmer-steinmetz.com,Steinmetz- & Steinbildhauermeister Bernd Völlmer
bildhauer,stein-zeit-schwarz.de,"Schwarz, Bildhauer und Steinmetzmeister"
bildhauer,steinmetz-kieweg.de,Steinmetz Kieweg GbR
bildhauer,diesteinmetzmeister-bonn.de,Naundorf & Krautien GbR - Die Steinmetzmeister
bildhauer,schnitzophren.com,Holzbildhauerei Schnitzophren
bildhauer,steinmetz-braun.de,www.steinmetz-braun.de
bildhauer,steinmetz-dortmund.de,Marmorwerk Prothmann e.K. - Oliver Nogala
bildhauer,bildhauerei-grethmann.de,Bildhauerei Ingo Grethmann
bildhauer,stein-kempten.de,Steinmetzwerkstatt Schlienz e.K. - Inh: Daniel Probst-Bosch
bildhauer,roberto-lorenz.de,Roberto Lorenz
bildhauer,bildhauer-spies.com,Claus Spies Holzbildhauer - Wood-Carver in Berlin - Brandenburg
bildhauer,steinmetz-kramer.com,Kramer Steinmetzbetrieb GmbH
bildhauer,steinmetz-goffart.de,Steinmetz Goffart GmbH
bildhauer,werkstaette-fuer-restaurierungen.de,Werkstaette fuer Restaurierungen
bildhauer,steinmetz-salberg.de,Steinmetz Eike Salberg München
bildhauer,steinmetz-bad-woerishofen.de,Peter Fraefel Steinmetzmeister
bildhauer,steinbreininger.de,Steinbildhauerei Arne Breininger
bildhauer,steinmetz-rose.de,Steinmetz Rose
bildhauer,steinmetz-coesfeld.de,Heilkenbrinker Steinmetz in Coesfeld
bildhauer,steinmetzbetrieb-magera.de,Steinmetzbetrieb Ulrich Magera - Inh. Andreas Magera
bildhauer,steinmetz-jueng.de,Steinmetz Jüng
bildhauer,steinmetz-hans.de,Steinmetzbetrieb Otto Hans - Nordhausen
bildhauer,plastikundmalerei.de,plastikundmalerei
bildhauer,arge-pfanner.de,Dr. Pfanner GmbH - Steinmetz & Bildhauer
bildhauer,haraldstraub.de,HARALD STRAUB - Steinmetz & Bildhauermeister
bildhauer,steinmetz-sechser.de,Steinmetzbetrieb Christian Sechser
bildhauer,steinmetz-esslinger.de,Steinmetz Esslinger
Bodenbeläge,schlossdielen-traumboden24.de,Schlossdielen Palais
Bodenbeläge,hackenschuh.de,Eugen Hackenschuh e. K.
Bodenbeläge,wpc-terrassen-palazzo.de,WPC Terrassen Palazzo
Bodenbeläge,traumboden24.de,Traumboden24
Bodenbeläge,massivholzdielen-traumboden24.de,Massivholzdielen Domizil
Bodenbeläge,platten-mueller.de,Müller Volker Putz u. Fliesenarbeiten
Bodenbeläge,landhausdielen-traumboden24.de,Landhausdielen Manufaktur
Bödenbeläge,stippa-wandboden.de,STIPPA WAND & BODEN
brandschutz,ypey.de,Alarmanlagen & Rauchmelder
brandschutz,alarm-kuhbier.de,Alarm Kuhbier GmbH - Mit Sicherheit schützen
brandschutz,zelenka-brandschutztechnik.de,Zelenka Brandschutztechnik GmbH
brandschutz,abc-brandschutz.eu,ABC Brandschutz Joachim Burkard
brandschutz,mitgedacht-daemmtechnik.de,mitgeDACHt Dämmtechnik
brandschutz,arnoldgroup.com,Arnold Group -Innovative Isoliersysteme - EUGEN ARNOLD GmbH
brandschutz,hu-gmbh.de,hartmann + uebach Nachrichtentechnik GmbH
brandschutz,behrendiso.de,Kieler Isoliertechnik GmbH
brandschutz,schubert-gmbh.de,Schubert GmbH
brandschutz,gi-isolierungen.de,Garbe Isolierungen
brandschutz,biegner-systems.de,Biegner Systems GmbH
brandschutz,f-willich.com,F. Willich Isoliersysteme GmbH & Co. KG
brandschutz,bauer-gmbh-pn.de,Bauer GmbH
brandschutz,hs-service-schwarza.de,HS Service GmbH
brandschutz,niemeyer-feuerschutz.de,Niemeyer Feuerschutz GmbH
brandschutz,keck-isolierungen.de,Keck Isolierungen GmbH & Co. KG
brandschutz,alarmanlagen-mayr.de,Alarmanlagen Mayr GmbH
brandschutz,isoliertechnik-streber.de,Isoliertechnik Streber Brandschutz
brandschutz,apmann.net,APMANN Daten- und Kommunikationstechnik GmbH & Co. KG
brandschutz,bte-portal.de,BTE-Portal
brandschutz,vbb-brandschutz.de,VBB Brandschutz Hans Knoblauch
brandschutz,litterer-augsburg.de,LITTERER Korrosionsschutz GmbH Augsburg
brandschutz,sc-systems.net,SC-Systems e.K.
brandschutz,monheimius-sicherheitssysteme.de,Monheimius-Sicherheitssysteme
brandschutz,alarmanlagen-nordfriesland.de,Alarmanlagen in Husum von ProTec Nord | Wir schützen Ihr Eigentum.
brandschutz,schmid-alarm.de,Alarmanlagen für München & Umland - Schmid Alarm GmbH
brandschutz,gaswarn.com,Schick Gaswarnanlagen GmbH
brandschutz,hoffrecht-hke.de,HKE Systeex GmbH
brandschutz,beyer-und-lohs.de,Internetpräsenz der Firma Beyer und Lohs GmbH
brandschutz,allround-dach.com,Allrond-Dach.com- Dachdecker für Berlin und Brandenburg
brandschutz,henry-howey.de,Brandschutz Service Henry Howey
brandschutz,colt-info.de,Colt International GmbH
brandschutz,malerbetrieb-palm.de,paskal palm GmbH & CO. KG
brandschutz,guett-dern.de,Willkommen bei Guett-Dern
brandschutz,dipo.de,DiPo Telekommunikation GmbH
brandschutz,glaserei-willibald.de,Glaserei Willibald GmbH
brandschutz,hall-kehmer.de,Hall-Kehmer GmbH & Co. KG
brandschutz,hpm-alarmtechnik.de,HPM Alarmtechnik GmbH
brandschutz,elantec.de,elantec GmbH
brandschutz,brandschutztechnik-feldhaus.de,Brandschutztechnik Feldhaus GmbH
brandschutz,elektra-kellenter.de,ELEKTRA KELLENTER GmbH & Co. KG
brandschutz,maler-funke.de,Leistungsportfolio - Malermeister Funke
brandschutz,joern-ackermann.de,Jörn Ackermann
brandschutz,langerkarch.de,Langer und Karch
brandschutz,brandwart.de,Brandschutz Wartung u. Service  Warstein
brandschutz,brandschutz-service.berlin,Brandschutz Service Berlin
brandschutz,tfa.de,TFA GmbH
brandschutz,novacolor-malerei.de,Novacolor Malerei GmbH
brandschutz,isoheld.de,Isoheld - Held Isolier-Technik GmbH
brandschutz,innovasystems.de,INNOVASYSTEMS GmbH
brandschutz,zacher-brandschutz.de,Zacher & Zacher Brandschutz GbR
brandschutz,kochsoehne.de,Koch + Koch GmbH
brandschutz,doppelmayer-isolierungen.de,Isolierungen Fritz Doppelmayer GmbH - Kempten
brandschutz,ib-schilling.de,Brandschutzbüros Schilling in Leipzig
brandschutz,waechtlerelektrik.de,Wächtler Elektrik GmbH
brandschutz,proesch-isoliertechnik.de,Prösch Isoliertechnik GmbH
brandschutz,malerfuchs.de,Widmann Malerwerkstätten GmbH & Co. KG - Maler Fuchs
brandschutz,schutzfabrik.de,schutzfabrik GmbH sicherheitskonzepte
brandschutz,jansentore.com,Jansen Brandschutz GmbH & Co. KG
brandschutz,sicherheitsplanung-schiessl.de,Sicherheitsplanung Schießl
brandschutz,normtec.com,Normtec GmbH- Brandschutzarbeiten rund um den vorbeugenden baulichen Brandschutz.
brandschutz,benzalarm.de,Benz-Alarm GmbH Sicherheitssysteme
brandschutz,kordial.de,Kordial Media GmbH
brandschutz,tedanet.de,TEDANET GmbH
brandschutz,peiffer-gmbh.de,Chr. Peiffer GmbH & Co. KG
brandschutz,brandschutz-gitter.de,Brandschutz Gitter
brandschutz,hoermann-badtoelz.de,Hörmann GmbH
brandschutz,pinsel-pott.de,Nordmeyer Malerfachbetrieb GmbH
brandschutz,alarmanlagenbau-ludwig.com,Alarmanlagenbau Ludwig
Buchen laufender Geschäftsvorfälle,bvm-verbund.de,BVM Verbund zur Verbuchung laufender Geschäftsvorfälle GmbH
Buchhändler,osiander.de,Osiandersche Buchhandlung GmbH
Bürobedarf,versandhagel.de,Hagel Uwe
Büromöbel / Produktion,schick-holz.de,SCHICK-HOLZ
Bürotechnik,it-systeme-starost.de,IT-Systeme-Starost
Campingzubehör,sporthaus-feldberg.de,Sporthaus Feldberg GmbH
Campingzubehör,e-a-mattes.com,Mattes E.A. GmbH
Campingzubehör,steppwaren-ebersweier.de,St-eb Steppwaren Ebersweier GmbH
coaching-Konfliktmanagement,maler-consult.de,Pfeiler Projekt GmbH - Zentrum für Aufmaße im Bauhandwerk.
coaching-Konfliktmanagement,agentur-insight.de,Agentur Insight
coaching-Konfliktmanagement,coachteam.de,CoachTeam®
coaching-Konfliktmanagement,kerstingernig.de,Dr. Kerstin Gernig
coaching-Konfliktmanagement,konzepte-und-coaching.de,Konzepte und Coaching
coaching-Konfliktmanagement,unicoaching-berlin.de,Unicoaching-Berlin
coaching-Konfliktmanagement,them-inspiration.de,Them Inspiration
coaching-Konfliktmanagement,intem.de,INtem Trainergruppe Seßler & Partner GmbH
coaching-Konfliktmanagement,praktischberatung.de,Jens Burmeister und Gabriela Lürßen
coaching-Konfliktmanagement,coachingpraxis.berlin,Coachingpraxis Berlin
Dachbodenräumung,buddy-haushaltsaufloesung.de,"Buddy's Haushaltsauflösungen, Inh. Christian Beyer"
Därme,walsroder.com,Case Tech GmbH KunstdarmFbr.
Döner,doenerimbiss-online.de,Döner Imbiß
dreherei,dk-fertigungstechnik.de,DK Fertigungstechnik GmbH
dreherei,dellit-gmbh.de,Martin Dellit - Präzisionsdreherei GmbH & Co. KG
dreherei,kaiser-metallwaren.de,Kaiser Metallwarenfabrik GmbH & Co.KG
dreherei,intec-repairs.com,M+W intec repairs GmbH
drucker,navkotec.de,Navkotec - Silvan Kowalzik
drucker,kroll-gmbh.com,Kroll GmbH
drucker,druckerei-linde.de,Druckerei Linde
drucker,alprinta.de,alprinta - Digitaldruckerei - Für jegliche Produkte
drucker,proppe-etiketten.de,Druckerei Proppe
drucker,aschenbrenner.at,"Druckerei Aschenbrenner - Kufstein, Tirol, Austria"
drucker,druckerei-oberhaeuser.com,Druckerei Oberhäuser
drucker,brinkord-siebdruck.de,Brinkord KG
drucker,druckereihannover.de,Druckerei Hannover C.V. Engelhard
drucker,hschu.shop-website.de,HSH Schumacher - Die Druckerei mit Ideen und Erfahrung
drucker,druckerei-rosenthaler.de,Druckerei Rosenthaler
drucker,brocker.com,Druckerei W. Brocker GmbH
drucker,druckerei-bl.de,Bakeberg und Löhner - Druckerei
drucker,heisegroup.de,Heise Gruppe GmbH & Co. KG
drucker,ppm-fulda.de,ppm Fulda GmbH & Co. KG
drucker,wiesingermedia.de,WiesingerMedia
drucker,druckerei-knenlein.de,Druckerei Knenlein GmbH
drucker,dellerdruck.de,www.dellerdruck.de
drucker,printpark.de,Printpark Widmann GmbH Digitaldruck
drucker,markensetzer.com,Markensetzer OHG
drucker,flyerwire.com,flyerwire 4.0 GmbH & Co. KG
drucker,druckerei-bothner.de,Druckerei Bothner
drucker,druckerei-ys.de,Yavuzsöhne Inudstriedruck GmbH & Co. KG
drucker,schleppers.de,"Druckerei Schleppers, Drucksachen,Plakate,Wandkalender,Briefbogen, ..."
drucker,allesschrift.de,Beschriftungen & Werbeservice - Gumpp-Aggeler GdbR
drucker,gravuren-leischner.de,Gravierwerkstatt Leischner GmbH
drucker,joser-offsetdruck.de,Offsetdruckerei Adolf Joser
drucker,druckerei-ihnenfeld.de,Druckerei Ihnenfeld GmbH
drucker,druckerei-guenther.de,Druckerei Guenther in der Region Braunschweig
drucker,kukwerbemittel.de,KUK GmbH
drucker,cityoffset.ch,"Druckerei City Offset, Grenchen"
drucker,handwerker-druckservice.de,Henkel GmbH
drucker,seuster-labels.de,Seuster Labels GmbH - Ihr starker Etikettenpartner
drucker,huelswitt.de,Druckerei Julius Hülswitt GmbH
drucker,label24.de,Label24.de - Druckerei Heinen GmbH
drucker,mucm.eu,Media- und Copymanagement GmbH
drucker,tripremo.de,Tripremo GbR
drucker,druckerei-diebold.de,Druckerei Theo Diebold GmbH & Co. KG
drucker,berger.at,"Druckerei Berger, Zentrale"
drucker,altstetter.de,Druckerei Altstetter
drucker,schilderhimmel.de,Schilder Himmel
drucker,druckerei-diprint.de,Druckerei DiPrint
drucker,druckerei-metting.de,Druckerei W. Metting GmbH & Co. KG
drucker,der-werbemarkt.de,DER WERBEMARKT GmbH
drucker,digitaldruckfabrik.de,DDF Digitaldruckfabrik GmbH
drucker,robos-labels.com,Etiketten für die selbstklebende Kennzeichnung
drucker,brukner.de,Brukner GmbH - Digitaldruck und Weiterverarbeitung
drucker,druckspezialist.de,Druckspezialist.de
drucker,kormann-media.de,Druckerei Kormann
drucker,aldagm.de,Aldag M. druckt in kleinen Mengen
drucker,3d-detmold.com,3d-detmold.com
drucker,druckcentrale.de,druckcentrale
drucker,mein-druckservice.de,Princoso GmbH Mein-Druckservice.de
drucker,druckerei-schenk.de,Druckerei Schenk
drucker,druckerei-bohren.de,"Druckerei Bohren, Aachen"
drucker,augustadruck.de,Druckerei Augustadruck Görlitz
drucker,window2print.de,Window2Print
drucker,paulundpaul.eu,paul + paul GmbH
drucker,digitaldruck-schwandorf.de,Digitaldruck Schwandorf
drucker,druckhaus-adame.de,Druckhaus Adame
drucker,druckerei-kraehmer.de,Druckerei Krähmer - eine Handwerksdruckerei in Berlin
drucker,kuss-potsdam.de,Kuss GmbH
drucker,gfb-koeln.de,gfb handelsgesellschaft für beschriftungstechnik mbh
drucker,druckerei-hahn.de,Druckerei Hahn GmbH
drucker,druckservice-herkel.de,DruckServiceHerkel
drucker,dasdruckhaus-kw.de,Digitaldruck GmbH
drucker,undercovergroup.de,UNDERCOVER
drucker,druckerei-lorbach.de,Druckereibetrieb August Lorbach
drucker,druckerei-konstanz.de,Druckerei Konstanz GmbH - Die erste Adresse in der Region!
drucker,wolf-ingelheim.de,Wolf-Gruppe
drucker,bube-concept.de,Bube Concept GmbH Druckerei und graphischer Betrieb
drucker,bold-and-bright.de,Bold+Bright GmbH
drucker,blumgmbh.de,Blum GmbH
drucker,sevendisplays.com,SEVEN mediaprint
drucker,druckerei-klein.com,Druckerei Klein GmbH Nürnberg
drucker,geldsetzer.de,Geldsetzer undSchäfers GmbH - Homepage
drucker,lpm-hannover.de,Signmakers
drucker,burlage.de,Druckerei Joh. Burlage GmbH & Co. KG
drucker,druckerei-sander.de,Druckerei Sander
drucker,innup.de,INnUP Deutschland GmbH
drucker,druckerei-hachenburg.de,Druckerei Hachenburg GmbH
drucker,mdruck.de,mdruck / Druckerei Müller
drucker,texsib.com,"TEXSIB GmbH - Digitaldruck, Siebdruck, Werbung...."
drucker,druckerei-essen.de,Druckerei Pohler & Kobler GmbH in Essen
drucker,printmedia-agentur.de,printmedia agentur
drucker,bannerstop.com,bannerstop GmbH
drucker,vis24.de,VIS Visual Information Systems GmbH
drucker,druckerei-frank.de,Druckerei Frank in Obersulm Eichelberg
drucker,druckereimueller.com,Druckerei Müller
drucker,die-drucker.de,Die Drucker - Zoroofchi OHG
drucker,guf-fiedler.de,LBT / Laser-Beschriftungs-Technik GmbH & Co.KG
drucker,bussard.de,Druckerei Bussard
drucker,handmann.de,Handmann Werbung GmbH
drucker,druckwerk-muenchen.de,druckwerk Druckerei GmbH
drucker,frese.de,Die dicksten Drucksachen - fühlbar besser: Reliefdruck.com
drucker,siebdruck.net,Druckerei Salzmann
drucker,handwerkerdrucksachen.de,Handwerkerdrucksachen
drucker,firmenordner.de,Druckbetrieb Lindner GmbH & Co. KG
drucker,druckerei-vetters.de,Druckerei Vetters GmbH Radeburg
drucker,ps-promotion.com,PS Promotion Systems GmbH
drucker,fairprinter.com,Fairprinter.com
drucker,druckerei-weinreich.de,Druckerei Weinreich
drucker,druckbombe.de,Online-Druckerei druckbombe.de
drucker,druckerei-matz.de,Offsetdruck - Letterpress - Druckerei Matz - Bielefeld
drucker,bannerheld.de,Bannerheld - Networkhero GmbH - Werbebanner selbst gestalten
drucker,hein.eu,HEIN Industrieschilder GmbH
drucker,digitaldruck-esser.de,Esser printSolutions GmbH
drucker,leicht-bags.de,Leicht Bags
drucker,topp-druckwerkstatt.de,TOPP-Druckwerkstatt - Druckerei für Imker
drucker,druckanfrage-online.de,druckanfrage-online GbR
drucker,color-offset-waelter.de,color-offset-wälter GmbH & Co. KG
drucker,berlinmediagroup.de,BERLIN mediagroup
EDV,xpando.de,xpando - EDV. TELEFON. ALARM
Einkaufen & Sparen - Auto & Motorrad,autoankauf-koblenz.de,Autoankauf Koblenz
Einkaufen & Sparen - Auto & Motorrad,autoankaufcloppenburg.de,Autoankauf Cloppenburg
Einkaufen & Sparen - Auto & Motorrad,autoankauf-mettmann.de,Autoankauf Mettmann
Einkaufen & Sparen - Auto & Motorrad,airport-hopser.de,Airport-Hopser
"Einkaufen & Sparen - Bücher, Musik & Film",geigenbauer-geige-kaufen.de,the violin project - Thomas Müthing GbR
Einkaufen & Sparen - Einrichtung & Möbel,johann-arnholdt.de,Transporte & Umzüge
Einkaufen & Sparen - Einrichtung & Möbel,fairtrans-rm.de,fairtrans RM
Einkaufen & Sparen - Einrichtung & Möbel,allcool.de,Allcool Refrigeration GmbH
Einkaufen & Sparen - Einrichtung & Möbel,wavyform.com,wavyform
Einkaufen & Sparen - Einrichtung & Möbel,vorhaenge-kissen-kaufen.de,ABO-HomeStyle Atilla Bozkurt
Einkaufen & Sparen - Hobby & Garten,feuerschalen.ch,Zogg Solutions GmbH
Einkaufen & Sparen - Hobby & Garten,naehmanufakturmuenchen.de,Nähmanufaktur München
Einkaufen & Sparen - Kleidung,disney-taschen-rucksack-kleidung.de,Disneykinder/A.R Sonderposten Vertrieb
Einkaufen & Sparen - Kleidung,brautmode-brautkleider-nuernberg.de,Bride Land von Sautner Julia Sautner
Einkaufen & Sparen - Kleidung,modenachmass-scholl.de,Angelika Scholl-Mode nach Maß
Einkaufen & Sparen - Lebens & Genussmittel,der-kleine-senfladen.de,Der kleine Senfladen
Einkaufen & Sparen - Lebens & Genussmittel,natives-olivenoel-kaufen.eu,Holderied UG (haftungsbeschränkt)
Einkaufen & Sparen - Sonstiges,buerobedarf-guenstig-bestellen.de,BBS-Bürobedarf Michaela + Norbert Steuernagel GbR
Einkaufen & Sparen - Sonstiges,hebezeug-paulus.de,Hebezeug Paulus
Einkaufen & Sparen - Sonstiges,dampfshop-liquid.de,Liquidwolke Fatima Kemp
Einkaufen & Sparen - Sonstiges,speltex.de,Speltex KG
Einkaufen & Sparen - Sonstiges,sexndolls.com,Sex 'n Dolls
Einkaufen & Sparen - Sonstiges,werbeartikel.fun,Werbeartikel FUN - MaRe Handels GmbH
Einkaufen & Sparen - Sonstiges,matcha-tee-wirkung.de,TrendTea Ulrich Kolban
Einkaufen & Sparen - Sonstiges,pharaosfavourites.de,Pharao's Favourites Onlineshop
Einkaufen & Sparen - Sonstiges,fliegenrollen-kaufen.de,Ralf Vosseler KG
Einkaufen & Sparen - Sonstiges,stempel-nuernberg-fuerth-erlangen.de,BBS-Stempel-Shop Michaela + Norbert Steuernagel GbR
Einkaufen & Sparen - Sonstiges,fahrdienst-beuthner.de,Fahrdienst Beuthner
Einkaufen & Sparen - Sonstiges,gokuma.de,Gokuma GmbH
Einkaufen & Sparen - Sonstiges,kopierpapier-75g-70g.de,BBS-Bürobedarf Michaela + Norbert Steuernagel GbR
Einkaufen & Sparen - Sonstiges,leuchtenhaus-jung-meerbusch.de,Leuchtenhaus Jung
Einkaufen & Sparen - Sonstiges,stoffe-kudellino.de,Stoffe Kudellino - Stoffhandel Anna Kudella
Einkaufen & Sparen - Sonstiges,wartungseinheit-pneumatik.de,Meßner Pneumatic GmbH
Einkaufen & Sparen - Sonstiges,agood.com,A Good Company
Einkaufen & Sparen - Sonstiges,myrealdolls.de,My Real Dolls
Einkaufen & Sparen - Sonstiges,heuraufe-pferd.de,Evers EQUIpment Volko Evers
Einkaufen & Sparen - Sonstiges,electro-lagune.eu,ELECTRO LAGUNE
Einkaufen & Sparen - Sport,akw-fitness.de,AKW Fitness & Sport GmbH
Einkaufen & Sparen - Sport,guenstige-sportnahrung.at,Strongsetter e.U.
Einkaufen & Sparen - Veranstaltungen & Karten,location-cham.de,Pension- Location Cham
Einzelhandel,expandeasy.com,Hildebrand Marco
elektrohandwerk,bimotec.de,bimotec - Biermann und Moldenhauer GmbH & Co. KG
elektrohandwerk,alb-elektric.de,alb-elektric Huber GmbH - Freileitungs- und Kabelbau
elektrohandwerk,herber-petzel.de,Herber & Petzel Gebäudetechnik GmbH & Co. KG
elektrohandwerk,sss-gruppe.de,SSS Nelken GmbH
elektrohandwerk,gock-und-stein.de,Stein Verwaltungs GmbH
elektrohandwerk,der-elektriker.de,Der Elektriker - Meisterbetrieb Hanke Oelkers e.K.
elektrohandwerk,macaservice.de,Maca Service GmbH
elektrohandwerk,rissen.tech,Rissen Sicherheits- und Kommunikationstechnik GmbH
elektrohandwerk,lukes-starkstromtechnik.de,Lukes Starkstromtechnik GmbH
elektrohandwerk,asto-anlagenbau.de,ASTO Anlagenbau & Vertriebs GmbH
elektrohandwerk,louis-saemann.de,LOUIS SAEMANN GmbH und Co. KG
elektrohandwerk,ws-servicetechnik.de,Wissmann Servicetechnik GmbH
elektrohandwerk,portugall.de,Portugall TV-Multimedia-Service GmbH
elektrohandwerk,haustechnik-theisen.de,Haustechnik Theisen
elektrohandwerk,mem-rastede.de,MEM Energy & Technical Solutions GmbH
elektrohandwerk,kurzschluss-nrw.com,Rainer Fischer GmbH
elektrohandwerk,wallboxnow.de,WallboxNow GmbH - Wallbox-Ladelösung
elektrohandwerk,zanker-krebs.de,Zanker & Krebs e.K.
elektrohandwerk,th-brandes.de,Theodor Brandes GmbH
elektrohandwerk,drmeyergmbh.de,Dr. HENRY A. MEYER GMBH
elektrohandwerk,rasper-gmbh.de,Rasper GmbH - e-masters - Bissendorf
elektrohandwerk,meisterbetrieb-fl.de,Meisterbetrieb Frank Lückenbach
elektrohandwerk,elkoop.de,ELKooP Staudte GmbH
elektrohandwerk,efra-electric.de,EFRA Electric Eder GmbH
elektrohandwerk,etfb.de,ETFB - Ihr Ansprechpartner für CO und Gaswarnanlagen | bundesweit
elektrohandwerk,elbertgmbh.de,Christian Elbert & Sohn GmbH
elektrohandwerk,aurum-solartech.de,Aurum Solartech GmbH
elektrohandwerk,fernseh-koch.com,Fernseh Koch - Joachim Koch
elektrohandwerk,blomeelektrik.de,Blome Elektrik GmbH
elektrohandwerk,gerken-partner.de,Gerken & Partner GmbH
elektrohandwerk,elwaco.com,elwaco-Montage GmbH & Co.KG
elektrohandwerk,schuetz-technik.at,SCHÜTZ-Technik GmbH
elektrohandwerk,hoffmann-gebaeudetechnik.de,Hoffmann Gebäudetechnik GmbH
elektrohandwerk,jetronik.de,Jetronik GmbH
elektrohandwerk,hirsch-steuerungsanlagen.com,Hirsch Steuerungsanlagen
elektrohandwerk,schalt-meier.de,Schalt Meier - Service für Schalter und Schaltgeräte in Sachsen
elektrohandwerk,the-goodguys.de,THE GOOD GUYS UG
elektrohandwerk,eifeler-dachprofis.de,Eifeler Dachprofis - Jürgen Schlemmer
elektrohandwerk,fhms-steiner.de,FHMS-Steiner
elektrohandwerk,osna-haustechnik.de,OSNA HAUSTECHNIK GMBH
elektrohandwerk,gruenhofer-gmbh.de,Alfred Grünhofer GmbH
elektrohandwerk,hubatsch-haustechnik.de,Hubatsch Haustechnik
elektrohandwerk,elsa-service.de,ELSA cnc service GmbH
elektrohandwerk,detjen-bremervoerde.de,Detjen Technologie Systeme GmbH & Co.KG
elektrohandwerk,easy-smart-living.de,easy smart living by Uwe Müller
elektrohandwerk,plueckhahnservice.de,Plückhahn Service GmbH Stralsund
elektrohandwerk,e-rottluff.de,EMR-Systemtechnik
elektrohandwerk,hoerburger.de,Hörburger GmbH – Spezialist für Gebäudeautomation
elektrohandwerk,koerner-electronic.de,Körner Electronic GmbH
elektrohandwerk,powerhouse-rheinland.de,PowerHouse Rheinland - Smart Home
elektrohandwerk,haider-technik.de,Haider-Technik GmbH - Herzlich willkommen!
elektrohandwerk,voegeli-und-adam.de,Vögeli & Adam GmbH
elektrohandwerk,ikt-rzbau.de,IKT RZ Bau GmbH
elektrohandwerk,ronnyreinhold.de,Ronny Reinhold
elektrohandwerk,der-elektriker-cuxhaven.de,Lightning Struhs GmbH
elektrohandwerk,mertentechnik.de,Merten Technik
elektrohandwerk,eldakom-gmbh.de,Eldakom Radermacher GmbH
elektrohandwerk,pbe-gmbh.de,PBE Esser GmbH
elektrohandwerk,zierer.biz,Gebäudetechnik und Systemtechnik Zierer
elektrohandwerk,technik-schoepe.de,Technik Schoepe
elektrohandwerk,g-tec-gmbh.net,G-TEC GmbH
elektrohandwerk,meister-ruschke.de,Meister Ruschke Elektriker Meisterbetrieb
elektrohandwerk,rubow.10web.me,Rubow elektric Stralsund GmbH.
elektrohandwerk,hauck-heuchele.de,Hauck & Heuchele GmbH & Co. KG
elektrohandwerk,hoge-systemtechnik.de,Hoge Systemtechnik GmbH & Co. KG
elektrohandwerk,electric-arning.de,Electric Arning - Waldkraiburg
elektrohandwerk,dlze.de,DLZE - Dienstleistungszentrum Emmerke - Kindler Support GmbH
elektrohandwerk,elektrik-ernst.de,Elektrik Ernst
elektrohandwerk,dieng-schaltanlagen.de,Dieng Schaltanlagen GmbH
elektrohandwerk,fd-tech.de,FD-TECH GmbH
elektrohandwerk,stoffelunddechent.de,Stoffel und Dechent GbR
elektrohandwerk,abc-wagner.de,Wagner Haus- und Umwelttechnik GmbH & Co. KG
elektrohandwerk,nasdala.de,Nasdala & Co. GmbH
elektrohandwerk,oliveroepen.de,Oliver Oepen GmbH
elektrohandwerk,mittring-electronic.de,Mittring electronic - Hans-Jürgen Mittring
elektrohandwerk,elka-power.de,ELKA Switch Power GmbH
elektrohandwerk,nutz.com,Nutz GmbH – Nachhaltige Technik aus einer Hand.
elektrohandwerk,butenschoen-electric.de,Butenschön Electric GmbH
elektrohandwerk,frag-doch-oliver.de,Frag-doch-Oliver – Ihr Elektriker in Villingen-Schwenningen
elektrohandwerk,wrosystem.de,WRO-SYSTEM GmbH
elektrohandwerk,industrigo.de,INDUSTRIGO
elektrohandwerk,marxgruppe.de,Marx Gruppe GmbH & Co. KG
elektrohandwerk,schumann-stender.de,Schumann+Stender GmbH
elektrohandwerk,ziegler-systemhaus.de,Ziegler Systemhaus GmbH
elektrohandwerk,futuregmbh.eu,W. Hass Future GmbH & Co. Kg
elektrohandwerk,mgt.bayern,Münchner Glasfaser-Technik GmbH
elektrohandwerk,bgv-a3-bw.de,IMR Service Group GmbH
elektrohandwerk,arzberger-gmbh.de,Arzberger GmbH
elektrohandwerk,stl-leuthe.de,STL Steuerungs-Technik- Leuthe GmbH
elektrohandwerk,paul-asbeck.de,Paul Asbeck GmbH & Co. KG
elektrohandwerk,radiofreyservice.de,Radio Frey Service
elektrohandwerk,belevo.ch,BELEVO AG
elektrohandwerk,baader.net,Baader GmbH & Co. Schaltanlagen u. Leiterplatten KG
elektrohandwerk,ewaldmoser.de,Moser Gebäudetechnik GmbH
elektrohandwerk,walter-betz.com,Walter Betz GmbH
elektrohandwerk,doer24.de,Doer24 GmbH
elektrohandwerk,doepper-gmbh.de,Döpper GmbH
elektrohandwerk,weber-heyer.de,Weber + Heyer GmbH & Co. KG
elektrohandwerk,ruether.com,Gottfried Rüther GmbH & Co. KG.
elektrohandwerk,eks-teltow.de,EKS Küther & Sohn GmbH
elektrohandwerk,mraelectric.com,mraElectric.Com GmbH
elektrohandwerk,notstromtechnik.info,Kürten GmbH Notstromtechnik
elektrohandwerk,schuth-haustechnik.de,Schuth Haustechnik GmbH & Co. KG
elektrohandwerk,gasser.de,Gasser GmbH
elektrohandwerk,tsb-schwarza.com,TSB Technik Service Betrieb Schwarza GmbH
elektrohandwerk,ktb-gmbh.eu,KTB Schaltanlagen & Service GmbH
elektrohandwerk,richters-ht.de,RICHTERS Haustechnik GmbH
elektrohandwerk,voncontzen.de,Maximilian von Contzen Toranlagen & Sonnenschutztechnik
elektrohandwerk,avacon.de,Avacon AG
elektrohandwerk,goschundschlueter.de,Gosch & Schlüter GmbH
elektrohandwerk,firma-duscha.de,Firma Duscha - HiFi-TV-VIDEO-SAT - Eibau
elektrohandwerk,barth-kerner.de,Barth & Kerner GmbH
elektrohandwerk,moeller-gebaeudetechnik.de,Möller Gebäudetechnik in Niestetal bei Kassel
elektrohandwerk,pfandl.de,Ludwig Pfandl GmbH & Co. KG
elektrohandwerk,hans-peters.de,Hans Peters E-S-H e.K.
elektrohandwerk,loettgen-wever.de,Löttgen & Wever OHG
elektrohandwerk,jarotec.net,JAROTEC GmbH & C0. KG
elektrohandwerk,zeusmanufaktur.de,Zeus-Manufaktur OHG
elektrohandwerk,eltec-ammerland.de,ELTEC Ammerland GmbH
elektrohandwerk,jaenisch-tv.de,EP: Jaenisch
elektrohandwerk,wessels-regeltechnik.de,Ingrid Wessels Regeltechnik GmbH & Co. KG
elektrohandwerk,eatk.de,EATK - GmbH Köglsperger
elektrohandwerk,ev-ladetechnik.de,| EV Ladetechnik GmbH
elektrohandwerk,vpa-gmbh.com,VPA GmbH
elektrohandwerk,heinrich-duhme.de,Heinrich Duhme OHG - e. K. Inh. Lukas Hoffmann
elektrohandwerk,aki-usv.com,AKI Power Systems GmbH
elektrohandwerk,apek-gmbh.com,APEK GmbH
elektrohandwerk,pevs.de,PEVS GmbH – Ihr Meisterbetrieb
elektrohandwerk,jundk-gbr.de,J&K GbR Janßen und Kasztelan
elektrohandwerk,ea-tech-gmbh.de,EA-TECH GmbH
elektrohandwerk,hanse-smart.de,Hanse Smart GmbH
elektrohandwerk,hela-tech.de,HELA-tech GmbH
elektrohandwerk,kanngiesser.de,Hans Kanngiesser GmbH & Co. KG
elektrohandwerk,aseg.de,ASEG mbH
elektrohandwerk,de-kundendienst.de,DE Hausgeräte Service
elektrohandwerk,wunderlich-hausgeraete.de,Hausgeräte - Andreas Wunderlich GmbH & Co. KG
elektrohandwerk,elektrik-allstars.de,Elektrik Allstars GmbH
elektrohandwerk,prinag.de,Prinage Service GmbH
elektrohandwerk,isoblock.de,Isoblock Schaltanlagen GmbH & Co. KG
elektrohandwerk,straus-online.de,Straus GmbH
elektrohandwerk,shp-prueftechnik.de,SHP Prüftechnik GmbH
elektrohandwerk,dimo-tec.de,DIMO- TEC
elektrohandwerk,mein-elektriker.eu,Mühlthaler GmbH
elektrohandwerk,adpos-ups.de,AdPoS Advanced Power Systems
elektrohandwerk,bastian-ehses.de,Bastian & Ehses GbR
elektrohandwerk,bokata.de,Bokata GmbH
elektrohandwerk,nettersheim-elektriker.de,Elektriker Meisterbetrieb mblix - Widdau und Stellet GbR
elektrohandwerk,graenitz-gmbh.de,Gränitz-GmbH
elektrohandwerk,eltroplan-gmbh.com,Eltroplan GmbH
elektrohandwerk,fiehn.de,Fiehn Gebäudeautomation GmbH
elektrohandwerk,muellerelectric.de,Müllerelectric - Sascha Müller
elektrohandwerk,lichtraum-bauer.de,Lichtraum Bauer GmbH
elektrohandwerk,elteba.de,ELTEBA GmbH & Co. KG
elektrohandwerk,malinowski.de,Malinowski Gebäudetechnik GmbH
elektrohandwerk,gruenewald-system-elektrik.de,Grünewald-System-Elektrik e.K.
elektrohandwerk,energy-forlife.de,energyforlife GmbH
elektrohandwerk,baedeker-rux.de,Bädeker & Rux GmbH
elektrohandwerk,hummel-systemhaus.de,Hummel Systemhaus GmbH & Co. KG
elektrohandwerk,gundlack.com,Gundlack Automation GmbH
elektrohandwerk,guhl-etech.de,Walter Guhl GmbH
elektrohandwerk,sponton-muenchen.de,Sponton Elektrische und mechanische Werkstätten GmbH
elektrohandwerk,fh-gebaeudetechnik.de,FH Gebäudetechnik GmbH
elektrohandwerk,eus-tec-hannover.de,EuS-tec GmbH
elektrohandwerk,kaya-emb.de,KAYA Kommunikationstechnik Starnberg
elektrohandwerk,telepartner-gmbh.de,Tele - Partner GmbH
elektrohandwerk,as-intellmess.de,AS Intellmess GmbH
elektrohandwerk,haustechnikjordan.de,Haustechnik Jordan GmbH
elektrohandwerk,msp-online.net,MSP – media – support – production
elektrohandwerk,tga-tewes.de,TGA Tewes GmbH - Lünen
elektrohandwerk,energy-tech.de,energy-tech GmbH
elektrohandwerk,lacasa.gmbh,La Casa GmbH
elektrohandwerk,nagystefan.de,Werkstatt Nagy
elektrohandwerk,elektrha.de,Elektrha GmbH
elektrohandwerk,w-u-h.de,Wienholt & Horstmann GmbH & Co.KG
elektrohandwerk,recop.de,vision-tec gmbh - recop electronic Anlagen
elektrohandwerk,selz.de,Selz GmbH
elektrohandwerk,baumgartner-baustrom.de,Baustrom München - BAUMGARTNER GMBH Baustrom-Anlagen
elektrohandwerk,pflieger-rs.de,Pflieger Rundum Service
elektrohandwerk,hagios.de,hagios electronic Anlagen GmbH
elektrohandwerk,attote.de,Automatisierungs-Team Tote GmbH
elektrohandwerk,ernst-lamby.de,Ernst Lamby GmbH und Co. KG
elektrohandwerk,duellmann.de,W.D. Düllmann GmbH & Co. KG
elektrohandwerk,poweredbychris.de,Powered by Chris GmbH
elektrohandwerk,se.com,Schneider Electric GmbH
elektrohandwerk,benzina-kommunikation.de,BENZINA KOMMUNIKATION GMBH
elektrohandwerk,meisterliche-elektrik.de,Sebastian Pietsch meisterliche-elektrik GmbH
elektrohandwerk,iswe.de,Iserlohner Werkstätten gGmbH
elektrohandwerk,profi-electronic.de,profi electronic Hackmann OHG
elektrohandwerk,czech-notstromsysteme.de,CNS - Czech Notstromsysteme
elektrohandwerk,uvp-schaltschrankbau.de,UVP Schaltschrankbau GmbH
elektrohandwerk,kundel-henkel.de,Kundel-Henkel GmbH
elektrohandwerk,sam-solution.de,SAM GmbH Ihr Schaltanlagenbauer in Berlin und Brandenburg
elektrohandwerk,es-project.de,ES Project GmbH
elektrohandwerk,deinelektriker.hamburg,DeinElektriker - Hamburg
elektrohandwerk,xn--hsgebudetechnik-4kb.de,HS Gebäudetechnik
elektrohandwerk,psb-schaltanlagen.de,Für Industrie und Wohnungsbau - psb Schaltanlagen GmbH
elektrohandwerk,iq-oedekoven.de,Fernseh Service René Oedekoven GmbH
elektrohandwerk,rw-elektrik.de,RW-Elektrik GmbH
elektrohandwerk,robin-gmbh.de,ROBIN GmbH
elektrohandwerk,eg-rettenberg.de,Elektrizitätsgenossenschaft Rettenberg e.G.
elektrohandwerk,brw-industrieautomation.de,BRW Industrie Automation GmbH
elektrohandwerk,alphastrom-spirk.de,Alphastrom Spirk GmbH
elektrohandwerk,elmot.de,ELMOT GmbH
elektrohandwerk,bock-verkabelungstechnik.de,LWL u. EDV Verkabelungstechnik
elektrohandwerk,krameretechnik.de,Kramer E-Technik
elektrohandwerk,haustechnik-persch.de,Haustechnik Persch GmbH
elektrohandwerk,elektrikerei.de,Die Elektrikerei Inh. Bernhard Niedworok
elektrohandwerk,elh-suedbaden.com,ELH Südbaden GmbH
elektrohandwerk,hse-gadebusch.de,HSE-Haustechnik GmbH
elektrohandwerk,atr-atr.com,ATR Leander Rustige
elektrohandwerk,merkle-nachrichtentechnik.de,Merkle Nachrichtentechnik GmbH
elektrohandwerk,solartec-electrics.de,SolarTec Electrics
elektrohandwerk,fa-heise.de,Heise GmbH - Dassel-Lüthorst
elektrohandwerk,smarthome-expert.net,Martin Schubnell : Der Elektriker
elektrohandwerk,botho-franck.de,Botho-Franck GmbH
elektrohandwerk,aae-gmbh.de,AAE GmbH
elektrohandwerk,verbert.de,Verbert GmbH
elektrohandwerk,egi-technik.de,EGI- Technik GmbH
elektrohandwerk,schmitz-gebaeudetechnik.de,Karl-Josef Schmitz - Gebäudetechnik
elektrohandwerk,holger-braaf.de,Holger Braaf GmbH
elektrohandwerk,sy-electric.net,SY Electric GmbH
elektrohandwerk,schaltanlagenbau-fuerstenberg.de,Schaltanlagenbau Fuerstenberg GmbH & Co. KG
elektrohandwerk,pts24.com,PRÜFTECHNIK SANDER
elektrohandwerk,birling.de,Gerhard Birling e.K.
elektrohandwerk,electronica.group,Electronica GmbH
elektrohandwerk,bzr-bauer.de,Gebr. BAUER GBR
elektrohandwerk,electric-service-knoll.de,Electric-Service Lutz Knoll
elektrohandwerk,rft-elkom.de,RFT elkom Brandenburg GmbH -
elektrohandwerk,beimdick-gruppe.de,Beimdick Gruppe - Beimdick Dienstleistungs GmbH & Co. KG
elektrohandwerk,solartester.de,Solartester - Inhaber: Michael Götte
elektrohandwerk,buk-schaltanlagen.de,Bernd-Uwe Kracht Schaltanlagenbau OHG
elektrohandwerk,max-beine.de,Klimaanlagen - Max Beine e.K. Inh. Guido Nickel
elektrohandwerk,pohlmann-bindel.de,Pohlmann + Bindel GmbH & Co. KG
elektrohandwerk,ekonzept.com,Ekonzept GmbH & Co. KG - LICHT. STROM. KOMMUNIKATION
elektrohandwerk,j-neininger.de,Johann Neininger GmbH
elektrohandwerk,hgs-rostock.de,HGS Rostock GbR
elektrohandwerk,schwarztec.info,SchwarzTEC GmbH
elektrohandwerk,sltnord.de,SLTNord GmbH
elektrohandwerk,fuhrmann-kehrig.de,Antriebs- & Krantechnik Andreas Fuhrmann
elektrohandwerk,its-stueckemann.de,ITS Installations-Technik Stückemann GmbH & Co.
elektrohandwerk,loyer-haustechnik.de,Loyer Haustechnik GmbH
elektrohandwerk,kabelverlegung-damann.de,Kabelverlegung Damann GmbH
elektrohandwerk,hk-c.de,HKC Holding GmbH
elektrohandwerk,dienstheld.de,Dienstheld GmbH
elektrohandwerk,dses.de,Daniel Schirm E-Services
elektrohandwerk,lichtgalerie-mn.de,Licht.Norkeweit GmbH & Co. KG
elektrohandwerk,zentner.de,ZENTNER Elektrik-Mechanik GmbH
elektrohandwerk,loehr-kg.de,Klaus Loehr GmbH & Co KG
elektrohandwerk,reichbrandstaetter.de,Reichbrandstätter GmbH & Co. KG
elektrohandwerk,edt-streubel.de,EDT Streubel e.K.
elektrohandwerk,theisen-gt.de,Theisen Gebäudetechnik GmbH & Co. KG
elektrohandwerk,spsmart.de,SP Smart Electronics GmbH - Elektriker
elektrohandwerk,mowitech.de,Smart Home - Gebäudeautomation von mowitech GmbH
elektrohandwerk,ep-schlegelmilch.de,EP Schlegelmilch
elektrohandwerk,cea-online.de,CEA Dirk Augustin & Matthias Kiene GbR
elektrohandwerk,bewa-gmbh.de,Bewa Antennenbau GmbH
elektrohandwerk,ihausautomation.de,iHA iHausAutomation GmbH - Smarthome
elektrohandwerk,schatte.de,Otto Schatte GmbH
elektrohandwerk,maassen24.de,Josef Viktor Maassen - Ökonomische Haustechnik
elektrohandwerk,ntc-gmbh.com,Notstrom-Technik-Clasen (NTC)
elektrohandwerk,drehwald.de,Jakob Drehwald GmbH
elektrohandwerk,drago-gmbh.de,DRAGO GmbH - Telekommunikation & Glasfasertechnik
elektrohandwerk,energy-proof.de,E-Proof GmbH
elektrohandwerk,ihlefeldt.de,Ihlefeldt Sehen und Hören GmbH & Co.KG
elektrohandwerk,wegra-anlagenbau.de,WEGRA Anlagenbau GmbH Westenfeld
elektrohandwerk,ks-electrics-gmbh.de,KS Electrics GmbH
elektrohandwerk,macher-gmbh.de,Die Macher GmbH
elektrohandwerk,lichtecke.de,Lichtecke Ostufer GmbH e.K. Heino Schmerder
elektrohandwerk,smarthome-pfefferle.de,SmartHome Pfefferle - Intelligent - Komfortabel - Vernetzt
elektrohandwerk,bf-electricsystems.de,B&F Electric Systems GmbH
elektrohandwerk,electrofux-mueller.de,Electrofux-Müller GmbH
elektrohandwerk,inselelektriker.com,Die Inselelektriker GmbH
elektrohandwerk,huk-haustechnik.de,H & K Haustechnik GmbH
elektrohandwerk,gst-staedele.de,Gebäudesystemtechnik Städele e.K.
elektrohandwerk,gollub-anlagentechnik.de,Gollub Anlagentechnik GmbH & Co. KG
elektrohandwerk,radio-thelen.de,Radio Thelen A&B Beraz OHG
elektrohandwerk,golz-neuruppin.de,Firma Golz Neuruppin
elektrohandwerk,electroays.de,Electro Ays
elektrohandwerk,met-schaltanlagen.de,MET Schaltanlagen
elektrohandwerk,ruppinerausbau.de,Ruppiner Ausbau - Ruppiner Ausbau GmbH
elektrohandwerk,argental-elektrik.de,Argental - Elektrik Winfried Ruetz
elektrohandwerk,franz-lohr.de,Franz Lohr GmbH
elektrohandwerk,die-ellos.de,DIE ELLOs GmbH & Co. KG
elektrohandwerk,synergyfour.de,SYNERGY FOUR GmbH
elektrohandwerk,eskap.de,www.eskap.de
elektrohandwerk,sdh-gmbh.de,SDH - Schumacher DoHorto GmbH
elektrohandwerk,udotang.de,UDO TANG Haustechnik
elektrohandwerk,meixner-gmbh.de,Haustechnik Meixner GmbH
elektrohandwerk,fenninger-gmbh.de,G. Fenninger GmbH
elektrohandwerk,lichtconcept.de,Lichtconcept Laser GmbH
elektrohandwerk,hoehlich.de,www.hoehlich.de
elektrohandwerk,purelectric.de,PURelectric GmbH – Elektriker aus Wallenhorst
elektrohandwerk,behrendt.sh,Behrendt Dienstleistungen GmbH - Kropp
elektrohandwerk,ensyger.de,ensyger GmbH
elektrohandwerk,hgr-lichtkonzept.de,HGR Lichtkonzepte und Vertrieb GmbH
elektrohandwerk,egt-wirth.de,EGT-Wirth GmbH
elektrohandwerk,michael-ortlieb.de,Michael Ortlieb GmbH
elektrohandwerk,provipower.eu,ProviPower GmbH
Entruempelungsdienste,ruempel-fritz.de,Rümpel-Fritz ® - HAUSHALTSAUFLÖSUNGEN
Entruempelungsdienste,sahin-entruempelung.de,Sahin Entrümpelung® Das Original
Entruempelungsdienste,ruempelbutler.de,RümpelButler
Entruempelungsdienste,allesweg24.de,AllesWeg24
Entruempelungsdienste,dienstleistungen-ahrendt.de,Ahrendt Dienstleistungen
Entruempelungsdienste,entruempelungsdienst.de,Entrümpelungsdienst Lampei & van der Sande
Entruempelungsdienste,abundfort.de,AB & FORT BREMEN
Entruempelungsdienste,bremerbuben.de,Bremer Buben
Entruempelungsdienste,blitzschnellservice.de,Blitzschnell Service
Entruempelungsdienste,derschmidtnimmtsmit.de,Der Schmidt nimmts mit! GmbH - Fa.Schmidt Entsorgung GmbH
Entruempelungsdienste,hms-lang-ag.de,Hausmeister Service Lang AG
Entruempelungsdienste,schmidt-nimmt-mit.de,Schmidt nimmt mit
Entruempelungsdienste,dieruempelcrew.de,Die Rümpel Crew
Entruempelungsdienste,hamak-dienstleistungsservice.de,Hamak Dienstleistungsservice GmbH & Co. KG
Entruempelungsdienste,entruempelung-berlin.eu,Entrümpelung Berlin
Entruempelungsdienste,lacunia.de,Lacunia Entrümplung GmbH
Entruempelungsdienste,immosun-hms.de,ImmoSun Hausmeister-/Montageservice
Entruempelungsdienste,ruempel-vergleich.de,Rümpelvergleich
Entruempelungsdienste,coenaerts.de,Coenaerts Dienstleistungen GmbH & Co KG
Entruempelungsdienste,easy-entsorgen.de,Easy-entsorgen
Entruempelungsdienste,bonn-schoeneseiffen.de,Jakob Schöneseiffen
Entruempelungsdienste,xn--tiptop-entrmpelung-mnchen-pwcj.de,TipTop Entrümpelung Neron GmbH
Entruempelungsdienste,haushaltsaufloesung-ravensburg.de,Haushaltsauflösung Ravensburg
Entruempelungsdienste,jahnke-schneider.de,Jahnke und Schneider Dienstleistungsgruppe GbR
Entruempelungsdienste,entruempelungen-hanau.de,Entrümpelungen Hanau
Entruempelungsdienste,arminsafari.de,Armin Safari
Entruempelungsdienste,stark-dienstleistungen.de,STARK Dienstleistungen
Entruempelungsdienste,helmdach-entruempelung.de,Helmdach-Entrümpelung
Entruempelungsdienste,mega-entruempelung.de,Mega Entrümpelung
Entruempelungsdienste,ruempel-spezialist.de,Rümpel Spezialist - Haushaltsauflösung & Entrümpelung
Entruempelungsdienste,der-witt-nimmts-mit.de,Haushaltsauflösung Witt
Entruempelungsdienste,3-2-1entruempelungmainz.de,3-2-1 Entrümpelungen in Mainz/ Wiesbaden OHG
Entruempelungsdienste,entfix.de,Entfix - Haushaltsauflösung & Entrümpelung
Entruempelungsdienste,ruempelmannschaft.de,Rümpelmannschaft
Entruempelungsdienste,kleintransportservice.de,Kleintransportservice Thomas H. Holstein
Entruempelungsdienste,lentu.de,Lentu – Entrümpelung München
Entruempelungsdienste,haushaltsaufloesungen-freiburg.de,Haushaltsauflösung Freiburg - Fink Dienstleistungen
Entruempelungsdienste,ruempel-engel.de,Rümpel Engel®
Entruempelungsdienste,entruempelung-duesseldorf.net,Entrümpelung Düsseldorf
Entruempelungsdienste,booiman.de,Booiman`s GmbH
Entruempelungsdienste,entruemplerschwadron.de,Entrümplerschwadron
Entruempelungsdienste,ruempelprofi.de,ruempelprofi
Entruempelungsdienste,dein-transport.de,dein-transport
Entruempelungsdienste,xn--wohnungsauflsung-wrzburg-woc6n.de,Räumungs-Team Wanders Wohnungsauflösungen
Entruempelungsdienste,wichtel-umzuege.de,Wichtel Umzüge GmbH
Entrümpelungen,erz-allround-service.de,Erz Ulrich Entrümpelungen
Entrümpelungen,express-entruempelung-aachen.com,Express Entrümpelung Aachen
Entrümpelungen,cleanout-aachen.de,Cleanout Aachen
Erfurt,paintballfactory.de,PaintBallFactory
fachverbaende,deutscherimkerbund.de,Deutscher Imkerbund e. V.
fachverbaende,adu.de,AdU Arbeitgeberverband der Unternehmen im mittleren Wesergebiet
fachverbaende,metall.nrw,www.metallnrw.de
fachverbaende,wirtschaftsfrauen.clubdesk.com,Willkommen auf der der Homepage der Wirtschaftsfrauen Schweiz
fachverbaende,malerverband-nds.de,Malerverband Niedersachsen
fachverbaende,eh-bb.de,E-Handwerke Berlin/Brandenburg
fachverbaende,asia-arbeitgeberverband.de,ASIA - Arbeitgeberverband selbständiger Ingenieure und Architekten e.V.
fachverbaende,fbs-beton.de,Bundesfachverband Betonkanalsysteme e.V.
fachverbaende,baeckerhandwerk.de,Zentralverband des Deutschen Bäckerhandwerks e. V.
fachverbaende,feh-nrw.de,FEH-NRW
fachverbaende,fliesen-bw.de,Landesinnungsverband Fliesen Baden-Württemberg
fachverbaende,vdzi.de,VDZI - Verband Deutscher Zahntechniker-Innungen
fachverbaende,kfz-mv.de,Kfz LV Mecklenburg-Vorpommern
fachverbaende,bauverband-mv.de,Bauverband Mecklenburg-Vorpommern e. V.
fachverbaende,schreiner-bw.de,Landesfachverband Schreinerhandwerk Baden-Württemberg
fachverbaende,bauwirtschaft-bw.de,Bauwirtschaft Baden-Württemberg e.V.
fachverbaende,liv-steinmetz.de,LIV des Bayer. Steinmetz- u. Steinbildhauer-Handwerk
fachverbaende,shk-hamburg.de,SHK-Hamburg
fachverbaende,swav.de,Südwestdeutscher Augenoptiker- und Optometristen-Verband
fachverbaende,fvshkbw.de,Fachverband SHK Baden-Württemberg
fachverbaende,gesamtmetall.de,Arbeitgeberverband Gesamtmetall
fachverbaende,tapeten.de,Deutsches Tapeten Institut GmbH
fachverbaende,wasserwaermeluft.de,Zentralverband SHK - Willkommen bei den Profis rund um die Haustechnik
fachverbaende,galabau-berlin-brandenburg.de,Fachverband - GaLaBau
fachverbaende,vdaw.de,VdAW - Verband der Agrargewerblichen Wirtschaft e.V.
fachverbaende,liv-sh.de,Landesinnungsverband des Schornsteinfegerhandwerks für Schleswig-Holstein
fachverbaende,galabau-nord.de,"Fachverband Garten-, Landschafts- und Sportplatzbau Hamburg e.V."
fachverbaende,gesamtverband-hamburger-handwerk.de,Gesamtverband des Hamburger Handwerks e. V.
fachverbaende,agv-vers.de,Arbeitgeberverband der Versicherungsunternehmen in Deutschland.
fachverbaende,muehlen.org,Verband deutscher Mühlen
fachverbaende,bundesverband.taxi,Bundesverband Taxi und Mietwagen e.V.
fachverbaende,bauindustrie.de,Der Hauptverband der Deutschen Bauindustrie
fachverbaende,fussbodenbau-bw.de,Fachverband Fußbodenbau Baden-Württemberg e. V.
fachverbaende,gdholz.de,GD Holz - Der Verband für den Holzfachhandel
fachverbaende,zdb.de,Zentralverband des Deutschen Baugewerbes e.V.
fachverbaende,schreinerbaden.de,Schreiner Baden e.V.
fachverbaende,farbe-bw.de,Landesinnungsverband des Maler- und Lackiererhandwerks
fachverbaende,zdh.de,ZDH - Zentralverband des Deutschen Handwerks
fachverbaende,bgv-vdz.de,Baugewerbe-Verband Sachsen-Anhalt
fachverbaende,farbe-westfalen.de,Maler und Lackierer Innungsverband WESTFALEN
fachverbaende,friseure-nrw.de,Friseur- und Kosmetikverband NRW
fachverbaende,arbeitgeber.de,Willkommen bei BDA-Online
fachverbaende,schornsteinfeger-liv-baden-wuerttemberg.de,Landesinnungsverband des Schornsteinfegerhandwerks
fachverbaende,kunsthandwerk.de,Bund der Kunsthandwerker Baden-Württemberg e.V.
fachverbaende,ivd.net,Immobilienverband IVD Bundesverband
fachverbaende,fachverband-fk.de,Fachverband Friseur und Kosmetik Baden-Württemberg
fachverbaende,farbe-hessen.de,Verband Farbe Gestaltung Bautenschutz Hessen
fachverbaende,kav-bayern.de,KAV Bayern e.V.
fachverbaende,bivsuedwest.de,Bäckerinnungsverband Südwest
fachverbaende,kfz-mdk.de,Mitteldeutschen Kraftfahrzeuggewerbe
fachverbaende,uv-do.de,Unternehmensverband der Metallindustrie für Dortmund und Umgebung e.V.
fachverbaende,kfz-sachsen.de,Landesverband des Kfz-Gewerbes Sachsen e.V
fachverbaende,kh-ms.de,Textilreinigerinnung Münster Münsterland
fachverbaende,dachdecker.org,Zentralverband des Deutschen Dachdeckerhandwerks
fachverbaende,uvuw.de,Unternehmensverband Unterelbe-Westküste e.V.
fachverbaende,tischler-nord.de,Landesinnungsverband des Tischlerhandwerks Hamburg/Schleswig-Holstein
fachverbaende,fachverband-fliesen.de,Fachverband des Deutschen Fliesengewerbes (Berlin)
fachverbaende,milchindustrie.de,Milchindustrie-Verband e. V.
fachverbaende,massschneider-bw.de,Landesinnungsverband der Maßschneider Baden-Württemberg (LIV)
fachverbaende,schreiner.saarland,Wirtschaftsverband - Holz und Kunststoff Saar e.V.
fachverbaende,bsb-ev.de,Bauherren-Schutzbund e. V.
fachverbaende,installateur-mv.de,Fachverband SHK Mecklenburg-Vorpommern
fachverbaende,livbw.de,Landesinnungsverband Baden-Württemberg
fachverbaende,kfz-bw.de,Kfz Landesverband Baden-Württemberg
fachverbaende,farbe.de,Bundesverband Farbe Gestaltung Bautenschutz
fachverbaende,estrich-belag.de,"Fachverband Fußbodenbau Baden-Württemberg, Innung Estrich und Belag Württemberg"
fachverbaende,vbi.de,Verband Beratender Ingenieure VBI
fachverbaende,ddv-nr.de,Dachdecker Verband Nordrhein
fachverbaende,dachdecker-bw.de,Landesinnungsverband des Dachdeckerhandwerks BW
fachverbaende,schornsteinfeger.de,Bundesverband des Schornsteinfegerhandwerks
fachverbaende,schreiner.de,Die Verbände des Schreinerhandwerks
fachverbaende,fachverband-metall-bayern.de,Fachverband Metall Bayern
fachverbaende,agv-online.de,Arbeitgeberverband der Wohnungswirtschaft e.V.
fachverbaende,tischler-schreiner.de,"Bundesinnungsverband für Tischler,Schreiner, Drechsler und Baufertigteilmonteure"
fachverbaende,tanzen.de,Allgemeiner Deutscher Tanzlehrerverband
fachverbaende,igaoptic.de,IGA OPTIC eG - Die Interessengemeinschaft für Optiker
fachwerkbau,zimmerei-blanken.de,Holz- und Fachwerkbau GmbH Blanken
fachwerkbau,zimmerei-andrefischer.de,Industrie- und Hallenbauten. Unsere Referenzen werden Sie überzeugen!
fachwerkbau,zimmerei-salzmann.de,"Zimmerei Salzmann - Neubau, Ausbau, Umbau und Sanierung"
fachwerkbau,holzhandwerk-wendt.de,Zimmerei Wendt GmbH & Co. KG
fachwerkbau,zimmerei-fuchs.de,Zimmerei Fuchs GmbH
fachwerkbau,zimmerei-rau.de,Zimmerei Michael Rau - Meisterbetrieb
fachwerkbau,fachwerkhof-ammerland.de,Fachwerkhof Ammerland · Rust GmbH
fachwerkbau,fachwerk-turner.de,Turner Fachwerksanierung und Aufbau
fachwerkbau,hoko-haus.de,Fachwerkhaus - Fertighaus - HOKO Fertighaus GmbH
fachwerkbau,zimmerei-hohn.de,Hohn GmbH
fachwerkbau,zimmerei-osnabrueck.de,Die Zimmerei Wellenkötter Osnabrück
fachwerkbau,fuhrberger.de,Fuhrberger Fachwerkhaus - Fuhrberger Zimmerei Betriebsgesellschaft mbH
fachwerkbau,zimmerei-willers.de,Zimmerei Willers GmbH
fachwerkbau,dieckmann-bauenmitholz.de,Dieckmann - Bauen mit Holz
fertighaus,wilch.de,Wilch Holzhaus GmbH -
fertighaus,ideal-heim-bau.de,ideal-heim-bau GmbH u. Co. KG
fertighaus,gussek-haus.de,Gussek Haus
fertighaus,baufritz.com,"Ökologische Holzhäuser - Bau-Fritz GmbH & Co. KG, seit 1896"
fertighaus,christianpanbo.dk,Christian Panbo Blockhäuser A/S - Qualitätsblockhäuser aus Dänemark
fertighaus,albert-haus.de,Albert Haus GmbH & Co. KG
fertighaus,zmh.com,ZimmerMeisterHaus
fertighaus,fritzstenger.de,Fritz Stenger Dachaufstockung und Holzhäuser
fertighaus,bodenseehaus.de,Bodenseehaus Vertriebs GmbH
fertighaus,fjorborg-gruppe.de,Fjorborg Häuser GmbH & Co. KG
fertighaus,monashee-blockhaus.de,Monashee Blockhaus
fertighaus,fertighaus-keitel.de,Fertighaus Keitel
fertighaus,weiss-holzhaus.de,Holzhausbau Weiss
fertighaus,holznoack.de,"Gebrüder Noack, Holzfachmarkt GmbH & Sägewerk GbR"
fertighaus,aicher-holzhaus.de,www.aicher-holzhaus.de
fertighaus,xylotec.de,Xylotec GmbH
fertighaus,klimathermhaus.de,Klimathermhaus Vertrieb GmbH
fertighaus,adlerhaus.de,Adlerhaus GmbH
fertighaus,kampa.de,KAMPA GmbH
fertighaus,steinhauer-holzhaus.de,Steinhauer - Holzhaus GmbH - Blockhäuser und Fertighäuser
fertighaus,bau-dein-schwedenhaus.de,HOLZHAUS - Baubüro SÜD der Akost GmbH
fertighaus,tirolia-holzhaus.com,TIROLIA Blockhaus Vertriebs-GmbH
fertighaus,moderna-bau.com,Moderna-Bau GmbH
fertighaus,vierck-schwedenhaeuser.de,Vierck Schwedenhäuser GmbH
fertighaus,voerder-holzhaus.de,Holzhäuser Blockhäuser - DAS VÖRDER HOLZHAUS - Bausätze schlüsselfertig
Fischzucht,teichwirtschaft-jarlingen.de,Teichwirtschaft Jarlingen Inh. Dirk Siewert
floristik,schaar-pflanzenwelt.de,Schaar Pflanzenwelt
floristik,blumen-freitag-bingen.de,Blumenhaus Freitag
floristik,dieblumenkoenigin.beepworld.de,Die Blumenkönigin
floristik,lilydeluxe.de,Lily deluxe Blumen
floristik,blumen-florales.de,Blumen und Florales Zetzschke
floristik,blumen-elfner.de,Blumen Elfner
floristik,flower-factory.de,Flower Factory
floristik,fgh-hh.de,Friedhofsgaertner-Genossenschaft Hamburg eG
floristik,master-stauden.de,MASTER STAUDEN GmbH & Co. KG
floristik,haediflor.de,A-Z BLUMEN HAEDI-FLOR
floristik,floristik-rosenrot.de,Floristik Rosenrot
floristik,gaertnerei-lindemann.de,Gärtnerei Lindemann
floristik,bloomandbeyondberlin.de,Green Queen Flower GmbH
floristik,botanic-international.com,Botanic International
floristik,gaertnerei-schwittmann.de,Friehofsgärtnerei Schwittmann
floristik,stilundbluete.com,STIL+BLÜTE exotische Pflanzen und Blüten
floristik,blumen-schoenemann.de,Blumen Schoenemann
floristik,blumen-koch.de,Blumen Koch
floristik,fleurop.de,Fleurop GmbH
floristik,1a-garten-ammer.de,Blumen Ammer Osterhofen - Meisterbetrieb für Gartenbau und Floristik -
floristik,flora-fee.de,Flora Fee - Rolf Lienenbecker GmbH & Co.KG
floristik,hydro-zink.de,HYDRO-ZINK - Die Pflanzenwelt!
floristik,floristik-fleige.de,onlineshop blumenbestellen - Floristik Fleige - Floristmeisterbetrieb
floristik,der-blumenladen-koeln.de,Der Blumenladen Köln
floristik,gaertnerei-meyer.de,Floristik Gärtnerei - Meyer
floristik,blumen-studio-schwarz.de,Blumen-Studio-Schwarz Hamm/Westf.
floristik,floralarts.de,Floral Arts & Services
floristik,blumen-groehbuehl.de,Blumen Wolfgang Gröhbühl
floristik,bonsai-shop-koeln.de,Bonsai shop köln
floristik,blumen-kamann.de,BLUMEN KAMANN
floristik,blumen-uhl.com,Blumen Uhl
floristik,blumenhaus-herda.de,Blumenhaus Herda
floristik,1a-blumen-kamm.de,1A Blumen Kamm
floristik,osswald-blumen.de,Osswald Blumen und Pflanzen
floristik,floristik-schiefer.de,Ambiente und Floristik Schiefer
floristik,lotosteam.de,Blumenteam Lotos GmbH
floristik,blumen-komander.de,Blumen Komander
Flughäfen,flughafen-obermehler.de,Flughafen Obermehler GmbH
Flugzeugcharter,heliko.de,Helicopter Service Thüringen GmbH
Fußpflege / Pediküre,beautysierra.de,JDA BeautyLounge Sierra
Gästeführungen,wechmar-bach.de,Touristinformation des GeoPark Inselsberg Drei Gleichen
Gebäudetechnik,auw-fn.de,Auerhammer & Weiland Planungsbüro VDI
geruestbau,gipsermayer.de,Gipser Mayer GmbH
geruestbau,maler-wind.de,"Maler Wind Knöringen bei Landau Pfalz, Stukkateur Gipser Malerarbeiten"
geruestbau,e-h-group.com,Ebert HERA Esser Holding GmbH
geruestbau,gebr-sonntag.de,Gebr. Sonntag GmbH & Co.KG
geruestbau,wemo-tec.com,WEMO-tec GmbH
geruestbau,teupe.de,Teupe Holding GmbH
geruestbau,malerfachbetriebklein.de,Malerfachbetrieb Klein
geruestbau,maler-sensen.de,Malerbetrieb Sensen GmbH
geruestbau,goebbels-gmbh.de,Göbbels GmbH
geruestbau,htg-stralsund.de,HTG  GmbH
geruestbau,hdtbaustoffe.de,HDT Baustoffe UG
geruestbau,kunze-buehnen.com,Kunze GmbH
geruestbau,bilfinger.com,Bilfinger Engineering & Maintenance GmbH
geruestbau,hugo-heiler.de,Gipser und Stukkateurhandwerk- Hugo Heiler GmbH
geruestbau,wosi.de,WOSI-Energetik GmbH Wobst & Siegert
geruestbau,gipserfischer.de,Gipser Fischer- Stuckateurmeister & Restaurator im Stuckateurhandwerk
Gespanntransport,motorrad-quad-transport.de,TiGo-TEC Transporte
Gesundheit & Schönheit - Brillen,vintage-sonnenbrille.de,Rapp Handels GmbH
Gesundheit & Schönheit - Fitness,ironmaxx.de,IronMaxx Nutrition GmbH
Gesundheit & Schönheit - Fitness,fitavenue.de,Fit Avenue
Gesundheit & Schönheit - Fitness,physio-to-go-berlin.com,physio-to-go-berlin
Gesundheit & Schönheit - Fitness,yoga-kurs-online.de,NetYoga
Gesundheit & Schönheit - Fitness,soma-yoga-freiburg.de,Ralf Schultz Soma Yoga
Gesundheit & Schönheit - Fitness,st-personaltraining-kiel.de,ST Personal Training
Gesundheit & Schönheit - Maniküre & Pediküre,beauty-wellness-in-der-naehe.de,Jevio Jessica Leidel
Gesundheit & Schönheit - Sanitätsbedarf,wwellness.co,Worldwide Wellness
Gesundheit & Schönheit - Schönheitsoperationen,mommy-makeover.at,Mommy Makeover im Kuzbari Zentrum für Ästhetische Medizin
Gesundheit & Schönheit - Sonstiges,salon-haarzone.de,Salon Haarzone
Gesundheit & Schönheit - Sonstiges,mydefibri.com,My Defibri
Gesundheit & Schönheit - Sonstiges,unterstuetzte-kommunikation-talker.de,SARAMED Medizin- und Rehatechnik Gülsemin Özkaya
Gesundheit & Schönheit - Sonstiges,kinderdentist.de,KINDERDENTIST-Praxis Marzahn
Gesundheit & Schönheit - Sonstiges,psychologischeberatung-kartenlegen-hamburg.de,Lena Nacke-Jessien
Gesundheit & Schönheit - Sonstiges,gewaechshaeusertest.de,Gewächshaus Test
Gesundheit & Schönheit - Sonstiges,drapalin.de,DRAPALIN Pharmaceuticals GmbH
Gesundheit & Schönheit - Sonstiges,tierarztpraxis-schwerin.de,"Dr. Anja Zogall, praktische Tierärztin"
Gesundheit & Schönheit - Sonstiges,rotebuehlpraxis.de,Rotebühlpraxis Dr. med Markus Heinemann
Gesundheit & Schönheit - Sonstiges,tattoo-studio-kiel.de,INK SOCIETY
Gesundheit & Schönheit - Sonstiges,kids-zahnspange.at,Eltz Kids - Zahnspangen für Kinder
Gesundheit & Schönheit - Sonstiges,apothekeoesterreich.eu,Globalmedic Investments Office NL
Gesundheit & Schönheit - Sonstiges,meindentist.de,MEINDENTIST-Praxis Marzahn
Gesundheit & Schönheit - Sonstiges,gestalttherapie-coaching-nicolaisen.de,Therapie und Coaching Friederike Nicolaisen
Gesundheit & Schönheit - Sonstiges,herzog-gesundheit-schoenheit.de,Herzog Praxis für Gesundheit und Schönheit
Gesundheit & Schönheit - Sonstiges,erektionsmittel.eu,Erektions Mittel
Gesundheit & Schönheit - Sonstiges,zahnregulierung-votiv.at,Zahnregulierung & Zahnspange Votiv
Gesundheit & Schönheit - Sonstiges,hypnose-koeln.de,Hypnose Köln
Gesundheit & Schönheit - Sonstiges,domiziltherapie.ch,Ergotherapie Kerstin Keil
Gesundheit & Schönheit - Sonstiges,hypnose.hamburg,Hypnose . Hamburg
Gesundheit & Schönheit - Wellness,gesundheitszentrum-kreuth-am-tegernsee.de,Gesund & Vital Studio für Gesundheits und Personaltraining
Gesundheit & Schönheit - Wellness,herzmut-seelennest.de,Michaela Reichling
Getränke,getraenke-feirer.de,Getränke Feirer GmbH
Getränkeangebot,getraenkemarkt-uder.de,Getränkemarkt Uder
Getränkevertrieb,getraenkeflas.de,Flas Willy Wein- u. Getränkefachmarkt
glasblaeser-Glasapparatebauer,glas-bartholmes.de,Glasbläserei- Baumschmuck aus Glas.
glasblaeser-Glasapparatebauer,lichtmuehlen.de,Die Glasbläserei VOGEL in Steinach Thüringen
glasblaeser-Glasapparatebauer,objektglas.de,Glaserei Heinz Dieter Klar
Glastüren,trommer.portas.de,Portas Inh. Jörg Trommer
Glücksspiel,magic-casino.de,Magic Casino Spielhalle
Handel mit Waren aller Art,reformhaus-fuelle.de,Reformhaus Fülle
Handel mit Waren aller Art,lesezirkel-bohn.de,Lesezirkel Brigitte Bohn
handelskammern,ihk-siegen.de,Industrie und Handelskammer Siegen
handelskammern,mittlerer-niederrhein.ihk.de,Industrie und Handelskammer Mittlerer Niederrhein
handelskammern,ihk-muenchen.de,Industrie und Handelskammer München und Oberbayern
handelskammern,frankfurt-main.ihk.de,Industrie und Handelskammer Frankfurt am Main
handelskammern,dihk.de,Deutscher Industrie- und Handelskammertag (DIHK)
handelskammern,ostwestfalen.ihk.de,Industrie- und Handelskammer Ostwestfalen zu Bielefeld
handelskammern,ihk.de,IHK Ostbrandenburg - Partner.IHK - Wir für Ostbrandenburg
handelskammern,hk-schweiz.at,Handelskammer Schweiz- Österreich- Liechtenstein
handelskammern,ihk-bonn.de,IHK Industrie- und Handelskammer Bonn/Rhein-Sieg
handelskammern,leipzig.ihk.de,Industrie- und Handelskammer zu Leipzig
handelskammern,neubrandenburg.ihk.de,Industrie- und Handelskammer zu Neubrandenburg
handelskammern,ihk-nuernberg.de,Industrie und Handelskammer Nürnberg für Mittelfranken
handelskammern,wuerzburg.ihk.de,Industrie und Handelskammer Würzburg- Schweinfurt
handelskammern,saarland.ihk.de,Industrie und Handelskammer Saarland
handelskammern,suhl.ihk.de,Industrie- und Handelskammer Südthüringen
handelskammern,reutlingen.ihk.de,Industrie und Handelskammer Reutlingen
handelskammern,ihk-arnsberg.de,"Industrie und Handelskammer Arnsberg, Hellweg-Sauerland"
handelskammern,offenbach.ihk.de,Industrie und Handelskammer Offenbach a. Main
handelskammern,ihk-trier.de,Industrie und Handelskammer Trier
Haus & Garten - Baumfällungen,zaunmontagen-berlin.de,OVM Dienstleistungen UG
Haus & Garten - Baumfällungen,stubben-ex.de,stubben-ex
Haus & Garten - Baumfällungen,garden-events.de,garden-events
Haus & Garten - Baumfällungen,servicecenter-hasenbeck.de,Rundumservice-Hasenbeck
Haus & Garten - Baumfällungen,teichbau-schmid.de,Schmid GbR
Haus & Garten - Baumfällungen,odpf-gartenbau.de,ODPF GARTENBAU
Haus & Garten - Baumfällungen,gartengestaltung-dresden.de,Planung und Gestaltung von Gärten
Haus & Garten - Baumfällungen,boemgarden.ro,Boem Garden GbR
Haus & Garten - Baumfällungen,garten-persner.de,Gartengestaltung Persner
Haus & Garten - Baumfällungen,blumen-helmle.de,Blumen Helmle
Haus & Garten - Baumfällungen,gartenbau-can.de,Gartenbau-Can
Haus & Garten - Baumfällungen,igsgartenteam.2page.de,IGS-Gartenservice
Haus & Garten - Baumfällungen,gartengestaltung-ulrich.vpweb.de,Gartengestaltung Ulrich
Haus & Garten - Baumfällungen,herodienst.de,Hero Dienst
Haus & Garten - Baumfällungen,hauskompakt.de,Haus Kompakt service rund um Haus und Grund
Haus & Garten - Baumfällungen,galabau-lippold-gaerten.de.tl,Garten und Landschaftsbau Lippold Gärten
Haus & Garten - Baumfällungen,schneiderdienstleistungen.npage.de,Schneider-Dienstleistungen
Haus & Garten - Baumfällungen,goni-magacin.de,Sabani
Haus & Garten - Baumfällungen,gartenherz.info,Gartenherz ein Betrieb im KRD
Haus & Garten - Baumfällungen,galabau-roese.de,Garten- und Landschaftsgestaltung Frank Röse
Haus & Garten - Baumfällungen,hanse24-team.de,HANSE24-Dienstleistungen
Haus & Garten - Baumfällungen,skanta-holz.de,Skanta Forstunternehmen
Haus & Garten - Baumfällungen,fritz-galabau.de,Jörg Fritz Garten- und Landschaftsbau
Haus & Garten - Baumfällungen,gartenbau-brandt.net,Garten-und Lanschafstbau Meik Brandt
Haus & Garten - Baumfällungen,climbingact.de,Climbimg Act
Haus & Garten - Baumfällungen,web.de,Baumberger Hausmeisterdienst
Haus & Garten - Baumfällungen,gartenparadies-ch.de,Gartenparadies CH          Garten und Landschaftsbau
Haus & Garten - Baumfällungen,galabau-wimmershoff.de.rs,Garten-Gestaltung
Haus & Garten - Baumfällungen,serviceprofi-braik.de,Serviceprofi Braik
Haus & Garten - Baumfällungen,dienstleistungen-service-wagner.de,Dienstleistungen und Service Wagner ( DSW )
Haus & Garten - Baumfällungen,lambecks.de,Lambeck Seilklettertechnik & Hausmeisterdienst
Haus & Garten - Baumfällungen,andre-goette.de,"Gebäudemanagement, Grün- und Außenanlagen Götte"
Haus & Garten - Baumfällungen,beckold.de,Beckold und Renziehausen BR GmbH
Haus & Garten - Brunnen & Teiche,birkenzweig.de,Birkenzweig Naturgartenbau
Haus & Garten - Elektroschrott,bobrow-koeln.de,BOBROW-Entrümpelung
Haus & Garten - Elektroschrott,blitzesauber.de.tl,Blitz Sauber
Haus & Garten - Elektroschrott,klickinfo.de,HomeTech HGS (Haus- und Grundstückservice)
Haus & Garten - Elektroschrott,greenleafoutdoorservices.com,GreenLeaf Landscaping & Outdoor Services
Haus & Garten - Gartenabfälle,gruen-eden.de,Grün Eden
Haus & Garten - Gartenabfälle,questhausservice.beepworld.de,Quest Hausservice
Haus & Garten - Gartenabfälle,tieresstisch.de,Tier-Esstisch Barth
Haus & Garten - Gartenabfälle,tarons.de,Tarons Group Umzüge & Gebäudeservice
Haus & Garten - Gartenabfälle,htbservice.de,HTB Service
Haus & Garten - Gartenabfälle,holzapfel-service.de,Mario Holzapfel - Service rund um Haus und Garten
Haus & Garten - Gartenabfälle,allrounder-service.npage.de,Allrounder-Service
Haus & Garten - Gartenabfälle,bremer-hexen.de.to,Bremer-Hexen
Haus & Garten - Graffiti entfernen,anjasiglowdienstleistungsservice.de,Anja Siglow Dienstleistungs Service
Haus & Garten - Haushaltsauflösung,ordnungs-sortierservice.de,Ordnungs-Sortierservice
Haus & Garten - Haushaltsauflösung,h-l-h.de.to,Haushalts- und Wohnungsauflösung LEIPZIG/HALLE
Haus & Garten - Haushaltsauflösung,xn--seite-fr-d6a.de,AMS Haushaltsauflösung Nachlassberäumung Sachsen
Haus & Garten - Haushaltsauflösung,hausratsaufloesung.npage.de,ruth schmitz
Haus & Garten - Haushaltsauflösung,askmovers.de,ASK POPOVSKI GmbH
Haus & Garten - Haushaltsauflösung,transporte-nord.de,M&K
Haus & Garten - Haushaltsauflösung,diewohnraumoptimierer.de,Die Wohnraum-Optimierer
Haus & Garten - Haushaltsauflösung,putzelcheberlin.simdif.com,Putz Elche Berlin Gebäudeservice
Haus & Garten - Haushaltsauflösung,xn--entrmpelung-kosten-p6b.de,Entrümpelung Benzer
Haus & Garten - Haushaltsauflösung,adler-eilboten.de,Adler-Eilboten
Haus & Garten - Haushaltsauflösung,cleaner-team-rhein-main.de,Cleaner-Team Rhein-Main
Haus & Garten - Haushaltsauflösung,entruempelung-deutschland.de,Entrümpelung-Deutschland.de
Haus & Garten - Pflanzen,cvramaker.de,Heckenpflanzen Ramaker
Haus & Garten - Schädlingsbekämpfung,spinnenalarm.de,Die Putzprofis
Haus & Garten - Sondermüll,1aumzuege.de,A.A.A 1A Umzüge GmbH
Haus & Garten - Sondermüll,sorglosumzuege.de,Sorglos Umzüge & Entrümpelungen
Haus & Garten - Sonstiges,ikeruhana.de,Ikeruhana. Inh Oksana Hudzova
Haus & Garten - Sonstiges,glas-duschwand.de,Glas Seelig - Eduard Seelig e.K.
Haus & Garten - Sonstiges,skandinavische-deko.de,Jürgen Dressler - MONEmente
Haus & Garten - Sonstiges,markisenpark.de,MarkisenPark
Haus & Garten - Sonstiges,buegelservice-24.de,Tinas mobiler Bügel-Service
Haus & Garten - Sonstiges,pft-i.de,PFT Ingenieure
Haus & Garten - Sonstiges,fhublask.pl,F.H.U. BLASK-Sendel Bozena Maria
Haus & Garten - Sonstiges,bac.ag,Bieri Alpha Covers AG
Haus & Garten - Sonstiges,shop.pearlmop.com,Pearlmop - your Cleaninig Assistant
Haus & Garten - Sonstiges,toilettensitz-befestigung.de,WC-Sisto
Haus & Garten - Sonstiges,vm-systeme.de,VM Systeme
Haus & Garten - Sonstiges,aab-transporte.de,AAB Transport- und Kurierdienste (Gebäudemanagement)
Haus & Garten - Sonstiges,schluesselfritze-berlin.de,Schlüsselfritze
Haus & Garten - Zäune,sdh24.de,sdh24
Haus- u. Grundstücksservice,mk-hausgartenservice.de,MK Haus- & Garten Service Marco Krumbein
Hausaufgabenbetreuung,nachhilfe-immerschlau.de,Immerschlau GmbH Nachilfeunterricht
hersteller-Lieferanten,gc-gruppe.de,GC Großhandels Contor GmbH
hersteller-Lieferanten,loew-ergo.de,Löw Ergo - Die Arbeitsplatzergonomen
hersteller-Lieferanten,bembergsauna.de,bemberg wuellner GbR - Sauna Showroom Ludwigsburg
hersteller-Lieferanten,zaunteam.de,Zaunteam Franchise AG
hersteller-Lieferanten,hasse.info,C. Hasse & Sohn -  Inh. E. Rädecke GmbH & Co. KG
hersteller-Lieferanten,flexparts.de,Flexparts GmbH
hersteller-Lieferanten,smb.berlin,smb Seilspielgeräte GmbH Berlin in Hoppegarten - Sport- und Freizeitgeräte
hersteller-Lieferanten,industrieservice-illgner.de,Industrieservice Andreas Illgner
hersteller-Lieferanten,spreitzer.de,Spreitzer GmbH & Co. KG
hersteller-Lieferanten,claptzu.de,Clap Tzu GmbH
hersteller-Lieferanten,tiroled.com,TIROLED GmbH
hersteller-Lieferanten,kruess.com,A.KRÜSS Optronic GmbH
hersteller-Lieferanten,gehlhaar-gmbh.de,GEHLHAAR KFZ-Werkstattausrüstungen GmbH
hersteller-Lieferanten,mc-garagen.de,Fertiggaragen – preiswert und flexibel - MC Garagen - MC Vertriebs GmbH
hersteller-Lieferanten,mainbrick.de,Mainbrick
hersteller-Lieferanten,tortechnik-thoma.de,Tortechnik Thoma
hersteller-Lieferanten,city-tore.de,City Tore GmbH
hersteller-Lieferanten,stoerk-umwelttechnik.de,Biologische Kanalschachtfilter und Verschlusssysteme für den Kanalschacht
hersteller-Lieferanten,bauzaunmarkt.de,Bauzaunmarkt.de
hersteller-Lieferanten,ledoptix.de,LEDoptix GmbH
hersteller-Lieferanten,yachtbau-brune.de,Yachtbau Brune: BHT GmbH
hersteller-Lieferanten,allesmuelleroderwas.de,Molkerei Alois Müller GmbH & Co. KG
hersteller-Lieferanten,trend-products.net,TP Matten-Shop GmbH
hersteller-Lieferanten,fuk-sonderblechverarbeitung.de,F & K Sonderblechverarbeitung GmbH Harsewinkel
hersteller-Lieferanten,exponyl.shop,Exponyl GmbH
hersteller-Lieferanten,poolsana.de,"PoolSana GmbH & Co. KG - Pool, Sauna, Sonne"
hersteller-Lieferanten,colorglo.de,Color Glo International
hersteller-Lieferanten,skoberne.de,Skoberne Schornsteinsysteme GmbH
hersteller-Lieferanten,kawasaki.de,Kawasaki Motors Europe N.V. - Niederlassung Deutschland
hersteller-Lieferanten,kb-electronic.de,K + B electronic systems GmbH
hersteller-Lieferanten,durexon.de,Dachbeschichtung von DUREXON
hersteller-Lieferanten,hendricks-indutec.de,"Fa. Hendricks, Industrietechnik, Indutec, Service, Beratung, Ausführung, Dichtungen, Dichtschnuere"
hersteller-Lieferanten,porsche.com,Dr. Ing. h.c. F. Porsche AG
hersteller-Lieferanten,wulf-zargen.de,Wulf Stahlzargen
hersteller-Lieferanten,kraftholz.com,kraftholz neuhofer
hersteller-Lieferanten,nakra.de,NAKRA - Michael Messerschmidt e.K.
hersteller-Lieferanten,kugel-baer.de,Kugel-Bär GmbH - Partner des Metallhandwerks
hersteller-Lieferanten,teka.eu,TEKA Absaug- und Entsorgungstechnologie GmbH
hersteller-Lieferanten,hpl-gartenhaus.de,nogabo® GmbH
hersteller-Lieferanten,ordner.de,ordner.de
hersteller-Lieferanten,bruck-forgings.com,Brück GmbH - Key Solutions in Steel - BRÜCK
hersteller-Lieferanten,ako-armaturen.de,AKO Armaturen & Separationstechnik GmbH
hersteller-Lieferanten,hauraton.com,"Hauraton GmbH und Co KG, Produkte für den Umweltschutz"
hersteller-Lieferanten,agrar-noebdenitz.de,Agrargenossenschaft Nöbdenitz eG
hersteller-Lieferanten,fischer-fertigungstechnik.de,Fischer Fertigungstechnik GmbH & Co. KG
hersteller-Lieferanten,systec-lab.de,Systec GmbH
hersteller-Lieferanten,feine-streichinstrumente.de,Meisterwerkstatt Wunderlich - Markneukirchen
hersteller-Lieferanten,holz-kahrs.de,Kahrs GmbH
hersteller-Lieferanten,sigmacoatings.de,PPG Coatings Deutschland GmbH - Sigma Coatings
hersteller-Lieferanten,knopf-horn.de,Herbert Fritz Knopf - Wald- und Doppelhörner seit 1852
hersteller-Lieferanten,woodmizer.de,Wood-Mizer GmbH
hersteller-Lieferanten,au-t.de,Amberg Umwelt-Technik GmbH
hersteller-Lieferanten,wood-lounge.de,Wood-Lounge Worpswede GmbH
hersteller-Lieferanten,fero.de,FeRo - Wasser Wärme GmbH
hersteller-Lieferanten,gerhard-wolfram.de,Gerhard Wolfram -Meister für Metallblasinstrumentenbau
hersteller-Lieferanten,adam-erosion.org,Mechanische Werkstatt Adam GmbH
hersteller-Lieferanten,dynamostol.de,Dynamostol ApS - München
hersteller-Lieferanten,creativbeton.de,"Hof und Hauswege selbst gemacht, mit Creativbeton"
hersteller-Lieferanten,brennstoff-kauf.de,Brennstoffhandel Lehner
hersteller-Lieferanten,walcher.com,Walcher GmbH & Co. KG
hersteller-Lieferanten,auer-strahltechnik.de,Paul Auer GmbH
hersteller-Lieferanten,voss.net,VOSS Holding GmbH + Co. KG
hersteller-Lieferanten,gravur.com,Industrie Gravuren GmbH - Industriegebiet Raite
hersteller-Lieferanten,gravur.de,Bornemann GmbH
hersteller-Lieferanten,dyckerhoff.com,Dyckerhoff AG Unternehmensgruppe
hersteller-Lieferanten,asch-kunststofftechnik.de,Asch Kunststoffverarbeitung
hersteller-Lieferanten,alfipa.de,AlFiPa GmbH & Co. KG - Aluminium - Film - Papier - für Industrieanwendungen
hersteller-Lieferanten,hattendorf-oltrogge.de,Hattendorf & Oltrogge GmbH
hersteller-Lieferanten,stuhl-stephan.com,"Schwuerzinger Objekteinrichtung GmbH. Stuehle, Stapelstuehle, Bistrostuehle, Tische, Sessel"
hersteller-Lieferanten,spechtenhauser.de,Spechtenhauser Pumpen GmbH
hersteller-Lieferanten,wiedemann.de,WIEDEMANN Dienstleistung und Verwaltung GmbH
hersteller-Lieferanten,hbw-handel.de,HBW Handel
hersteller-Lieferanten,hagola.de,HAGOLA Gastronomie-Technik GmbH & Co. KG
hersteller-Lieferanten,pohlcon.com,PohlCon GmbH
hersteller-Lieferanten,caliso.de,caliso.de
hersteller-Lieferanten,tegels.de,Tegels Fliesenfachgeschäft
hersteller-Lieferanten,gabelstapler-rehberg.de,Gabelstaplerzubehör Rehberg OHG
hersteller-Lieferanten,novelta.de,NOVELTA BEREGNUNGSANLAGEN
hersteller-Lieferanten,mh-regale.de,"MH-Regale - Kragarmregal, Lagerbühne, Weitspannregal für Lager und Industrie"
hersteller-Lieferanten,rinck-kisten.de,Rinck Altländer Kisten und Paletten E.K.
hersteller-Lieferanten,comco-epp.com,MERTL Kunststoffe GmbH
hersteller-Lieferanten,siegert-strumpfwaren.de,"Wir ketteln Socken, Strümpfe, Strumpfhosen - Ihr Kettelspezialist im Erzgebirge"
hersteller-Lieferanten,recticelinsulation.com,RECTICEL Dämmsysteme GmbH
hersteller-Lieferanten,vordachabwerk.de,Glas Vordach bei Vordach Ab Wek
hersteller-Lieferanten,hoffmann-hoppestock.de,Hoffmann & Hoppestock GmbH
hersteller-Lieferanten,franzen-maschinen.de,JOHANNES FRANZEN GMBH & CO. KG
hersteller-Lieferanten,oilpressparts.com,Oilpressparts GmbH & Co. KG
hersteller-Lieferanten,ponton-vermietung-hamburg.de,Taucher Frey Pontonvermietung
hersteller-Lieferanten,gaptec.de,GAPTEC AUTOMOTIVE ENGINEERING
hersteller-Lieferanten,janssen-dach.de,H. Janssen & Co. KG
hersteller-Lieferanten,stkabel.de,STKabel- Kabelkonfektion in allen Variationen.
hersteller-Lieferanten,kloeckner.com,Klöckner & Co: Multi metal Distribution
hersteller-Lieferanten,lagertechnik-becker.de,Lagertechnik Becker GmbH
hersteller-Lieferanten,zenz.de,Zenz Blockbandsägen & Landmaschinen
hersteller-Lieferanten,renofloor.de,RENOfloor GmbH
hersteller-Lieferanten,glo24.de,GLo24 Gebäude- & Umwelttechnik GmbH
hersteller-Lieferanten,hesondiamant.de,heson Diamantfeilen GmbH
hersteller-Lieferanten,beitler-metalltechnik.de,Beitler Metalltechnik GmbH
hersteller-Lieferanten,stuck-hardt.de,Stuck Dekor Hardt GmbH & Co. KG
hersteller-Lieferanten,ducati.com,Ducati Motor Holding S.p.A.
hersteller-Lieferanten,wurow.de,Wurow Isoliertechnik GmbH
hersteller-Lieferanten,carduck.de,F. W. Carduck GmbH
hersteller-Lieferanten,keim.com,KEIMFARBEN GmbH - der führende Spezialist für Mineralfarben
hersteller-Lieferanten,metallbearbeitung-ralf-weisheit.de,Metallbearbeitung Ralf Weisheit GmbH
hersteller-Lieferanten,blo-lackiersysteme.de,Böhnstedt Lackier- & Oberflächensysteme GmbH
hersteller-Lieferanten,eliga.com,Elsässer GmbH
hersteller-Lieferanten,kerschgens.de,Kerschgens Stahl & Mehr GmbH
hersteller-Lieferanten,thater-kunststofftechnik.de,Thater Kunststofftechnik GmbH
hersteller-Lieferanten,stex24.de,Stecker Express GmbH
hersteller-Lieferanten,dielichtwerber.com,Lauschner Lichtwerbung GmbH
hersteller-Lieferanten,tresor-discount.de,Tresor- Discount: Wir liefern Tresore fast aller Hersteller zum Discountpreis.
hersteller-Lieferanten,czf-getriebe.de,CHEMNITZER ZAHNRADFABRIK GmbH & Co. KG
hersteller-Lieferanten,flashaar.de,FLASHAAR LEDLight GmbH & Co. KG
hersteller-Lieferanten,porto-tragetaschen.de,WS-Team Verpackung+Werbung GmbH
hersteller-Lieferanten,sonsofsauna.de,BINCO HANDELS GBR
hersteller-Lieferanten,wmf.com,WMF Retail GmbH
hersteller-Lieferanten,metawell.com,Metawell GmbH
hersteller-Lieferanten,holzhandlung-kozole.de,Holzhandlung Kozole
hersteller-Lieferanten,bartczak-gelaender.eu,Bartczak-Gelaender
hersteller-Lieferanten,lero-holz.de,LERO Holz
hersteller-Lieferanten,flexotube.de,Flexotube GmbH
hersteller-Lieferanten,ett.de,ETT Verpackungstechnik GmbH
hersteller-Lieferanten,wandmanufaktur.de,Jertz Wandmanufaktur UG
hersteller-Lieferanten,frankierprofi.de,Frankierprofi GmbH
hersteller-Lieferanten,ridder.de,H.G. RIDDER - Automatisierungs-GmbH
hersteller-Lieferanten,leyco.de,Hochwertiges Industriewasser durch Ionenaustauscher
hersteller-Lieferanten,willenbacher.de,Willenbacher GmbH & Co. KG
hersteller-Lieferanten,ihs-fhw.de,Industrie-Heizkessel-Service Friedhelm Hartmann GmbH
hersteller-Lieferanten,scs-holzshop.de,Scheiffele-Schmiederer KG
hersteller-Lieferanten,miebach.de,Miebach Gruppe - Hugo Miebach GmbH
hersteller-Lieferanten,gh-productsolutions.info,GH Product Solutions
hersteller-Lieferanten,backofenbau-parchim.de,Backofenbau GmbH Parchim
hersteller-Lieferanten,gunga-gmbh.de,Gunga Industriebatterien GmbH
hersteller-Lieferanten,gummi-stricker.de,GUMMI STRICKER GmbH
hersteller-Lieferanten,backofenbau-heuft.de,Hermann Heuft GmbH – Die Backofenbauer
hersteller-Lieferanten,eyeleds.com,"Eyeleds International - Eyeleds, das LED Licht der geringsten Einbautiefe"
hersteller-Lieferanten,contura-modellbau.de,contura-modellbau
hersteller-Lieferanten,webasto.com,Webasto Group SE
hersteller-Lieferanten,engel-gematex.com,"ENGEL Wäschereitechnik GmbH - Trockner, Transportsysteme für Wäschereien"
hersteller-Lieferanten,ebaeko.de,EBÄKO eG
hersteller-Lieferanten,eipro.de,Eipro-Vermarktung GmbH & Co. KG
hersteller-Lieferanten,formreich-krabbelschuhe.de,gesunde Krabbelschuhe und Babyschuhe von formreich
hersteller-Lieferanten,bagstage.de,Bagstage GmbH
hersteller-Lieferanten,beratronic.de,BERATRONIC GmbH
hersteller-Lieferanten,angele.de,Angele Technik oHG
hersteller-Lieferanten,lux-tech.de,Lux Tech - Lagertechnik und Trennwand GmbH
hersteller-Lieferanten,niro-tech.de,NIRO Präzisionstechnik GmbH
hersteller-Lieferanten,rathscheck.de,Rathscheck Schiefer
hersteller-Lieferanten,liag.de,Lindenberg-Anlagen GmbH
hersteller-Lieferanten,safety-films.de,SAFETY FILMS
hersteller-Lieferanten,loewe.tv,Loewe AG
hersteller-Lieferanten,gummiprofiles.de,K&G Rubber-Technik Kft.
hersteller-Lieferanten,optirelax.de,Optirelax GmbH
hersteller-Lieferanten,willermann.net,Modellbau Willermann GmbH
hersteller-Lieferanten,etzdorferhof.de,Agrargenossenschaft Buchheim-Crossen eG
hersteller-Lieferanten,holm-koerner.de,HOLM KÖRNER CNC- UND SCHWEISS-TECHNIK
hersteller-Lieferanten,avt-group.de,AVT STOYE GmbH
hersteller-Lieferanten,bocklet.eu,Bocklet Fahrzeugbau GmbH
hersteller-Lieferanten,buerstner.com,Wohnwagen von Bürstner
hersteller-Lieferanten,blindzylinder.de,W+M Weissensee Metallwaren GmbH
hersteller-Lieferanten,kiimoto-feuer.de,kiimoto Kamine
hersteller-Lieferanten,wilts.de,Egbert Wilts GmbH & Co. KG - Großhandel für Maler & Bodenleger
hersteller-Lieferanten,baumo-motoren.de,Baumo Motoren GmbH
hersteller-Lieferanten,pus-gmbh.eu,Prozeßsteuerung & Systementwicklung GmbH
hersteller-Lieferanten,akotec.eu,AKOTEC Produktionsgesellschaft mbH
hersteller-Lieferanten,grw-einrichtungshaus.de,GRW Schöner Wohnen GmbH
hersteller-Lieferanten,waagen-rieger.de,Waagen-Rieger
hersteller-Lieferanten,ebev.de,EBEV GmbH & Co. KG
hersteller-Lieferanten,zander-gruppe.de,J.W. Zander GmbH & Co. KG - Essen
hersteller-Lieferanten,gardow-engineering.de,Gardow Engineering
hersteller-Lieferanten,msr-ney.de,leittechnische Industriemontage - MSR-NEY GmbH
hersteller-Lieferanten,spork-plane.de,Spork Plane GmbH
hersteller-Lieferanten,heinrichsmeier.com,Günther Heinrichsmeier Holzbearbeitung
hersteller-Lieferanten,hcstarck.com,H.C. Starck Tungsten GmbH
hersteller-Lieferanten,witab-flach-verblender.de,delport-Flach-Verblender-Elemente
hersteller-Lieferanten,markisen-cassani.de,Cassani Scherenarmmarkisen GmbH
hersteller-Lieferanten,bioworks-gmbh.de,BIOWORKS® Verfahrenstechnik GmbH
hersteller-Lieferanten,topschaum.de,Topschaum
hersteller-Lieferanten,dakam-handel.de,Dakam Handel
hersteller-Lieferanten,bigott.de,Industrieservice Siegmund Bigott
hersteller-Lieferanten,dax-metallform.de,DAX MetallForm GmbH & Co. KG
hersteller-Lieferanten,loex.de,LOTZ Exim Trading
hersteller-Lieferanten,berlinerluft.de,BerlinerLuft. Technik GmbH
hersteller-Lieferanten,boxen-werk.de,boxenwerk walterscheid
hersteller-Lieferanten,friedrich-sailer.de,Friedrich Sailer GmbH
hersteller-Lieferanten,luematic.de,Hermann Lümmen GmbH
hersteller-Lieferanten,kreissig-schwimmbadtechnik.de,Ihr Fachmann für Schwimmbadtechnik aus Sachsen
hersteller-Lieferanten,hermes-systeme.de,HERMES Systeme GmbH MSR & Automatisierungstechnik
hersteller-Lieferanten,aconnic.com,aconnic AG
hersteller-Lieferanten,ervema.com,ERVEMA agrar Gesellschaft Wöhlsdorf mbH
hersteller-Lieferanten,nh-technology.de,N&H TECHNOLOGY GMBH - Systemlieferant für Bedieneinheiten
hersteller-Lieferanten,edelstahl-trummer.de,TRUMMER-Edelstahl GmbH
hersteller-Lieferanten,triumphmotorcycles.de,Triumph Motorrad Deutschland GmbH
hersteller-Lieferanten,ofenhaus.de,Das Ofenhaus Colnrade
hersteller-Lieferanten,kuehne.de,Carl Kühne KG
hersteller-Lieferanten,itore.de,Rößler Industrietore GmbH
hersteller-Lieferanten,mk-beschlaege.de,MK Beschläge
hersteller-Lieferanten,wiegel.de,WIEGEL Verwaltung GmbH & Co KG
hersteller-Lieferanten,lindt.de,Chocoladefabriken Lindt & Sprüngli GmbH
hersteller-Lieferanten,dortmunder-waagenbau.de,Dortmunder Waagenbau GmbH & Co. KG
hersteller-Lieferanten,mot-mhl.de,mot-mühlhäuser oberflächentechnik gmbh
hersteller-Lieferanten,getraenke-pm.de,Getränke Preuss Münchhagen GmbH
hersteller-Lieferanten,hpsolution.de,HP Solution - HP Solution GmbH
hersteller-Lieferanten,pumpen-blum.de,Werner E. Blum GmbH
hersteller-Lieferanten,gfa-dichtungen.de,GFA Dichtungen  - Joachim Hagemeier GmbH
hersteller-Lieferanten,mahltechnik-goergens.de,Mahltechnik Görgens GmbH
hersteller-Lieferanten,honda.de,Honda Deutschland - Honda Motor Europe Ltd.
hersteller-Lieferanten,lippert-box.de,Anton Lippert GmbH Schaltschränke
hersteller-Lieferanten,shop.violadirekt.eu,ViD GmbH
hersteller-Lieferanten,merhagen.de,VAN MERHAGEN & SEEGER - Fachgroßhandel für Großverbraucher
hersteller-Lieferanten,kling-malz.de,Heinrich Kling Mälzerei GmbH & Co. KG
hersteller-Lieferanten,vbbeton.de,VB Beton GmbH
hersteller-Lieferanten,systemlift.de,avs SYSTEM LIFT AG
hersteller-Lieferanten,schmeer.de,Richard Schmeer GmbH
hersteller-Lieferanten,pumpen-schoeps.de,Pumpen Schöps- Verkauf und Dienstleistungen im Bereich: Pumpen
hersteller-Lieferanten,welschoff-massivdielen.de,WELSCHOFF  MASSIVDIELEN
hersteller-Lieferanten,shop.powerz.co,Powerz GmbH
hersteller-Lieferanten,eberlei-maschinen.de,Eberlei Maschinen GmbH & Co. KG
hersteller-Lieferanten,kuhlmann-foerderanlagen.de,KUHLMANN Förderanlagen
hersteller-Lieferanten,troteclaser.com,TROTEC Laser GmbH
hersteller-Lieferanten,hanno.com,Hanno-Werk GmbH und Co. KG
hersteller-Lieferanten,abc-bruns.de,ABC Bruns Landmaschinen GmbH
hersteller-Lieferanten,b-k-l.de,BKL Bedachungsgroßhandel Kluh & Lehmann GmbH
hersteller-Lieferanten,herpertz.de,Herpertz Präzision - B. Herpertz GmbH & Co. KG
hersteller-Lieferanten,regel-ausbeultechnik.de,Dellenentfernung mit Gleithammer & bewährtem Ausbeulset
hersteller-Lieferanten,holzland-vonderstein.de,Hubert von der Stein Holzhandlung GmbH & Co
hersteller-Lieferanten,feodora.de,Feodora Schokolade. Feinste Chocoladen und Pralinés von Feodora
hersteller-Lieferanten,ds-stahl.com,DS Stahl GmbH ist Teil der DS Gruppe
hersteller-Lieferanten,lunux-lighting.com,Lunux Lighting GmbH
hersteller-Lieferanten,hase.de,HASE-Kaminofenbau GmbH
hersteller-Lieferanten,brillux.de,Brillux GmbH & Co. KG ..mehr als Farbe
hersteller-Lieferanten,boyensbackservice.de,boyens backservice GmbH- Bäckereimaschinen und Backgrundstoffen.
hersteller-Lieferanten,hebezone.de,Seilwinden online
hersteller-Lieferanten,sperrholz-woelbert.de,SPERRHOLZ-WÖLBERT KG
hersteller-Lieferanten,fraimtec.de,FRAIMTEC GmbH - Automation und Anlagenmontage
hersteller-Lieferanten,albis.com,ALBIS Distribution GmbH & Co. KG - Kunststoffe
hersteller-Lieferanten,wenzel-dortmund.de,Abschirmtechnik Wenzel GmbH
hersteller-Lieferanten,caleoglas.de,caleoglas Management GmbH
hersteller-Lieferanten,geigenbau-schlegel.de,Geigenbau Schlegel - Geigenbaumeister Klaus & Frank Schlegel
hersteller-Lieferanten,saegen-ledrich.de,Sägen Ledrich OHG
hersteller-Lieferanten,ferrum-objekte.de,FERRUM OBJEKTE
hersteller-Lieferanten,my-merlin.com,Merlin Spielwaren Spielzeug spielen lernen basteln
hersteller-Lieferanten,stempel-overmann.com,STEMPELFABRIKATION - MARTIN OVERMANN
hersteller-Lieferanten,wockenfuss-aufzugsdienst.de,K. Wockenfuß Aufzugdienst
hersteller-Lieferanten,merita-gmbh.de,Merita GmbH
hersteller-Lieferanten,holz-i.de,"Baustoffe aus Holz - Sägewerk / Hobelwerk Heinrich Jäck, Holzbachtal Straubenhardt"
hersteller-Lieferanten,mineralit.info,mineralit GmbH
hersteller-Lieferanten,vsk.de,VSK-Technik Kübler GmbH
hersteller-Lieferanten,opitz-packaging-systems.de,Opitz Packaging Systems GmbH
hersteller-Lieferanten,condair.de,Condair
hersteller-Lieferanten,simix.de,SIMIX Rührwerksbau GmbH
hersteller-Lieferanten,motorencenter.de,GMc Parts Gütersloher Motorencenter GmbH
hersteller-Lieferanten,baeko-hansa.de,BÄKO HANSA eG
hersteller-Lieferanten,thermconcept.com,THERMCONCEPT GmbH
hersteller-Lieferanten,seat.de,SEAT Deutschland GmbH
hersteller-Lieferanten,lz-gomer.de,Profi fürs Drahtschneiden und Laserschweißen
hersteller-Lieferanten,hsh24.net,HSH24
hersteller-Lieferanten,bertram-gruppe.de,Bertram Förderanlagen und Arbeitsbühnen GmbH
hersteller-Lieferanten,sadlowsky.de,Sadlowsky
hersteller-Lieferanten,rodriguez.de,Rodriguez GmbH
hersteller-Lieferanten,streckgitter.net,Pfau-Streckmetall  BGD
hersteller-Lieferanten,heidenpeter.de,HEIDENPETER GmbH & Co. KG - Stahlstempel und Industriegravuren
hersteller-Lieferanten,boehl-kunststofftechnik.com,BÖHL - Kunststofftechnik GmbH & Co. KG - Hervorragender Kunststoffspritzguss durch Kunstofftechnik
hersteller-Lieferanten,wewira.de,WEWIRA Winterhoff GmbH - Wir bauen Krane
hersteller-Lieferanten,doerken.com,Ewald Dörken AG - Dörken Coatings GmbH & Co. KG
hersteller-Lieferanten,lagra.de,Lagra Systemtechnik GmbH
hersteller-Lieferanten,wittmunder-klinker.de,Klinkerwerke Wittmund GmbH - Handsortierte Verblender aus Ostfriesland
hersteller-Lieferanten,ledcenter-germany.de,Ledcenter-Germany
hersteller-Lieferanten,perfecta-heizleiste.de,PERFECTA HEIZLEISTEN
hersteller-Lieferanten,ammerland-holzwaren.de,Ammerland Holzwaren
hersteller-Lieferanten,gebrauchtmaschinen-cnc.de,SKM Industriemaschinen
hersteller-Lieferanten,hollypowder.de,Holly Powder: Produzent von Marinade und Panade für Hähnchen
hersteller-Lieferanten,biobg.de,BioBG GmbH - Biogasanlagen
hersteller-Lieferanten,rheinmetall.com,Rheinmetall AG
hersteller-Lieferanten,caparol.de,CAPAROL Farben Lacke Bautenschutz GmbH
hersteller-Lieferanten,saunakultur.com,Saunakultur
hersteller-Lieferanten,baeko.de,BÄKO-ZENTRALE eG
hersteller-Lieferanten,kami-maschinen.de,Kami Maschinenhandel
hersteller-Lieferanten,augenprothetik-lauscha.de,Augenprothetik Lauscha GmbH
hersteller-Lieferanten,1a-pumpen.de,1a-Pumpen Handel GmbH
hersteller-Lieferanten,palrec.de,"Hier erhalten Sie umfangreiche Informationen über Europaletten, Gitterboxen sowie Holzgartenzäune !!"
hersteller-Lieferanten,babberger-plastic.de,Babberger Plastic GmbH
hersteller-Lieferanten,hahn-sonnenschutz.de,Hahn-Sonnenschutz
hersteller-Lieferanten,buildarock.de,Kletter- und Kunstfelsenbau - build a rock GmbH
hersteller-Lieferanten,geho-straelen.de,GeHo Nahrungsmittel GmbH
hersteller-Lieferanten,berger-unternehmensgruppe.de,Berger Bau- und Industriebedarf Gmbh - Niederlassung Rosenheim
hersteller-Lieferanten,foeth.com,Foeth Germany GmbH
hersteller-Lieferanten,rheinzink.de,RHEINZINK GmbH & Co. KG
hersteller-Lieferanten,bene-gusstechnik.de,BeNe Gusstechnik GmbH
hersteller-Lieferanten,airductec.de,AIRDUCTEC GmbH - Luftkanalbau in NRW
hersteller-Lieferanten,cf-kunststoffprofile.de,CF kunststofprofielen
hersteller-Lieferanten,uridan.com,"uridan waterless solutions GmbH - wasserlose Urinale, Pissoires und Toiletten sowie WC"
hersteller-Lieferanten,stuccocentre.de,Stucco-Centre - Stuckhaus Carola-Park
hersteller-Lieferanten,sunds-drehtechnik.de,S&S Dreh-und Berarbeitungstechnik GmbH
hersteller-Lieferanten,iq-sort.net,IQ-SORT GmbH
hersteller-Lieferanten,reisser.de,REISSER AG
hersteller-Lieferanten,frescolori.de,Frescolori.de GmbH
hersteller-Lieferanten,sikkens.de,www.sikkens.de
hersteller-Lieferanten,projekt-w.de,projekt w – Systeme aus Stahl GmbH
hersteller-Lieferanten,bts-backtechnik.de,"BTS Backtechnik Schultz, Spezialist für Bäckereitechnik"
hersteller-Lieferanten,schweizer-net.de,www.schweizer-net.de
hersteller-Lieferanten,thermofloc.com,Peter Seppele GmbH
hersteller-Lieferanten,eska-fuses.de,ESKA Erich Schweizer GmbH
hersteller-Lieferanten,schulz.st,SCHULZ Systemtechnik GmbH
hersteller-Lieferanten,durafloor-werner.de,Durafloor-Werner GmbH
hersteller-Lieferanten,ilkazell.de,ILKAZELL Isoliertechnik GmbH Zwickau
hersteller-Lieferanten,puren.com,puren gmbh
hersteller-Lieferanten,miluxor-schienen.de,Miluxor Schienen GmbH
hersteller-Lieferanten,clever-products.net,"Clever Products Industrievertretungen GmbH - Kunststoffschächte, Abwassertechnik, Entwässerungrinnen"
hersteller-Lieferanten,bispingmed.de,BISPING MEDIZINTECHNIK GmbH
hersteller-Lieferanten,ag-tronic.de,AG-Tronic e.K.
hersteller-Lieferanten,lueckmann-anlagenbau.de,Lückmann Anlagenbau - Lückmann Pumpen Center GmbH
hersteller-Lieferanten,marmorveredelung.de,Marmorveredelung Foerg & Weisheit GmbH
hersteller-Lieferanten,apc-ups.de,ATECO Unterbrechungsfreie Stromversorgungen
hersteller-Lieferanten,camperclean.de,CamperClean GmbH
hersteller-Lieferanten,hmf-lagertechnik.de,"HMF - Regale, Betriebseinrichtungen, Tresore"
hersteller-Lieferanten,geigenbau-mallon.de,Geigenbau Mallon - Gerd Mallon Geigenbaumeister
hersteller-Lieferanten,marx-heizkoerperverkleidungen.de,Willkommen auf der offiziellen Webseite der Marx GmbH
hersteller-Lieferanten,prosafe-ms.com,Prosafe-Folientechnik GmbH
hersteller-Lieferanten,albrecht-dbb.de,W. Albrecht GmbH & Co. KG
hersteller-Lieferanten,hoppe-ohg.de,Industrieservice Hoppe oHG
hersteller-Lieferanten,kehren.com,KEHREN GmbH
hersteller-Lieferanten,aprilia.com,Aprilia Web SIte - Piaggio Deutschland GmbH
hersteller-Lieferanten,baupool.com,baupool.com - LV digital GmbH
hersteller-Lieferanten,tell.de,T.E.L.L GmbH --Steuerungssysteme
hersteller-Lieferanten,emrich-membratec.de,Hans-Dieter Emrich  - Anlagenbau - Membranen
hersteller-Lieferanten,anodenshop.com,Fa. K. Geratsdorfer - Hersteller von Opferanoden und Kettenanoden
hersteller-Lieferanten,hess-bsh.de,Hess BSH
hersteller-Lieferanten,kassensysteme-gastronomie.de,pro Hotel EDV Systeme GmbH - Kassensysteme für die Gastronomie
hersteller-Lieferanten,hl-klebetechnik.de,H+L Klebetechnik GmbH & Co. KG
hersteller-Lieferanten,kochfreiburg.de,Beschläge Koch GmbH
hersteller-Lieferanten,baumaschinen-kluge.de,Baumaschinen - Kluge in Frankenberg
hersteller-Lieferanten,schletek-shop.de,SchleTek Industriebedarf - Sommerhoff GmbH
hersteller-Lieferanten,terrassendach-holzpro.net,Holz & Aluzprofi Lobach GmbH
hersteller-Lieferanten,hyundai.com,Hyundai Motor Deutschland GmbH
hersteller-Lieferanten,ehlert-shop.de,Gustav Ehlert GmbH & Co.KG
hersteller-Lieferanten,fischmanufaktur-usbek.de,Fischmanufaktur Usbek
hersteller-Lieferanten,visiomatic-international.com,visiomatic International GmbH
hersteller-Lieferanten,rst.eu,RST Rabe-System-Technik und Vertriebs-GmbH
hersteller-Lieferanten,service-kuk.de,K&K Service GmbH
hersteller-Lieferanten,transprotec.de,transprotec GmbH
hersteller-Lieferanten,karl-dose.de,Karl-Dose GmbH  - Schiffsbeleuchtung
hersteller-Lieferanten,lunds-dichtstoffe.de,L & S Dichtstoffe GmbH
hersteller-Lieferanten,edelstahl-trifft-glas.de,Edelstahl trifft Glas - ETG GmbH
hersteller-Lieferanten,esche.info,Robert Esche GmbH
hersteller-Lieferanten,indaus.de,INDAUS GmbH & Co KG
hersteller-Lieferanten,fuechtenkoetter-luft.de,Füchtenkötter GmbH
hersteller-Lieferanten,barroboote.de,Barro-Boote Hans Barro Aluminiun-Bootsbau
hersteller-Lieferanten,haeberlen-boersig.de,Häberlen-Börsig Verpackungs GmbH & Co. KG
hersteller-Lieferanten,bauer-metallkonstruktionen.de,BAUER Metallkonstruktionen GbR
hersteller-Lieferanten,gut-gruppe.de,G.U.T. Gebäude- und Umwelttechnik KG
hersteller-Lieferanten,kunststoffzaun-berlin.de,Kunststoffzaun Berlin
hersteller-Lieferanten,loetzinn.com,Gienger Lötmittel
hersteller-Lieferanten,aixtron.com,AIXTRON SE
hersteller-Lieferanten,wkdiscpress.de,CD / DVD Herstellung WK DiscPress GmbH
hersteller-Lieferanten,terrassendach-direkt.de,Terrassendach direkt
hersteller-Lieferanten,huester-kg.de,Wilhelm Hüster KG
hersteller-Lieferanten,dobner.net,Dobner Metalldeckensysteme GmbH
hersteller-Lieferanten,rohwedder.net,Baumaschinen - Handel - Friedrich Rohwedder GmbH
hersteller-Lieferanten,spillner-ssb.de,Spillner Spezialbaustoffe GmbH
hersteller-Lieferanten,entfeuchter.at,Luftentfeuchter Entfeuchter Luftbefeuchter und Befeuchter zu Aktionspreisen
hersteller-Lieferanten,glaswerk24.de,Glaswerk24
hersteller-Lieferanten,colonia-stempel.de,adhoc media GmbH - colonia stempel
hersteller-Lieferanten,cgwaagen.de,C. Grünewälder Waagentechnik
hersteller-Lieferanten,piaggio.com,Piaggio - Year two thousand
hersteller-Lieferanten,flexipack.de,Flexipack International- Verpackung Rippenpappe Transportschutz Unterlagspappen Isolierung..
hersteller-Lieferanten,beratron.de,Beratron GmbH
hersteller-Lieferanten,haustuermanufaktur.de,Brosch Haustür Manufaktur
hersteller-Lieferanten,hoefert.de,Alwin Höfert
hersteller-Lieferanten,vogel-verpackungen.de,Vogel Industrial Service GmbH und Co. KG
hersteller-Lieferanten,abab-gmbh.de,ABAB | Allgemeine Behälter- u. Apparate Bau GmbH
hersteller-Lieferanten,gaskatel.de,Gaskatel GmbH
hersteller-Lieferanten,sila-signalbau.de,Sila Signalbau GmbH
hersteller-Lieferanten,albertbergschneider.de,Albert Bergschneider GmbH
hersteller-Lieferanten,schuette-aluminium.de,K. Schütte GmbH
hersteller-Lieferanten,binkele.net,Binkele Gemmingen
hersteller-Lieferanten,hsm-brass.de,HSM Metallblasinstrumente Inh. Stephan Schmidt
hersteller-Lieferanten,ecovaas.de,ecoVaas International GmbH -  Papierblumenvasen
hersteller-Lieferanten,enke-werk.de,"Enke-Werk, Johannes Enke GmbH & Co. KG"
hersteller-Lieferanten,land-leben.com,LAND-LEBEN Nahrungsmittel GmbH
hersteller-Lieferanten,aurubis.com,Aurubis Stolberg GmbH & Co. KG
hersteller-Lieferanten,barnet.com,W. Barnet GmbH & Co. KG
hersteller-Lieferanten,kccglass-europe.com,PET Folien Hersteller KCC
hersteller-Lieferanten,schmidt-fliesenleger.de,Fliesen-Schmidt
hersteller-Lieferanten,beka.com,Beka Verpackungssysteme GmbH
hersteller-Lieferanten,montech.com,Montech AG
hersteller-Lieferanten,putztextilien.de,Becker Putztextilien GmbH
hersteller-Lieferanten,noris-blattgold.de,www.noris-blattgold.de
hersteller-Lieferanten,lederer-online.com,Lederer Gmbh
hersteller-Lieferanten,harting.com,HARTING Deutschland GmbH & Co. KG
hersteller-Lieferanten,tomanro.de,TOMANRO GmbH
hersteller-Lieferanten,schirmmacher.de,Schirmmacher Ströhle GmbH
hersteller-Lieferanten,kd-regale.de,K.D. Regal-Montage GmbH
hersteller-Lieferanten,ampanel.de,AM PANEL S.C.
hersteller-Lieferanten,rother-tore.de,Tortechnik Thomas Rother
hersteller-Lieferanten,rokossa.de,Rokossa GmbH
hersteller-Lieferanten,apollon-indutec.de,Apollon InduTec GmbH Dichtungstechnik
hersteller-Lieferanten,pfeuffer.de,Pfeuffer GmbH (Marktsteft) - Kühlräume
hersteller-Lieferanten,engmatec-metall.de,ENGMATEC Metall GmbH
hersteller-Lieferanten,tappert-kurzwaren.de,Tappert - Kurzwaren
hersteller-Lieferanten,czechindustrialfabrics.de,Filtergewebe -  Czech Industrial Fabrics s.r.o.
hersteller-Lieferanten,alu-tecwvg.de,WVG alu-tec GmbH
hersteller-Lieferanten,brula.de,BRULA® GmbH
hersteller-Lieferanten,ibc-heiztechnik.de,IBC Heiztechnik - Heizsysteme
hersteller-Lieferanten,erhophal.de,Erhophal Maschinenmesser GmbH
hersteller-Lieferanten,steinhart-metall.de,H. Steinhart Metallwarenfabrik GmbH & Co KG
hersteller-Lieferanten,zero-lack.de,ZERO-LACK Vertriebs GmbH & Co. KG
hersteller-Lieferanten,rollma.de,Firma ROLLMA®
hersteller-Lieferanten,jumo.de,Innovative Messprozesslösungen
hersteller-Lieferanten,calor.de,Gesellschaft für Thermotransfer-Druckverfahren mbH
hersteller-Lieferanten,fehlig.de,Fehlig GmbH - Agrar-Ersatzteil- und Werkstattbedarf
hersteller-Lieferanten,hbl-heizoel.de,HBL Heizoel GmbH
hersteller-Lieferanten,haltec.de,HALTEC Hallensysteme GmbH
hersteller-Lieferanten,backfrucht.de,Backfrucht Produktion und Handel GmbH
hersteller-Lieferanten,kv-larskuerschner.de,Kunststoffverarbeitung Lars Kürschner
hersteller-Lieferanten,ceramic-online.de,Keitel Keramik
hersteller-Lieferanten,huelsta.com,hülsta-werke Hüls GmbH & Co. KG
hersteller-Lieferanten,wehl.de,Atlas von der Wehl GmbH - der Baumaschinenhändler
hersteller-Lieferanten,dinova.de,Farben in Profiqualität Dinova GmbH & Co. KG
hersteller-Lieferanten,viessmann.de,Viessmann Werke GmbH u. Co
hersteller-Lieferanten,adm-garagen.de,ADM-Fertiggarage von Hansebeton
hersteller-Lieferanten,haertetechnik-hagen.de,Härtetechnik - Hagen GmbH  Ihr Fachbetrieb für das Nitrieren und Härten von Stählen jeglicher Art
hersteller-Lieferanten,coma-cnc.de,Coma GmbH - Ihr Service Partner im Bereich Blechbearbeitung
hersteller-Lieferanten,oettersdorfer-lag.de,Oettersdorfer Landwirtschaftliche Aktiengesellschaft
hersteller-Lieferanten,coba-osnabrueck.de,COBA- Baustoffgesellschaft für Dach + Wand GmbH und Co.
hersteller-Lieferanten,kornbett.de,Agrargenossenschaft Bösleben e.G.
hersteller-Lieferanten,hsk.de,HSK Duschkabinenbau - Die Badexperten
hersteller-Lieferanten,buckles-belts.ch,Buckles u. Belts Co - Exklusive Ledergürtelfabrikation
hersteller-Lieferanten,fliesen-walter.de,Das Fliesenhaus Walter
hersteller-Lieferanten,inpart-gmbh.de,Inpart GmbH
hersteller-Lieferanten,philipp-buerokultur.de,Philipp Bürokultur - Ehler Philipp GmbH
hersteller-Lieferanten,gestra.com,Regelungstechnik & Armaturen - gestra
hersteller-Lieferanten,hess-toys.de,Hess-Spielzeug GmbH & Co.KG
hersteller-Lieferanten,exodraft.de,Exodraft A/S Niederlassung Deutschland
hersteller-Lieferanten,tke-homesolutions.de,TK Home Solutions
hersteller-Lieferanten,bhv-automation.de,BHV-Automation GmbH
hersteller-Lieferanten,klose-feinwerk.com,Klose FeinWerk GmbH & Co. KG
hersteller-Lieferanten,glas-fritz.de,Glasgrosshandlung - Gerhard Fritz GmbH
hersteller-Lieferanten,scania.com,Innovative Transportlösungen - Scania Deutschland  GmbH
hersteller-Lieferanten,schrankplaner.de,Schrankplaner.de Manufaktur GmbH & Co. KG
hersteller-Lieferanten,mhg-strahlanlagen.de,Strahlanlagen von MHG für alle Einsatzbereiche
hersteller-Lieferanten,de.dmg-dental.com,DMG-Hamburg - Dentalmaterial - DMG Chemisch-Pharmazeutische Fabrik GmbH
hersteller-Lieferanten,boeks.de,BOEKS GmbH
hersteller-Lieferanten,bandit-gmbh.de,BANDIT GmbH
hersteller-Lieferanten,wamadirekt.de,WAMA Walter Mauden GmbH & Co.KG
hersteller-Lieferanten,stegemann-landtechnik.de,STEGEMANN Landtechnik GmbH & Co. KG
hersteller-Lieferanten,lovatex.de,Lovatex Industriebedarf
hersteller-Lieferanten,heilight-rental.com,Heilight Rental GmbH
hersteller-Lieferanten,krause-systems.de,KRAUSE-Werk GmbH & Co. KG
hersteller-Lieferanten,brandenburg-tk.de,Brandenburg – Textile Komponenten GmbH
hersteller-Lieferanten,hp-stahl.de,HUSE und PHILIPP GmbH und Co. KG
hersteller-Lieferanten,walser-dental.com,Dr. Walser Dental GmbH
hersteller-Lieferanten,jekashop.de,Jeka - Beschilderungssysteme
hersteller-Lieferanten,garagenonline.eu,garagenonline
hersteller-Lieferanten,david-dorfmueller.de,DDS Verbindungselemente
hersteller-Lieferanten,citroen.de,CITROËN DEUTSCHLAND GMBH
hersteller-Lieferanten,weynand-waagen.de,Weynand GmbH & Co. KG
hersteller-Lieferanten,kleiber-co.de,Kleiber Kurz- und Modewaren Fabrikation
hersteller-Lieferanten,dachrinnenspezialist.de,Dachrinnen Spezialist
hersteller-Lieferanten,mw-werksverkauf.de,SÖMA Schlafsysteme
hersteller-Lieferanten,kloska.com,Kloska Management GmbH – Kloska Group
hersteller-Lieferanten,bmigroup.com,BMI Deutschland GmbH - Braas GmbH
hersteller-Lieferanten,westrich-gmbh.de,Westrich GmbH
hersteller-Lieferanten,ahk-technik.de,AHK Kabeltechnik
hersteller-Lieferanten,itb-brandt.de,THEODOR BRANDT GMBH - Brems- Kupplungs- und Antriebsbeläge
hersteller-Lieferanten,barthelmes-stimmgabel.de,Arno Barthelmes Zella-Mehlis GmbH
hersteller-Lieferanten,dime-bautenschutz.de,DIME Bautenschutz Systeme - Garagen- und Flachdachsanierung
hersteller-Lieferanten,tommysails.com,T1 Segelmanufaktur GmbH
hersteller-Lieferanten,kohlstaedt.de,Industriegehäuse der Kohlstädt GmbH - Gehäusebau
hersteller-Lieferanten,pfnuer-verkehrstechnik.de,Pfnür Verkehrstechnik GmbH
hersteller-Lieferanten,noelkunze.com,Noel Kunze – Creating Space - mobile Trennwände
hersteller-Lieferanten,seide.de,Plauener Seidenweberei GmbH
hersteller-Lieferanten,ws-onlineshop.de,W&S GmbH
hersteller-Lieferanten,nelskamp.de,Dachziegelwerke Nelskamp GmbH
hersteller-Lieferanten,heizkessel-kaminoefen.de,www.heizkessel-kaminoefen.de
hersteller-Lieferanten,remeza-europe.de,Remeza
hersteller-Lieferanten,weku-zerspanungstechnik.de,Weku Zerspanungstechnik GmbH
hersteller-Lieferanten,hexim.de,HEXIM GmbH & Co. KG
hersteller-Lieferanten,brecon.de,Brecon Rüttler und Vibrationstechnik
hersteller-Lieferanten,marzari-technik.de,Marzari Technik GmbH
hersteller-Lieferanten,fritsch-verpackungen.de,Fritsch-Verpackungen
hersteller-Lieferanten,slf.eu,SLF Oberflächentechnik GmbH
hersteller-Lieferanten,fiat.de,FCA GERMANY AG
hersteller-Lieferanten,ruediger-woehrl.com,Rüdiger Wöhrl GmbH
hersteller-Lieferanten,wertpack.de,Wertpack GmbH
hersteller-Lieferanten,amt-hh.de,"AMT GmbH, Schweiß- und Sonderstromquellen"
hersteller-Lieferanten,rebotherm.de,Rebotherm UG
hersteller-Lieferanten,knauber.de,Carl Knauber Holding GmbH & Co. KG
hersteller-Lieferanten,velux.de,VELUX Deutschland GmbH
hersteller-Lieferanten,canon.de,Canon in Deutschland
hersteller-Lieferanten,meyerholzverarbeitung.de,Meyer Holzverarbeitung GmbH
hersteller-Lieferanten,cd-aufzugteile.de,CD-AUFZUGTEILE- Komponenten für Aufzüge.
hersteller-Lieferanten,steffen-medizin.de,Steffen Medizin - Hermann Steffen GmbH
hersteller-Lieferanten,bormmer.de,Bormmer Heiztechnik UG
hersteller-Lieferanten,storopack.de,Storopack Hans Reichenecker GmbH - Verpackungsmaterial
hersteller-Lieferanten,schnellenberg.com,Hausgeräte Schnellenberg GmbH
hersteller-Lieferanten,schmidt-brass.de,Werner Chr. Schmidt - Mundstücke und Metallblasinstrumente
hersteller-Lieferanten,devrie.de,Devrie Installationstechnik GmbH
hersteller-Lieferanten,remeza-gmbh.de,Remeza GmbH- Kompressoren
hersteller-Lieferanten,wandres.com,Wandres GmbH micro-cleaning
hersteller-Lieferanten,ahlborn-kirchenorgeln.de,Ahlborn-Orgeln
hersteller-Lieferanten,spanndecken-hilden.de,Spanndecken Markowski GmbH
hersteller-Lieferanten,mysortimo.de,Sortimo International GmbH
hersteller-Lieferanten,feuerloescher24.com,feuerloescher24
hersteller-Lieferanten,mosecker.de,"Mosecker GmbH & Co. KG , Großhandelsunternehmen"
hersteller-Lieferanten,k60-gitterroste.de,K60-Gitterrostsysteme GmbH & Co.KG
hersteller-Lieferanten,audi.at,Audi.co.at - Porsche Austria GmbH & Co
hersteller-Lieferanten,ostermeier-stalleinrichtung.de,Erich Ostermeier Stalleinrichtung GmbH
hersteller-Lieferanten,bavor.de,Baumgarten GmbH – Sondervorrichtungsbau
hersteller-Lieferanten,renault.de,Renault Deutschland AG
hersteller-Lieferanten,sigel-office.com,Sigel GmbH
hersteller-Lieferanten,pfefferkuchen-pulsnitz.com,Georg Gräfe Pulsnitzer Pfefferkuchen GmbH & Co. KG
hersteller-Lieferanten,seidlereisen.de,Seidler Bauartikel GmbH
hersteller-Lieferanten,gha.de,Großhandelshaus Altstadt GmbH
hersteller-Lieferanten,weiss-buero-service.de,Weiss Büro-Service GmbH
hersteller-Lieferanten,walther-flender.de,Baugruppen nach Kundenzeichnun
hersteller-Lieferanten,klotz.info,Helmut Klotz Schwimmbadhandel GmbH
hersteller-Lieferanten,dahlhaus-trafo.de,Dahlhaus Transformatoren GmbH & CO KG
hersteller-Lieferanten,braas-fuckert.de,Braas + Fuckert GmbH+CoKG
hersteller-Lieferanten,janmet-stabmatten.de,JANMET
hersteller-Lieferanten,mk-klassik.de,MK KLASSIK GmbH
hersteller-Lieferanten,chem-impex.de,"CHEM-IMPEX- Chemischer Rohstoffhandel, Im- & Export"
hersteller-Lieferanten,dimer.com,W. Dimer GmbH -  Verpackungselemente
hersteller-Lieferanten,induktive-erwaermung.de,EltaTech Ingenieur- und Simulationsdienstleistungen GmbH
hersteller-Lieferanten,top-gewaechshaus.de,Gewächshäuser und mehr e.K.
hersteller-Lieferanten,hirscher-systems.com,Hirscher Industriesysteme GmbH
hersteller-Lieferanten,brandt-und-co.de,Brandt & Comp. GmbH
hersteller-Lieferanten,hm-heating.de,HM Heizkörper GmbH Heating Technology
hersteller-Lieferanten,zaun-paradies.de,Zaun Paradies
hersteller-Lieferanten,brettschneider.com,C. Brettschneider GmbH
hersteller-Lieferanten,merten-zerspanungstechnik.de,Merten Zerspanungstechnik GmbH & Co.KG
hersteller-Lieferanten,batterie-siems.de,Batterie-Siems GmbH & Co. KG
hersteller-Lieferanten,motorenmaier.de,motorenmaier gmbh
hersteller-Lieferanten,awag.de,AWAG Fahnen und Fahnenmasten
hersteller-Lieferanten,technolit.de,Technolit - Der Werkstattexpert
hersteller-Lieferanten,funckdental.de,funck Dental-Medizin GmbH Heidelberg
hersteller-Lieferanten,dwt-gmbh.de,DWT GmbH
hersteller-Lieferanten,jn-automation.de,JN-Automation
hersteller-Lieferanten,bungalski.de,T-Master – das Tankstellen-Kassensystem von Bungalski GmbH
hersteller-Lieferanten,linneborn.com,Linneborn Metallwaren GmbH
hersteller-Lieferanten,amf-foerderanlagen.de,AMF-Bruns GmbH & Co. KG
hersteller-Lieferanten,stelioplast.de,Stelioplast Kunststoffverarbeitung GmbH
hersteller-Lieferanten,abv-edelstahlbehaelter.com,Die ABV Apparate- u. Behälterbau Deutschland GmbH
hersteller-Lieferanten,derofenfuchs.de,derofenfuchs
hersteller-Lieferanten,glsgmbh.de,GLS GmbH Spezial & Farbglashandel
hersteller-Lieferanten,hensel-electric.de,Gustav Hensel GmbH & Co. KG
hersteller-Lieferanten,wallraven.online,Wallraven GmbH & Co. KG
hersteller-Lieferanten,schilderbestellung.de,Schilder Schürstedt GmbH & Co KG
hersteller-Lieferanten,imhonig.com,imhonig - Kast & Sohn
hersteller-Lieferanten,augustrichter.de,August Richter - Ihr Fachhandel für Handwerk und Industrie
hersteller-Lieferanten,hoepner-lackmanufaktur.de,Höpner Lackmanufaktur GmbH
hersteller-Lieferanten,leutron.de,Leutron GmbH
hersteller-Lieferanten,metalldecke.info,SüdProfil GmbH - Baustoffe aus Metall
hersteller-Lieferanten,decker-spueltechnik.de,Karlheinz Friedrichs GmbH - decker Spültechnik
hersteller-Lieferanten,homeyer-stanztechnik.de,Homeyer Stanztechnik GmbH
hersteller-Lieferanten,sachsenfahnen.de,Sachsen Fahnen GmbH & Co. KG
hersteller-Lieferanten,wullbrandtundseele.de,Wullbrandt + Seele GmbH & Co. KG
hersteller-Lieferanten,staplerbatterien.de,Akkutechnik Nord e.K. A.Herod
hersteller-Lieferanten,creapave.de,A & L  Asphalt & Liquids GmbH
hersteller-Lieferanten,warensortiment.de,PCE Deutschland GmbH
hersteller-Lieferanten,atmos-zentrallager.de,ATMOS Zentrallager GmbH – Generalvertrieb Deutschland
hersteller-Lieferanten,opel.de,Adam Opel AG - Opel Deutschland
hersteller-Lieferanten,darko-darming.de,DarKo Darming GmbH
hersteller-Lieferanten,maniago.de,Maniago GmbH
hersteller-Lieferanten,volkmer-messing.de,Stefan Volkmer - Einrichtungen aus Messing und Chrom
hersteller-Lieferanten,bm-gmbh.co,b&m Vertriebs-GmbH
hersteller-Lieferanten,waagen-dammaschke.de,waagen dammaschke GmbH
hersteller-Lieferanten,appelmann.de,Appelmann Getränke Großvertrieb GmbH
hersteller-Lieferanten,alu-prospektstaender.de,Alu-Prospektständer GmbH
hersteller-Lieferanten,kohlschein.de,Kohlschein GmbH & Co. KG
hersteller-Lieferanten,respatex.de,Respatex- Bundesweiter Vertrieb von wasserfesten Wandelementen
hersteller-Lieferanten,mikron-plzen.cz,Mikron spol. s r.o.
hersteller-Lieferanten,pollrichdlk.com,DLK Ventilatoren GmbH
hersteller-Lieferanten,zirbus.de,ZIRBUS technology GmbH
hersteller-Lieferanten,material-raum-form.com,material raum form
hersteller-Lieferanten,stahlman-metallzaune.de,Stahlman
hersteller-Lieferanten,mailhammer.de,"M.Mailhammer GmbH, Spezialbetrieb für Bäckereimaschinen"
hersteller-Lieferanten,kwt-grosshandel.de,KWT Großhandel Kamin- und Wärmetechnik GmbH
hersteller-Lieferanten,shop.backundfrost.de,Back & Frost GmbH & Co. KG
hersteller-Lieferanten,boels.com,Boels Rental Germany GmbH
hersteller-Lieferanten,isoesser.de,Isoliertechnik ESSER GmbH
hersteller-Lieferanten,subaru.de,SUBARU Deutschland GmbH
hersteller-Lieferanten,allaboutcards.de,S&K Trading GmbH & Co.KG - Plastikkartendrucker von All About Cards
hersteller-Lieferanten,eicker.com,Eicker Messer - mit uns schneiden Sie besser ab
hersteller-Lieferanten,elektratherm.de,Elektratherm GmbH
hersteller-Lieferanten,vmzinc.com,VMZINC Deutschland | VMZINC DE
hersteller-Lieferanten,bluhmsysteme.com,Bluhm Systeme GmbH
hersteller-Lieferanten,aub-abwasser.de,AUB Abwasser- und Umweltanlagen GmbH Steinhagen
hersteller-Lieferanten,lambertz.de,Aachener Printen- und Schokoladenfabrik Henry Lambertz GmbH & Co. KG
hersteller-Lieferanten,treppezaunpoland.com,Treza
hersteller-Lieferanten,kueco.de,Kühling & Co. GmbH
hersteller-Lieferanten,ford.de,Willkommen bei Ford
hersteller-Lieferanten,pumpen-grosshandel.de,AVA GmbH
hersteller-Lieferanten,dasetikett.de,Das Etikett Bäumer e.K.
hersteller-Lieferanten,scs-automation.de,"Sella, Cichon + Stolberg GmbH"
hersteller-Lieferanten,lilalu-shop.com,LILALU GmbH
hersteller-Lieferanten,blackanddecker.de,Stanley Black & Decker Deutschland GmbH
hersteller-Lieferanten,nisa-melktechnik.de,Nisa Melktechnik GmbH
hersteller-Lieferanten,benner-mauer.de,Dämmstoffschneidgerät Profi-THERMinator
hersteller-Lieferanten,bit-gmbh.de,BIT Bierther GmbH
hersteller-Lieferanten,buderus.de,Bosch Thermotechnik GmbH - Buderus AG
hersteller-Lieferanten,ssf-pools.de,SSF Schwimmbad GmbH - Ihr Fachbetrieb für Schwimmbad
hersteller-Lieferanten,newtec-berlin.de,newtec Umwelttechnik GmbH
hersteller-Lieferanten,signworks.de,Signworks GmbH - Digitaldruck für Schilder & Werbetafeln
hersteller-Lieferanten,emtconsult.de,EMT Consult GmbH
hersteller-Lieferanten,zurbuchen.com,Zurbuchen Söhne AG
hersteller-Lieferanten,swepro.com,swepro - swedex Industriepordukte GmbH
hersteller-Lieferanten,koester-insektengitter.de,Insektenschutzgitter KORI TEC GmbH
hersteller-Lieferanten,morad.pl,Morad - Paneel-Türsystem
hersteller-Lieferanten,tsgruenbacher.de,TS Service Grünbacher
hersteller-Lieferanten,koch-lagertechnik.de,Koch Lagertechnik
hersteller-Lieferanten,gewaechshaus-poppen.de,Poppen Gewächshausbau GmbH & Co. KG
hersteller-Lieferanten,armaturen-wolff.com,ARMATUREN-WOLFF GmbH
hersteller-Lieferanten,bmw.de,BMW Deutschland
hersteller-Lieferanten,keil-anlagenbau.de,Keil Anlagenbau GmbH & Co.KG
hersteller-Lieferanten,mehwa.de,Mengel & Kühlborn Gerätebau GmbH
hersteller-Lieferanten,danfoss.com,Danfoss GmbH
hersteller-Lieferanten,ledbow-germany.de,LEDbow
hersteller-Lieferanten,vitro.de,Vitro Laser Solutions UG
hersteller-Lieferanten,euro-filter.de,EURO-Filter GmbH
hersteller-Lieferanten,jenoptik.com,JENOPTIK  AG
hersteller-Lieferanten,waagenscout.de,"IHG Industriewaagen GmbH - Waagen für Handel, Handwerk und Industrie"
hersteller-Lieferanten,kastenschlepper.de,DIE KASTENSCHLEPPER - Fachlieferant für Getränke
hersteller-Lieferanten,bauder.de,Paul Bauder GmbH & Co. KG
hersteller-Lieferanten,hoefelmeyer.de,Höfelmeyer Waagen GmbH
hersteller-Lieferanten,hht-hartmetall.com,HHT - Hartmetall GmbH & Co. KG
hersteller-Lieferanten,fhw-moulds.com,fhw-moulds GmbH
hersteller-Lieferanten,bruni-jacob.de,Bruni Jacob - Meisterwerkstatt für Zupfinstrumentenbau
hersteller-Lieferanten,peugeot.de,PEUGEOT Deutschland GmbH
hersteller-Lieferanten,toyota.de,Toyota Deutschland GmbH
hersteller-Lieferanten,grootec.de,GROOTEC - Jeroen Groot - Farbmischmaschinen
hersteller-Lieferanten,folien-berlin.de,Folien-Berlin Wühr GmbH
hersteller-Lieferanten,xn--itv-kln-e1a.de,ITV Industrietorvertrieb GmbH
hersteller-Lieferanten,nashornhaut.de,Hoffmann´s  Nutzflächenbeschichtung
hersteller-Lieferanten,dekorplatten.de,HPL Platten Presswerk Mainleus GmbH
hersteller-Lieferanten,schwerlastregal.de,Schwerlastregal.de
hersteller-Lieferanten,omnistone.de,omniStone GmbH
hersteller-Lieferanten,brune.info,Brune - Luftbefeuchtung Proklima GmbH
hersteller-Lieferanten,efh-24.de,Erfurter Flaggenhaus
hersteller-Lieferanten,nbr.eu,NBR Gehäuse- und Wälzlager GmbH
hersteller-Lieferanten,mosertankshop.de,Moser-Tanks
hersteller-Lieferanten,hp-wlodarczak.jimdosite.com,Hans-Peter Wlodarczak
hersteller-Lieferanten,formenbau-schmitz.de,Formenbau Schmitz GmbH
hersteller-Lieferanten,holzboot.de,Bootswerft Niederländer
hersteller-Lieferanten,hueffermann.de,Hüffermann Transportsysteme GmbH
hersteller-Lieferanten,meyer-mechanik.de,Meyer Mechanik - Schneiderodieren
hersteller-Lieferanten,franzhamann.de,Franz Hamann GmbH
hersteller-Lieferanten,bauer-markisen.de,Bauer Markisen München
hersteller-Lieferanten,poliboy.de,POLIBOY Brandt & Walther GmbH
hersteller-Lieferanten,mm-markisen.de,Markisenbau Müller GmbH
hersteller-Lieferanten,mosna.de,MOSNA - DIE FEINE FRISCHE NUDEL
hersteller-Lieferanten,gutmann.de,Hermann Gutmann Werke Weißenburg / Bayern
hersteller-Lieferanten,nau-tec.com,Nau Steuerungstechnik GmbH
hersteller-Lieferanten,geigenbau-boensch.de,Geigenbau Bönsch - Geigenbaumeister Reinhard Bönsch
hersteller-Lieferanten,metabo.com,Metabo Deutschland
hersteller-Lieferanten,markisen-esser.de,Markisen JEAN ESSER
hersteller-Lieferanten,licht-betrieb.de,Lichtbetrieb GmbH
hersteller-Lieferanten,p-henkel.de,P. HENKEL GmbH
hersteller-Lieferanten,mitsubishi-motors.de,MMD Automobile GmbH - Mitsubishi Motors Deutschland
hersteller-Lieferanten,devaux-sa.de,Devaux SA
hersteller-Lieferanten,bzmberlin.de,BZM-Thiel electronics GmbH Bestückungszentrum und Montagen
hersteller-Lieferanten,schulte-feingebaeck.de,Conrad Schulte GmbH & Co.KG
hersteller-Lieferanten,rolf-benz.com,Rolf Benz AG & Co. KG
hersteller-Lieferanten,wosta-tresore.de,Wosta Tresore
hersteller-Lieferanten,waagen-schmitt.de,Waagen von Waagen-Schmitt
hersteller-Lieferanten,pfitzer-verbindungstechnik.de,PFITZER Verbindungstechnik
hersteller-Lieferanten,ravello.de,RAVELLO Steinteppich
hersteller-Lieferanten,elgora.de,ELGORA eG
hersteller-Lieferanten,naturschiefer.de,Nikolaus Theis Nachf. Böger GmbH - Schieferwerk
hersteller-Lieferanten,ro-flex.com,RO-FLEX GmbH
hersteller-Lieferanten,fliesenpark.de,FB GmbH Fliesen und Bäder Outlet Köln
hersteller-Lieferanten,voigt-brass.de,Instrumentenbau Jürgen Voigt GmbH & Co. KG
hersteller-Lieferanten,lissek-verden.de,Fertigungstechnik Lissek GmbH
hersteller-Lieferanten,holz-lampmann.de,Holz Lampmann
hersteller-Lieferanten,anneliese.de,Anneliese Backtechnik GmbH
hersteller-Lieferanten,sisal-direkt.com,COSIMA Wohnbedarf Vertriebsgesellschaft mbH
hersteller-Lieferanten,electronicprint.eu,Von Layouts ueber Leiterplatten zu bestueckten Platinen das alles von B& D electronic print
hersteller-Lieferanten,camfil.com,Camfil KG
hersteller-Lieferanten,schraubenshop24.com,schraubenshop24.com - Schrauben online günstig kaufen
hersteller-Lieferanten,ade-baureklamen.de,"Ade - Baureklamen, Baureklame, Bauschilder, Bauschildanlagen"
hersteller-Lieferanten,helmut-voigt.com,Helmut Voigt Metallblasinstrumentenbau
hersteller-Lieferanten,thermoscreens.com,Thermoscreens GmbH
hersteller-Lieferanten,laeppche.de,Lineartechnik Kugellager von Laeppche
hersteller-Lieferanten,waagenbau-dohmen.de,Waagenbau Dohmen GmbH
hersteller-Lieferanten,mannus.de,Fahnenmasten
hersteller-Lieferanten,ema-tec.de,EMA-TEC GmbH - Induktionserwärmungstechnologien
hersteller-Lieferanten,dibl-armaturen.de,DIBL GmbH
hersteller-Lieferanten,combia.de,Combia GmbH
hersteller-Lieferanten,mazda.de,Mazda Motors Deutschland GmbH
hersteller-Lieferanten,steigtechnik.de,Günzburger Steigtechnik
hersteller-Lieferanten,lpt-metalltechnik.de,LPT-Metalltechnik GmbH
hersteller-Lieferanten,vaillant.de,Vaillant Deutschland GmbH & Co. KG
hersteller-Lieferanten,solida.de,Solida Safety Line GmbH - Friseurbedarf
hersteller-Lieferanten,deutz.com,DEUTZ AG
hersteller-Lieferanten,blanco.de,BLANCO GmbH   Co KG
hersteller-Lieferanten,jung-group.com,ALBRECHT JUNG GMBH & CO. KG
hersteller-Lieferanten,wolf-signiertechnik.de,Industrielle Kennzeichnung und Beschriftung
hersteller-Lieferanten,shogazi.com,shogazi® GmbH
hersteller-Lieferanten,sieper-lagertechnik.com,Sieper Lagertechnik GmbH - Regalsysteme vom Experten
hersteller-Lieferanten,skoda-auto.de,Skoda AUTO Deutschland GmbH
hersteller-Lieferanten,oase-wassergarten.de,Neyses Gartenteiche GmbH
hersteller-Lieferanten,wieland-norm-elemente.de,Wieland Norm-Elemente OHG
hersteller-Lieferanten,ratioplan.eu,ratioplan Transportgerätevertrieb GmbH
hersteller-Lieferanten,ig-hv.de,IG Hallenmontage & Vertrieb GmbH
hersteller-Lieferanten,plusgrad-saunakonzept.de,PLUSGRAD Saunakonzept GmbH
hersteller-Lieferanten,ztgs.de,ZTGS – ZERSPANUNGSTECHNIK Gabriel Sladek
hersteller-Lieferanten,veltwisch.de,Holzzentrum Veltwisch GmbH und Co. KG
hersteller-Lieferanten,edingershops.de,edinger Fachmarkt GmbH
hersteller-Lieferanten,bowe-beregnung.de,bowe-beregnung GmbH
hersteller-Lieferanten,suzuki.de,SUZUKI INTERNATIONAL EUROPE GMBH
hersteller-Lieferanten,seemann-zerspanung.de,Seemann-Zerspanungstechnik GmbH
hersteller-Lieferanten,ffg-flensburg.de,FFG Flensburger Fahrzeugbau Gesellschaft mbH
hersteller-Lieferanten,lichtgestalt.de,Sauernheimer GmbH
hersteller-Lieferanten,nedzink.de,NedZink GmbH
hersteller-Lieferanten,pelia.de,PELIA Gebäudesysteme GmbH
hersteller-Lieferanten,efrano.de,Saitenmachermeister Wolfgang Frank
hersteller-Lieferanten,engeser.com,ENGESER GmbH
hersteller-Lieferanten,max-lehmer.de,Max Lehmer GmbH: Ihr Stapler steht? Wir kommen!
hersteller-Lieferanten,graffiti-guard.net,Graffiti-Guard GmbH & Co. KG
hersteller-Lieferanten,insektenschutz-becker.de,Becker Insektenschutz GmbH & Co.KG
hersteller-Lieferanten,gesig.de,GESIG - Gesellschaft für Signalanlagen GmbH
hersteller-Lieferanten,nexonar.com,nexonar - soft2tec GmbH
hersteller-Lieferanten,bosche.eu,Bosche GmbH & Co. KG
hersteller-Lieferanten,autoteile-atv.de,ATV Autoteile
hersteller-Lieferanten,cl-bergmann.de,Großhandel für Haustechnik - Cl. Bergmann GmbH & Co. KG
hersteller-Lieferanten,lilakind.de,Lilakind Berlin
hersteller-Lieferanten,bak-tec.de,bak-tec GmbH - Bäckereimaschinenbörse
hersteller-Lieferanten,polbauschrank.de,Polbauschrank
hersteller-Lieferanten,osnatol.de,Anstrichmittel von der Belmer Lackfabrik OSNATOL-Werk GmbH & Co KG
hersteller-Lieferanten,novocal.de,novocal GmbH & Co. KG
hersteller-Lieferanten,seitz24.com,SEITZ GmbH
hersteller-Lieferanten,norddisplay.de,Nord Display GmbH
hersteller-Lieferanten,stuck-dekor-chaudot.com,Stuck Dekor Wagner - Kunst-Stuck Atelier
hersteller-Lieferanten,hoyer.de,Wilhelm Hoyer B.V. & Co. KG
hersteller-Lieferanten,rossmann-technologie.de,Rossmann Technologie
hersteller-Lieferanten,decroupet.de,Decroupet GmbH & Co. KG
hersteller-Lieferanten,handwerkerstore.de,Handwerkerstore - Online-Shop für Handwerkerbedarf
hersteller-Lieferanten,deutsche-nickel.de,Deutsche Nickel GmbH
hersteller-Lieferanten,matthies.de,Johannes J. Matthies GmbH & Co. KG - KFZ-Ersatzteile
hersteller-Lieferanten,metall-kunststoffhandel.de,B&T Metall- u. Kunststoffhandel GmbH
hersteller-Lieferanten,del-ko.de,LED Versandhandel für LED Leuchtmittel GU10 MR16 E27
hersteller-Lieferanten,corian.henneke.com,Henneke Formbau GmbH
hersteller-Lieferanten,scheer-beton.de,Scheer Beton GmbH & Co. KG
hersteller-Lieferanten,erlus.com,"ERLUS AG - Dach, Schornstein, Lüftung"
hersteller-Lieferanten,bihophar.de,FÜRSTEN-REFORM - Dr. med. Hans Plümer Nachf. GmbH & Co. KG
hersteller-Lieferanten,hydropools.de,Hydropool Deutschland GmbH
hersteller-Lieferanten,lortz-strahltechnik.de,Lortz Strahlanlagen GmbH
hersteller-Lieferanten,thate.de,Thate gedrückte Präzision GmbH
Hörgeräte,monalisa-hoeren.de,mona&lisa Hörgeräte - Akustik für Frauen
Hörsysteme,hoergeraete.die-endverbraucher.de,GEERS Hörakustik AG & Co.KG Hörgeräte
Hörsysteme,begrich-rossleben.de,Hörgut Begrich
hotelbetriebe,wanderhotels.at,Tiroler Wanderhotels
hotelbetriebe,schlosshotel-fiss.com,Wellnesshotel Fiss
hotelbetriebe,castillosonvidamallorca.com,Schlosshotel Mallorca - Castillo Hotel Son Vida
hotelbetriebe,plazahotels.de,PLAZA-Hotel Hilden GmbH
hotelbetriebe,glawischnig-hofer.at,Urlaub am Bauernhof Glawischnig
hotelbetriebe,hafenhotel-mannheim.de,Hotel am Hafen
hotelbetriebe,rosenalp.de,Wellness- und Sporthotel Rosenalp
hotelbetriebe,kloetzelmoench.de,Hotel Zum Klötzelmönch
hotelbetriebe,blumau.com,Thermen- und Wellness Hotel Blumau
hotelbetriebe,seiffener-hof.de,SEIFFENER HOF
hotelbetriebe,estrel.com,Estrel Berlin
hotelbetriebe,flandrischerhof.de,Flandrischer Hof - Hotel - Köln
hotelbetriebe,nuembrecht.com,Park-Hotel Nümbrecht
hotelbetriebe,malerhaus.at,Hotel Malerhaus Fügen - Wellnesshotel im Zillertal in Tirol Österreich
hotelbetriebe,mountainparkhotel.de,MountainPark Hotel Kassel
hotelbetriebe,hotel-breslauer-hof.de,Hotel Breslauer Hof- Köln
hotelbetriebe,hotel-sonnhof.net,Hotel-Garni Sonnhof
hotelbetriebe,scalaria.com,scalaria Eventlocation - Event Seminar und Kongresshotel
hotelbetriebe,weiherbad.com,Hotel Weiherbad
hotelbetriebe,lampes-posthotel.de,"Lampes Posthotel, das Wellnes Hotel bei Alfeld"
hotelbetriebe,soelden.com,Ötztal Tourismus - Hotels in Sölden: Erholung pur
hotelbetriebe,sheratonpelikanhannover.com,Sheraton Pelikan Hotel Hannover
hotelbetriebe,hyatt.com,"Luxury Hotels in Köln, Hyatt Regency Cologne, Germany"
hotelbetriebe,weisserstein.eu,Kurreisen Polen
hotelbetriebe,altstadt-hotel.de,Altstadt-Hotel Passau
hotelbetriebe,collection-kufstein.at,Hotel & Wirtshaus Andreas Hofer: 4 Sterne Hotel im Zentrum von Kufstein Tirol
hotelbetriebe,fewo-hiesinger.de,FERIENWOHNUNGEN BEIM HIESINGER
hotelbetriebe,hotelvonkorff.de,Hotel von Korff
hotelbetriebe,hotel-zum-stein.de,Ringhotel Zum Stein
hotelbetriebe,goies.at,ALPINE HOTEL RESORT GOIES GmbH
hotelbetriebe,marriott.com,Westin Hotel Leipzig: ganz weit oben
hotelbetriebe,alpenhaus-kaprun.at,Hotel Kaprun Betriebsgesellschaft mbH
hotelbetriebe,salzburgerhof.at,Wellnesshotel Salzburgerhof - Urlaub Salzburg
hotelbetriebe,sylt-lofts.de,Sylt Lofts
hotelbetriebe,hotel-buchholz.de,Hotel Buchholz Köln / Cologne
hotelbetriebe,schedererhaus.at,Appartements Schedererhaus
hotelbetriebe,snowacademy.com,Jakob Eder - Hotel Reiterhof GesmbH & Co KG
hotelbetriebe,auersperg.at,Hotel & Villa Auersperg Salzburg
hotelbetriebe,bed-and-breakfast-elz.de,Löffelmühle Boutique BnB / Jean-Paul Schmit & Roland Hein GbR
hotelbetriebe,regina.de,Hotel Garni Regina
hotelbetriebe,posthotel-rattenberg.de,Wanderhotel Post Rattenberg
hotelbetriebe,seehotel.nrw,Best Western Premier Seehotel Krautkrämer
hotelbetriebe,bergkristall.de,Urlaub im Allgäu- Hotel Bergkristall
hotelbetriebe,gruenauerhof.at,Gasthof Hotel Grünauerhof
hotelbetriebe,bestwestern.de,www.bestwestern.de
hotelbetriebe,kaisers-hotel-sonthofen.de,KAISERS - das kleine Stadthotel
hotelbetriebe,bahn.de,DB Vertrieb GmbH
hotelbetriebe,landhaus-bergidyll.de,Landhaus Bergidyll
hotelbetriebe,hotel-imperial.de,Willkommen beim / Welcome to the  Hotel IMPERIAL
hotelbetriebe,hotel-jedermann.de,HOTEL Jedermann Munich
hotelbetriebe,waldhotel-auszeit.de,waldhotel AUSZEIT
hotelbetriebe,salzburgerhof.eu,Hotel Salzburger Hof Leogang - Hotel der aktiven Genießer
hotelbetriebe,hotel-theresia.com,Hotel Salzburger Land Theresia
hotelbetriebe,gaestehaus-alfter.eu,Gästehaus Alfter
hotelbetriebe,grundmuehle-elbsandsteingebirge.de,Hotel Grundmühle
hotelbetriebe,gut-lilienfein.de,Gut Lilienfein
hotelbetriebe,aniferhof.at,Friesacher´s Aniferhof Hotel & Pension
hotelbetriebe,ferienwohnungweihretter.de,Ferienwohnungen Weihretter
hotelbetriebe,walchseerhof.com,Hotel Walchseer Hof
hotelbetriebe,alexanderamzoo.de,Hotel Alexander am Zoo KG
hotelbetriebe,haus-am-reitstein.de,Herberge zur Rose - Haus am Reitstein
hotelbetriebe,biohotel-daberer.at,der daberer . das biohotel
hotelbetriebe,germania-erfurt.de,Pension - Haus Germania
hotelbetriebe,pension-suzette.de,Pension Suzette Gotha
hotelbetriebe,bio-seehotel-zeulenroda.de,Bio-Seehotel Zeulenroda GmbH & Co.KG
hotelbetriebe,hotel-kruegers.de,Hotel Krügers- Hannover-Barsinghausen
hotelbetriebe,central-hotel-viernheim.de,Central-Hotel
hotelbetriebe,gmg-ferien.de,GMG Ferien am Meer - Ferienhäuser Norddeich Vermietungsservice
hotelbetriebe,hotel-oedhof.de,Sporthotel Ödhof
hotelbetriebe,gasthaus-hoehnberg.de,Gasthaus Höhnberg Floh-Seligenthal / Thüringen
hotelbetriebe,jovers.de,Ferienwohnung auf Föhr
hotelbetriebe,kempinski.com,Kempinski AG
hotelbetriebe,alpinresort.com,Alpinresort Sport & Spa Hotel in Saalbach
hotelbetriebe,haidachhof.com,Aktiv- und Wellnesshotel Haidachhof
hotelbetriebe,hotel-geisler.de,Hotel Garni Geisler
hotelbetriebe,hotel-forstinger.at,Hotel Forstinger 4 Sterne
hotelbetriebe,parkhotel-hannover.de,Parkhotel im Glück GmbH
hotelbetriebe,european-hotelreservation.de,European Hotel Reservation
hotelbetriebe,hotel-hamburg.de,Hotel Hamburg
hotelbetriebe,hotelconcordia.de,Hotel Concordia – Ihr Genießerhotel in Euskirchen
hotelbetriebe,hotel-ambrosia.de,Hotel Ambrosia
hotelbetriebe,abacus-hotel.de,ABACUS Tierpark Hotel Berlin
hotelbetriebe,gruener-soelden.com,Alpengasthof Grüner GmbH
hotelbetriebe,panorama-hotel.de,Moselromantik Hotel Panorama
hotelbetriebe,hotelludwig.de,Hotel Ludwig Köln
Hotels,hoteldiscovery.de,Hotel Discovery Stuttgart
Hundetraining,hund-artgerecht.de,Hund-Artgerecht
Industriekletterer,steady-climbing.de,Steady Climbing GmbH
Industriekletterer,industriekletterer-dortmund.de,Industriekletterer-Dortmund
Industriekletterer,schwindel-frei.de,schwindelfrei
Industriekletterer,2m-gruppe.de,2M Gruppe GmbH
Industriekletterer,sapiatzgmbh.de,Sapiatz GmbH
Industriekletterer,alpintechnik-berlin.de,Alpintechnik Berlin
Industriekletterer,ropeworx.de,ropeworx® Höhenarbeiten GmbH - Industrieklettern
Industriekletterer,industriekletterer-bonn.de,Industriekletterer Bonn
Industriekletterer,die-seiler.de,Die Seiler GmbH
Industriekletterer,seil-technik.de,SEIL & TECHNIK Industriekletterer  Ingenieure
Industriekletterer,sar-geller.de,SAR- Seilunterstütztes Arbeiten und Retten
Industriekletterer,fc-gebaeudeservice.de,FC-Gebäudeservice Florian Christoph
Industriekletterer,pigo-extremtechnik.de,PIGO-Extremtechnik OHG
Industriekletterer,verticalsolution.de,verticalSOLUTION GmbH
Industriekletterer,kletterteam-hamburg.de,R&F Solutions
Industriekletterer,seilarbeiter.de,"Industriekletterer Berlin Lengert, Höhenarbeiter, Kletterer"
Industriekletterer,climbix.de,CLIMBIX-Industrieklettern
Industriekletterer,ibe-industrieservice.de,IBE Industrieservice GmbH
Industriekletterer,csc-hannover.de,Ihr Gebäudedienstleister CSC GmbH
Industriekletterer,icsvertical.de,"ICS Vertical GmbH&CoKG -- Industrieklettern, Höhenarbeit und Ingenieure"
Industriekletterer,industrie-kletterer-hamburg.de,Industrie Kletterer Hamburg IKH GmbH
Industriekletterer,meisterimseil.de,Industriekletterer Hamburg - Meister im Seil GmbH
Industriekletterer,cityclimbers.de,CITY CLIMBERS
Industriekletterer,prorope.de,ProRope - Die Industriekletterer
Industriekletterer,wandhoch.de,GECCO-N
Industriekletterer,figuth-alpin.de,Figuth Alpin . Industriekletterer Jena
Industriekletterer,akrobat.biz,akrobat Industriekletterer
Industriekletterer,gerber-seiltechnik.de,S.Gerber M.Weber S.Böttcher GbR - Seiltechnik- Industriekletterei
Industriekletterer,odendahl.koeln,Odendahl GmbH
Industriekletterer,zitras.com,zitras Gesellschaft für sichere Höhenarbeiten mbH
Ingenieurbüros,ibwv.de,ibwv KG
Ingenieurbüros,kirschholz.de,Kirsch Reiner
Ingenieurbüros,econ-umwelt-ing.de,ECON Umwelt-Ingenieure GmbH
Ingenieurbüros,ee-ag.com,euro engineering AG
Ingenieurbüros,zimmermann-ibz.de,Zimmermann Gerd Dipl.Ing.
Ingenieurbüros,m-acampo.de,A Campo Markus Ingenieurbüro
innungen,bauinnung-augsburg.de,Bau-Innung Augsburg
innungen,baeckerinnung-koeln.de,Bäcker-Innung Köln / Rhein-Erft-Kreis
innungen,goldschmiede-innung-essen.de,Innung für Gold- und Silberschmiede- sowie Uhrmacherhandwerk Essen
innungen,raumausstatter-sattler-hamburg.de,Raumausstatter- und Sattler-Innung Hamburg
innungen,baeckerinnungka.com,Bäckerinnung Karlsruhe
innungen,raumausstatter-innung-koeln.de,Homepage der Raumausstatter-Innung Köln
innungen,malerinnung.de,Maler- und Lackiererinnung Mittelbaden-Nord
innungen,metallinnung-ka.de,Herzlich Willkommen bei Ihrer Metall-Innung Karlsruhe
innungen,zik.de,Die Zahntechniker-Innung im Regierungsbezirk Köln
innungen,schreiner-innung-muenchen.de,Schreiner Innung Muenchen
innungen,innung-shk-saar.de,Landesinnung Saarland SHK
innungen,toepferkunst.de,KHS Dresden - Töpferkunst Sachsen
innungen,zinb.de,ZINB - Zahntechniker-Innung Niedersachsen-Bremen
innungen,vig-hh.de,Vereinigte Innungsgeschäftsstelle Hamburg!
innungen,tischler-mv.de,Tischler Mecklenburg-Vorpommern - Landesinnungsverband des Tischlerhandwerks
innungen,aoi-berlin.com,"Augenoptiker-Innung Berlin, die Innung für die Augenoptiker ..."
innungen,mdzi.de,Mitteldeutsche Zahntechniker-Innung
innungen,chirurgiemechanik.de,Landesinnungt Chirurgiemechanik
innungen,schreiner-innung-augsburg.de,Schreiner-Innung Augsburg
innungen,livrasa.de,Landesinnungsverband des Raumausstatter- und Sattlerhandwerks Baden-Württemberg
innungen,die-gebaeudedienstleister-bw.de,Die Gebäudedienstleister Landesinnung Baden-Württemberg
innungen,schreiner-innung-freiburg.de,Schreiner-Innung - Freiburg
innungen,dachdecker-innung-cottbus.de,Dachdecker-Innung Cottbus
innungen,dachdecker-innung-hamburg.de,Dachdecker-Innung Hamburg
innungen,schornsteinfeger-hamburg.de,Schornsteinfeger-Innung Hamburg
innungen,informationstechniker-innung.de,Informationstechniker-Innung - Potsdam
innungen,die-gebaeudedienstleister.de,Bundesinnungsverband Gebäudereiniger
innungen,tischler.berlin,Tischler-Innung Berlin
innungen,bestatter-innung-hamburg.de,BESTATTER-INNUNG-HAMBURG
innungen,tischler-innung-bremen.de,Tischler-Innung Bremen
innungen,schornsteinfegerinnung.de,Schornsteinfeger-Innung für den Regierungsbezirk Arnsberg
innungen,goldschmiedeinnung-stuttgart.de,Gold- und Silberschmiede-Innung Stuttgart-Heilbronn-Reutlingen
innungen,schornsteinfeger-koeln.de,Schornsteinfeger-Innung Köln
innungen,it-innung-os.de,It-Innung Osnabrück
innungen,ziw.de,Zahntechniker-Innung Württemberg
innungen,farbe-hamburg.de,Maler- und Lackierer-Innung Hamburg
innungen,die-gebaeudedienstleister-hessen.de,Landesinnung Hessen des Gebäudereiniger-Handwerk
innungen,goldinnung-berlin.de,Gold- und Silberschmiede Innung Berlin
innungen,dach-rlp.de,Landesinnungsverband des Dachdeckerhandwerks Rheinland-Pfalz
innungen,wko.at,Landesinnung der Metalltechniker - Niederösterreich
innungen,toepferinnung.de,Thüringer Töpferinnung – Töpfer aus der Region Thüringen |
innungen,konditoren-bw.com,Landesinnungsverband Konditoren BW
innungen,dachdeckerinnung-obb.de,www.dachdeckerinnung-obb.de
innungen,gebaeudereiniger-berlin.de,Gebäudereiniger-Innung Berlin
innungen,steinmetzinnungaachen.de,Steinmetz- und Steinbildhauer-Aachen
innungen,dachdecker-mv.de,Landesinnungsverband des Dachdeckerhandwerks Mecklenburg-Vorpommern
innungen,baeckerinnung-nordschwarzwald.de,Bäcker-Innung Region Nordschwarzwald
innungen,steinmetzinnung-hamburg.de,Landesinnung der Bildhauer- und Steinmetzbetriebe in Hamburg
innungen,kfz-innung-ffm.de,Innung des Kraftfahrzeuggewerbes Frankfurt/Main und Main-Taunus-Kreis
innungen,bauinnung-regensburg.de,Bau-Innung Regensburg
innungen,schornsteinfeger-innung-oberpfalz.de,Kaminkehrer - Innung Oberpfalz
innungen,kuerschner-innung.de,Kürschner-Innungen in Bayern
innungen,kfz-innung-berlin.de,Willkommen in der Innung des KfZ-Gewerbes in Berlin
innungen,metallhandwerk-essen.de,Metall- Innung Essen
innungen,glaserhandwerk-oberbayern.de,Glaser Innung München-Oberbayern
innungen,insider-innung.de,Die Zahntechniker Innung Baden im Internet
innungen,stuckateurinnung-heidelberg.de,Stuckateur- Innung Heidelberg
innungen,kh-os.de,Textilreiniger-Innung Osnabrück- Emsland
innungen,schuhmacherinnunghamburg.de,Schuhmacherinnung Hamburg
innungen,bak-innung.de,Die Seiten der Kupferschmiede Hamburg
innungen,kfz-innung-duesseldorf.de,Düsseldorf- Innung des Kfz-Gewerbes Düsseldorf
innungen,mass-schneider-bayern.de,Landesinnungsverband des Maßschneiderhandwerks Bayern (LIV)
innungen,bau-innung.de,Bau-Innung Hamburg
innungen,baeckersachsen.de,Landesinnungsverband Saxonia des Bäckerhandwerks Sachsen
innungen,schreiner-innung-rosenheim.de,Schreiner Innung Rosenheim
innungen,kfz-hh.de,Landesverband des Kfz-Gewerbes Hamburg e.V.
innungen,korbmacherinnung.de,Korbflechter Innung Baden-Württemberg
innungen,dachdecker.bayern,Bayerisches Dachdeckerhandwerk - Ihr Landesinnungsverband in Bayern
innungen,malerbetriebe-duisburg.de,Maler- und Lackierer Innung Duisburg
innungen,kerzeninnung.de,Kerzeninnung - Bayerische Wachszieher-Innung
innungen,baeckerinnung-freiburg.de,Bäckerinnung Freiburg · Südbaden KdöR
innungen,metallinnung.de,Innung für Metall- und Kunststofftechnik Berlin
Internet & IT Services - Cloud-Dienste,arbeitszeitrechner-24.de,Arbeitszeitrechner Online
IT-Systeme / EDV-Systeme,michael-havers.de,Michael Havers
Kaffee,tchibo.de,Tchibo
Kältetechnik,tlk-energy.de,TLK Energy GmbH
kaminbau,ofen-herrmann.de,Ofenbau Herrmann
kaminbau,flammentraeume.de,Kaminland Kamen und Hagen
kaminbau,kaminbau-walther.de,Kaminbau Walther Suhl / Thüringen
kaminbau,heindl-kamin.de,Heindl Kamin - Meisterbetrieb
kaminbau,thier.co,THIER Kachelöfen
kaminbau,martinwellmann.de,"Martin Wellmann - Kachelöfen, Kamine, Fliesen"
kaminbau,ofenbau-meder.de,MEDER - Ihr Kaminbauer Ofenbauer in Stade und Weida
kaminbau,ofenbau-vollrath.de,Ofenbau Vollrath
kaminbau,rohlf-kamine.de,Adolf Rohlf & Söhne - Inh: Volker Albers
kaminbau,sascha-habernickel.de,Sascha Habernickel
kaminbau,schornsteintechnik-brandenburger.de,Brandenburger - Montage und Sanierung von Schornsteinen.
kaminbau,schornsteinservice.de,GKS Gillissen & Klein Schornsteinservice GmbH
kaminbau,ofenbaujungs.de,Die Ofenbaujungs GmbH
kaminbau,woitha.de,VIP-Kaminfeuer
kaminbau,kaminbau-engel.de,Kaminbau Engel GmbH & Co. KG
kaminbau,ofenhaus-stude.de,Ofenhaus Stude
kaminbau,der-rote-hahn.de,"Der Rote Hahn - Gute Kachelöfen und Kamine - Kachelofen, Kamin, Kaminofen uvm."
kaminbau,ofen-burkhardt.de,Ofenbau Burkhardt
kaminbau,greinofenhaus.de,GREIN OFENHAUS GmbH
kaminbau,ofenbau-senft.de,Ofenbau Senft
kaminbau,dressel-kamine.de,Ofenbau- und Fliesenfachgeschäft Frank Dressel
kaminbau,kamine-lorenz.de,Kamine Lorenz
kaminbau,ofenbau-schenderlein.de,Ofenbau Schenderlein
kaminbau,finselberger.de,Schornsteintechnik KAMINGALERIE Finselberger
kaminbau,koeln-kamine.de,koeln- kamine
kaminbau,pathen.de,Pathen & Sohn GmbH - Ofenbau
kaminbau,kaminbau-reschke.de,Bruno Reschke GmbH - Kompetenz im Schornsteinbau
kaminbau,kaminbau-lasch.de,Kaminbau Lasch
kaminbau,ph-kamine.com,PH-Kamine
kaminbau,finke-feuer.de,Finke-Feuer Kachelofenbau GmbH
kaminbau,faszination-feuer.eu,Ofen- und Kaminbau Krahl
kaminbau,kaminbau-lamka.de,Ofen- und Kaminbau Lamka
kaminbau,ofenbauer-kessler.de,Ofenbau-Kessler
kfzhandwerk,goettgens-automobile.de,Göttgens-Automobile - KfZ-Meisterbetrieb
kfzhandwerk,ott-fahrzeugbau.de,OTT Fahrzeugbau Verden GmbH
kfzhandwerk,grotz-sittensen.de,Gebrüder Grotz Inh. Timo Waltz e. K.
kfzhandwerk,autoformaachen.de,AutoForm - Kriescher & Ciganovic GbR
kfzhandwerk,kai-buschmann.de,Werkstatt für Automobile Kai Buschmann Inh. Alexander Sailer
kfzhandwerk,gutachten-paeperer.de,KFZ Sachverständigenbüro Päperer
kfzhandwerk,royal-mobility.net,Royal Mobility GmbH - Behindertengerechter Fahrzeugumbau
kfzhandwerk,kfz-bertram.de,Kfz-Service Christof Bertram
kfzhandwerk,autogas-zentrum-dortmund.de,Auto Becker GmbH
kfzhandwerk,auto-thuy.de,Auto Thuy GmbH
kfzhandwerk,acb-online.com,Autocenter GmbH Blankenburg
kfzhandwerk,teileland.de,TL teileland Waldbröl GmbH
kfzhandwerk,autoheins.de,Heins AutoService
kfzhandwerk,jacobs-classic.de,Jacobs Classic & Sportscars GmbH & Co. KG
kfzhandwerk,kfz-schepers.de,KFZ Schepers - Meisterwerkstatt
kfzhandwerk,weissweiler.de,Bosch Service Weissweiler GmbH
kfzhandwerk,strelaauto.de,STRELA AUTO GmbH
kfzhandwerk,wasmus-melle.de,WASMUS- Gabelstapler Teleskopstapler Vermietung Service Verkauf
kfzhandwerk,ford-dorn.de,Auto Dorn Wilhelm Dorn und Gerhard Feissel GmbH
kfzhandwerk,lack-peters.de,Lackiererei-Peters - Jan Peters GmbH
kfzhandwerk,automobil-sachse.de,Automobil GmbH Sachse
kfzhandwerk,werkstatt-selsingen.de,Martens Kfz & Baumaschinen GmbH & Co. KG
kfzhandwerk,rauert-reisemobile.de,Rauert Reisemobile GmbH
kfzhandwerk,fritzsche-kfz.de,KFZ-Technik Fritzsche GmbH
kfzhandwerk,cs-fahrzeugtechnik-hagen.de,Christian Schramm Fahrzeugtechnik
kfzhandwerk,bbeste.de,B. Beste GmbH …ein Name verpflichtet!
kfzhandwerk,tankstelle-druebeck.de,Kfz-Meisterbetrieb Eitze GmbH & Co. KG
kfzhandwerk,motorrad-matthies.com,Harley-Davidson Tuttlingen
kfzhandwerk,plengemeyer-auto.de,Autowerkstatt Lehsen - Plengemeyer Automobile
kfzhandwerk,alleautos-lev.de,Alle Autos Leverkusen
kfzhandwerk,werkstattkoeln.de,AUTO KILINC GmbH
kfzhandwerk,auto-schirmer.de,Auto Schirmer
kfzhandwerk,tm-motorsport.com,TM - Motorsport GMBH
kfzhandwerk,autoservice-greven.de,Autoservice D. Greven
kfzhandwerk,car-around.de,Car-around - Beulendoktor Köln
kfzhandwerk,bertram-fahrzeugbau.de,Bertram Fahrzeugbau
kfzhandwerk,lambeck.de,Fahrzeughaus Lambeck GmbH
kfzhandwerk,zapf-kfz.go1a.de,1a autoservice in Neustadt bei Coburg
kfzhandwerk,kallies-automobile.de,Kallies Automobile e.K.
kfzhandwerk,autospezialisten.de,Die AutoSpezialisten
kfzhandwerk,bolte-automobile.de,Bolte Automobile GmbH
kfzhandwerk,auto-rose.de,Auto-Rose Kfz-Meisterbetrieb
kfzhandwerk,bo-kfz.de,B&O Kfz-Meisterbetrieb
kfzhandwerk,autoservice-leuthold.de,Infoseiten des Autoservice Leuthold
kfzhandwerk,auto-priebe.de,Wolfgang Priebe GmbH
kfzhandwerk,kfz-gerdes.de,KFZ Gerdes GmbH & Co. KG
kfzhandwerk,autowelt-ruegen.de,Autowelt Rügen GmbH
kfzhandwerk,lau-schoenberg.de,Bosch Service Lau GmbH & Co KG
kfzhandwerk,auto-hagenlueke.de,Auto Hagenlüke GmbH & CO. KG: Alle Marken - Eine Werkstatt
kfzhandwerk,behrens-nfz.de,Behrens Nfz - Pkw Service GmbH
kfzhandwerk,meyerkraftfahrzeuge.de,Meyer Kraftfahrzeuge GmbH
kfzhandwerk,bosch-service-schmidt.de,Autowerkstatt - Schmidt Car Service
kfzhandwerk,autoimarsch.de,S&S Car Service
kfzhandwerk,kfzwerkstattdueren.de,enzel & Co. Autoreparaturen GmbH
kfzhandwerk,gabrieles-automobile.de,Gabriele's Automobile GmbH
kfzhandwerk,schultes.seat.de,Jür­gen Schul­tes Au­to­mo­bi­le GmbH
kfzhandwerk,severiner-autoservice.de,1a Severiner Autoservice
kfzhandwerk,dieschraubendreher.de,Die Schraubendreher
kfzhandwerk,schultz-lindhorst.de,Schultz & Lindhorst
kfzhandwerk,richter-leverkusen.de,Richter GmbH
kfzhandwerk,pneuhage.de,Pneuhage Management GmbH & Co. KG
kfzhandwerk,luecke-kfz.de,Automechaniker - Meisterbetrieb - KFZ Lücke GmbH
kfzhandwerk,bornmann.de,www.bornmann.de
kfzhandwerk,car-klinik-uelzen.de,Camper World Car Klinik Uelzen
kfzhandwerk,nolte-gruppe.de,Gebrüder Nolte GmbH & Co. KG
kfzhandwerk,noiron.de,Noiron - Autoverwertung & Schrotthandel & Abschleppdienst
kfzhandwerk,auto-topservice.de,Auto-Topservice die Spezialisten für Lackreparaturen.
kfzhandwerk,nalbach-hinkel.de,Nalbach & Hinkel GmbH
kfzhandwerk,kfzservice-zacharias.de,Kfz Service Zacharias GmbH & Co.KG
kfzhandwerk,harley-davidson-koblenz.de,Harley-Davidson Vertretung Koblenz GmbH i. L.
kfzhandwerk,habben-tt.de,Habben Truck & Trailer GmbH & Co. KG
kfzhandwerk,mercedesteileshop-west.de,Mercedesteileshop West - Papiermühle Nümbrecht
kfzhandwerk,kfb-jessen.com,Jonas Jessen  Fahrzeugbau
kfzhandwerk,boelke-gmbh.de,Autowerkstatt Axel Bölke GmbH
kfzhandwerk,wandscher-gruppe.de,Thomas Wandscher Autovertriebs GmbH
kfzhandwerk,meyer.go1a.de,1a autoservice Meyer
kfzhandwerk,cremer-sohn.de,Heinz Cremer & Sohn GmbH & Co. KG
kfzhandwerk,niesmann.de,Niesmann Caravaning GmbH & Co. KG
kfzhandwerk,halbekann-gmbh.de,Halbekann GmbH
kfzhandwerk,klaus-co.de,Mercedes-Benz in Flensburg: Klaus GmbH + Co. KG
kfzhandwerk,kolibry.de,Kolibry Werbung
kfzhandwerk,freie-werkstatt-burgwedel.de,Freie Werkstatt Schuster & Ludwig
kfzhandwerk,kfz-dauber-larisch.de,KFZ-Technik Dauber & Larisch UG
kfzhandwerk,sbb-autoservice.de,SBB Autoservice GmbH
kfzhandwerk,motorrad-rueckheim.de,Motorradwerkstatt Ludwigslust - Motorrad Rückheim
kfzhandwerk,autoservice-hammer.de,Autoservice Hammer
kfzhandwerk,autowerkstatt-bergisch.de,Autowerkstatt Bergisch Dinc & Percin GbR
kfzhandwerk,siegfriedharlos.de,Ihr KFZ-Reparaturen Siegfried Harlos in Dortmund
kfzhandwerk,eversberg-kfz.de,Peter Eversberg Kraftfahrzeugreparaturen GmbH
kfzhandwerk,auto-wulfing.de,Wulfing-Mobile GmbH
kfzhandwerk,ass-automobile.de,ASS-Automobile GmbH
kfzhandwerk,scholly.de,Scholly`s Motorrad GmbH
kfzhandwerk,autotreff-achim.de,Autotreff Jäkel GmbH & Co. KG
kfzhandwerk,mg-fahrzeugtechnik.de,MG Fahrzeugtechnik GmbH - Lackierere - KFZ-Werkstatt
kfzhandwerk,auto-lackner.de,Autoverwertung & Gebrauchte Autoteile - Lackner
kfzhandwerk,boschcarservice-haaren.com,Bosch Car Service Haaren - Schröders Automobile
kfzhandwerk,vaegler.de,Kfz-Werkstatt Vaegler GbR
kfzhandwerk,atw-lackierzentrum.de,ATW Lackierzentrum
kfzhandwerk,autocentrum-guenay.de,Auto Centrum Günay
kfzhandwerk,koester-bielefeld.de,Köster PKW- und LKW Reparaturfachbetrieb GmbH
kfzhandwerk,auto-kili.de,Auto Kili Kfz-Meisterbetrieb GmbH
kfzhandwerk,bremsen-richter.de,Bremsendienst Richter GmbH & Co. KG
kfzhandwerk,kfz-sieben.de,KFZ Sieben – KFZ- Meisterbetrieb D. Sieben
kfzhandwerk,autopoint-zeven.de,AutoPoint Zeven GmbH & Co. KG
kfzhandwerk,juergen-techam.de,Jürgen Techam GmbH
kfzhandwerk,th-fahrzeugtechnik.de,TH Fahrzeugtechnik - KFZ-Meisterwerkstatt
kfzhandwerk,d-s-fahrzeugtechnik.de,D&S Fahrzeugtechnik GmbH
kfzhandwerk,ar-automobile-wk.de,AR Automobile - Inh. André Rose
kfzhandwerk,hegemann.point-s.de,Hegemann GmbH
kfzhandwerk,opel-wolf.de,A. Wolf & Sohn GmbH & Co. KG
kfzhandwerk,benkens.de,Ludger Benkens Fahrzeuglackierung
kfzhandwerk,auto-dombrowski.de,Autoreparatur auf Rügen - K.Dombrowski & Söhne GmbH
kfzhandwerk,autoberes.de,Auto Beres e.K.
kfzhandwerk,boschservice-greifswald.de,Bosch Car Service - Servicecenter Ritzkowski GmbH
kfzhandwerk,grass-einbeck.de,Fr. Grass Lack & Schrift GmbH
kfzhandwerk,auto-peckmann.de,"Auto Peckmann, Kfz Meisterwerkstatt"
kfzhandwerk,nowag.com,NOWAG Solutions GmbH - Gebr. Schwarte und Braasch
kfzhandwerk,as-hassmann.de,Auto Service Haßmann GmbH
kfzhandwerk,auto-fiekens.de,Ford Store Fiekens - Auto Fiekens GmbH
kfzhandwerk,gruen.go1a.de,KFZ-GRÜN
kfzhandwerk,lackiererei-aachen.de,Rotärmel GmbH
kfzhandwerk,amf-dortmund.de,AMF Auto Motorrad Freigang
kfzhandwerk,ford-eberhardt.de,Eberhardt Automobile GmbH & Co KG
kfzhandwerk,autohiemisch.de,Auto Hiemisch GmbH & Co.KG in Greiz und Dobia
kfzhandwerk,wrede.seat.de,Auto Wrede GmbH
kfzhandwerk,fz-handewitt.de,Fahrzeugzentrum Handewitt GmbH & Co KG
kfzhandwerk,alfersgmbh.de,Gebrueder Alfers GmbH
kfzhandwerk,autoverwertung-buescher.de,Autoverwertung Büscher
kfzhandwerk,autolackierung-helber.de,Autolackierung und Industrielackierung Helber
kfzhandwerk,auto-sofortservice.de,Auto Sofort Service Timo Müller
kfzhandwerk,bierfert.gmbh,Lackiererei Bierfert GmbH
kfzhandwerk,fsauto.de,F+S Fahrzeugteile + Service
kfzhandwerk,autowelt-gruppe.de,Autowelt-Gruppe - Autowelt Rostock GmbH & Co KG
kfzhandwerk,kepro-autotechnik.de,Ke-Pro Autotechnik - Schwelm
kfzhandwerk,der-autoputzer.de,Der Autoputzer
kfzhandwerk,lunds-autowerkstatt.de,L&S Autowerkstatt GmbH
kfzhandwerk,ruebke.go1a.de,Heinz Rübke 1a autoservice
kfzhandwerk,pieper-motoren.de,Pieper Motoren und KFZ-Technik GmbH & CO. KG
kfzhandwerk,cartec-koeln.de,CarTec VW-Bus Technik – H. Guttermann
kfzhandwerk,kfz-sechtin.de,KFZ-Meisterbetrieb Jürgen Sechtin
kfzhandwerk,kars-performance.de,KarS Performance - Kevin Schelauske
kfzhandwerk,kfz-magerkurth.de,Autodienst Jürgen & Oliver Magerkurth
kfzhandwerk,reha-mobilitaetszentrum-nrw.de,Behindertengerechte Fahrzeuge und Führerschein - Sodermanns GmbH
kfzhandwerk,fahrzeugtechnik-huenecke.de,Fahrzeugtechnik Hünecke
kfzhandwerk,fahrzeugtechnik-nink.de,Fahrzeugtechnik Nink GmbH
kfzhandwerk,fahrzeugtechnik-gustmann.de,Fahrzeugtechnik Gustmann
kfzhandwerk,puetz-landtechnik.de,Landtechnik Pütz
kfzhandwerk,renault-hoeschler-koeln.de,Heinz Höschler GmbH Renault-Vertragshändler
kfzhandwerk,azf-gruppe.de,Audi Zentrum Flensburg Vertriebs GmbH
kfzhandwerk,fahrzeuglackierung-reich.de,Fahrzeuglackierung Reich
kfzhandwerk,jokeit-edewecht.de,Jokeit GmbH &. Co. KG
kfzhandwerk,abschleppdienst-reinhold.de,Abschleppdienst Reinhold - Abschleppdienst Berlin
kfzhandwerk,kfz-werkstatt-sprockhoevel.de,M. Kaufmann Kfz Meisterbetrieb
kfzhandwerk,rudolph-automobile.de,Rudolph Automobile GmbH
kfzhandwerk,masche-service.de,"Alfred Masche GmbH - Pkw, Lkw & Bus Service"
kfzhandwerk,kind-lackiertechnik.de,KIND Lackiertechnik GmbH
kfzhandwerk,venjacob.de,AUTOSERVICE VENJACOB
kfzhandwerk,ratjengmbh.de,KFZ-Meisterbetrieb Ratjen GmbH
kfzhandwerk,autoservice-frost.de,Ihre KFZ-Werkstatt in Düren -Erwin Frost GmbH
kfzhandwerk,cash4crash.de,Gebrauchtwagen - Unfallwagen-Handel
kfzhandwerk,hiltscher.com,Hiltscher GmbH
kfzhandwerk,lack-klinik.de,"la-cre, die lack-klinik.de"
kfzhandwerk,kfz-grossenwiehe.de,Kfz-Service Großenwiehe GmbH & Co. KG
kfzhandwerk,xn--auto-schwarz-frth-g3b.de,Auto Schwarz GmbH
kfzhandwerk,kfz-roeschke.de,Autowerkstatt Grabow - Auto-Roeschke GmbH
kfzhandwerk,nolden-car-service.de,Nolden Car-Service GmbH
kfzhandwerk,autoservicebrandt.go1a.de,Autoservice Brandt
kfzhandwerk,motorenfeuer.de,Individuelle Motoreninstandsetzung - Motoren Feuer GmbH
kfzhandwerk,reicartech.de,REICARTECH GmbH
kfzhandwerk,kfz-pvs.de,KFZ Meisterbetrieb Püttgens und Vom Stein GmbH
kfzhandwerk,lacktop.de,Beulendoktor - LackTop.de ...und der Lack ist wieder TOP!
kfzhandwerk,spies-automobile.de,Spies-Automobile GmbH
kfzhandwerk,autoservice-esser.de,Autoservice Esser
kfzhandwerk,bengue-auto.de,Bengue-Auto
kfzhandwerk,kfz-kohlmann.de,AutoPro - Harald ​​Kohlmann
kfzhandwerk,autosattlerei-bremen.de,em.es.es Sattlerei
kfzhandwerk,hashagen-kfz.de,Hashagen KFZ Technik - Die Werkstatt in Nordholz
kfzhandwerk,sts-dortmund.de,STS Serviceteam Socha GmbH KFZ Lackierung und Service
kfzhandwerk,schwurack.de,1a Autoservice Kfz Meisterbetrieb Schwurack
kfzhandwerk,autotechnikickert.de,Autotechnik Ickert
kfzhandwerk,r-baeuerlein.de,Robert Bäuerlein GmbH
kfzhandwerk,nissan-service-zahn-nowinski-hattingen.de,Zahn & Nowinski Service KG
kfzhandwerk,autodienst-wolgast.de,Autodienst Besch & Voß - Autodienst-Wolgast
kfzhandwerk,gottschalk-aachen.de,Gottschalk Aachen - Autolackierung & KFZ-Service
kfzhandwerk,werkstatt-scheessel.de,Jan Wahl KFZ Werkstatt - Meisterbetrieb
kfzhandwerk,rollerambulanz.de,Rollerambulanz - Hamburg St. Pauli
kfzhandwerk,auto-baudisch.de,Autoservice Baudisch GmbH
kfzhandwerk,autotechnik-kane.de,Autotechnik Kane
kfzhandwerk,auto-senger.de,Senger Gruppe: Senger Management GmbH
kfzhandwerk,kfz-schmalzgrueber.de,KFZ-Meisterbetrieb Norbert Schmalzgrüber
kfzhandwerk,kfz-hermanns.de,Kfz Hermanns Ihr Meisterbetrieb in Aachen
kfzhandwerk,maass-kfz.de,Maaß Kraftfahrzeuge GmbH - Inh. Julian Firleke
kfzhandwerk,kraftfahrzeuge-eilers.de,Kraftfahrzeuge Eilers Inh. Andreas Burgart
kfzhandwerk,autolackiererei-lauhoff.de,Lauhoff GmbH & Co. KG - Autolackiererei mit Werkstatt
kfzhandwerk,r-r-autotechnik.de,R & R Autotechnik
kfzhandwerk,msautomobile.de,M&S Automobile GmbH
kfzhandwerk,man-heinsberg.de,TBS Truck und Bus Service Heinsberg GmbH & Co. KG
kfzhandwerk,gpsfahrzeugortung.de,GPSFahrzeugortung
kfzhandwerk,automeister-hagenow.de,Autoservice Hagenow GmbH
kfzhandwerk,carlpostertz.de,Carl Postertz GmbH & Co. KG - John Deere Händler
kfzhandwerk,garage-markaj.ch,Garage Markaj
kfzhandwerk,escars.de,EsCars Sarah Schildknecht
kfzhandwerk,autoboyer.de,Autowerkstatt Verden - Auto Boyer GbR
kfzhandwerk,auto-bartels.de,Mitsubishi - Auto-Service Bartels
kfzhandwerk,hagelschadenpoint.de,Hagelschaden Point (Ausbeulprofi Raum Kassel)
kfzhandwerk,autoserviceteam.de,"AST - Auto-Service-Team Andreas Goetze, Ihre faire Autowerkstatt in Wiesbaden"
kfzhandwerk,kfz-leiner.de,Kfz-Technik Thorsten Leiner Inh. Marvin Franck
kfzhandwerk,mevissen.de,Mevissen Nutzfahzeuge GmbH
kfzhandwerk,autoservice-heinsberg.de,Autoservice Hummel GmbH
kfzhandwerk,logemann-fahrzeugbau.de,Bernhard Logemann Fahrzeugbau GmbH
kfzhandwerk,honda-maeder.de,Honda Automobiltechnik Mäder OHG
kfzhandwerk,perfectcar-koeln.de,PerfectCAR GmbH
kfzhandwerk,dtweil.de,Dellentechnik Weil
kfzhandwerk,jmz-world.com,JMZ KFZ & Motorrad Service e.K.
kfzhandwerk,autoseeger.de,www.autoseeger.de
kfzhandwerk,ac-jechow.de,Autocenter Jechow GmbH
kfzhandwerk,kfz-werk2.de,WERK2 - Kfz Meisterwerkstatt
kfzhandwerk,autohoffmann.de,Auto Hoffmann GmbH
kfzhandwerk,auto-theis.net,Auto-Theis - Inh.: Heiko Theis
kfzhandwerk,guenter-kloubert.de,Günter Kloubert GmbH
kfzhandwerk,auto-thomas.de,Auto Thomas Firmengruppe - Heinrich Thomas GmbH & Co. KG
kfzhandwerk,lukatsch.de,Bosch Car-Service Friedrich Lukatsch
kfzhandwerk,stoebe-motorraeder.de,Stöbe Motorräder
kfzhandwerk,dieautoschmiede.de,Die Autoschmiede Ringsberg GmbH
kfzhandwerk,fahrzeugbau-schmidt.de,Fahrzeugbau August Schmidt GmbH & Co. KG in Hagen
kfzhandwerk,autowerkstatt-gransee.de,Auto Hirtzel
kfzhandwerk,gerber-automobile.de,J. Gerber Automobile
kfzhandwerk,hesse-autoservice.de,Autoserivce Hesse
kfzhandwerk,bettels-performance.de,Bettels Performance GmbH
kfzhandwerk,sundl-kfz.de,S&L KFZ-Meistrerbetrieb GbR
kfzhandwerk,auto-conen.de,Auto Conen GmbH
kfzhandwerk,allcars-eu.de,ALLCARS-EU GmbH
kfzhandwerk,autoeimermacher.de,Auto Eimermacher - Inh. Lehnard & Midzan GbR
kfzhandwerk,heipro.de,Mobil mit reinem Pflanzenöl ( Salatöl statt Bio - Diesel )
kfzhandwerk,wirtz-autoservice.de,Autoservice Wirtz – Mit Wirtz wird's!
kfzhandwerk,autolackiererei-kaiser.de,Autolackiererei Kaiser GmbH
kfzhandwerk,kilburg-automobiltechnik.de,Ralf Kilburg Automobiltechnik
kfzhandwerk,thuenemann-lathen.de,B. Thünemann GmbH & Co. KG
kfzhandwerk,kfz-schroeder-kickler.de,KFZ-Meisterbetrieb Dettmar Schröder & Thorsten Kickler
kfzhandwerk,debus-kfz.de,Kfz Werkstatt Debus GmbH - freie Autowerkstatt
kfzhandwerk,motor-bonn.de,KS Motortechnik
kfzhandwerk,hg-borchers.de,Kfz. Meisterwerkstatt H.-G. Borchers
kfzhandwerk,nothdurft-fahrzeugteile.de,Nothdurft Fahrzeugteile und Zubehör
kfzhandwerk,woltmann-gruppe.com,Woltmann Gruppe - CWoltmann GmbH & Co. KG
kfzhandwerk,vgs-motorsport.com,Viktor Günther GmbH / VGS-Motorsport
kfzhandwerk,fotis.autofitpartner.de,Fotis GbR Grubanovic & Nitsios
kfzhandwerk,miw-zeven.de,Motoren Instandsetzungs Werk GmbH
kfzhandwerk,auto-reimann.de,Autoservice Reimann GmbH
kfzhandwerk,boschserviceschroeder.de,Bosch Car Service Hans-W. Schröder OHG
kfzhandwerk,lkw-center-petersen.de,LKW-Center-Petersen GmbH
kfzhandwerk,fzth.de,Automatikgetriebe von Fahrzeugtechnik Hetzel
kfzhandwerk,fahrzeugbau-willenbrock.de,Willenbrock Fahrzeugbau GmbH
kfzhandwerk,az-priebe.com,VW - Autozentrum Priebe
kfzhandwerk,cc-ajami.de,Classic-Car Lackierung Ajami
kfzhandwerk,kfz-ralf-kleppe.de,KFZ Ralf Kleppe Witten
kfzhandwerk,lalinea.de,La Linea Franca Kraftfahrzeughandelsges. mbH
kfzhandwerk,nwr-koeln.de,Lkw-Reparatur vom Profi - Köln - NWR GmbH
kfzhandwerk,ladok.de,LADOK Lackier und Hagelschadenzentrum
kfzhandwerk,auto-mandt.com,Auto Mandt GmbH
kfzhandwerk,volkswagen-automobile-berlin.de,Volkswagen Automobile Berlin und Potsdam
kfzhandwerk,sueverkruep.de,Süverkrüp + Ahrendt GmbH & Co KG
kfzhandwerk,abc-bosbach.de,ABC-Service Bosbach e.K.
kfzhandwerk,ahag-group.de,AHAG Automobil-Handels-Ges. Egon Gladen GmbH & Co. KG
kfzhandwerk,kfz-koenig-holzen.de,Ihre Kfz-Werkstatt König
kfzhandwerk,auto-bakat.de,AUTO BAKAT
kfzhandwerk,lackiererei-schneider.de,Unfallinstandsetzung - Josef Schneider GmbH
kfzhandwerk,felgeninstandsetzung.de,Felgeninstandsetzung
kfzhandwerk,kfz-grawinkel.de,KFZ Grawinkel GmbH & Co. KG
kfzhandwerk,palfinger.com,PALFINGER AG
kfzhandwerk,autolackiererei-diez.de,Hof GmbH
kfzhandwerk,autolack-friedrich.de,Autolack Friedrich Meisterbetrieb
kfzhandwerk,auto-wie-neu.de,Auto Media Service - Kaschel
kfzhandwerk,oteka.de,OTEKA GmbH - Kfz Technik & Sonderfahrzeugbau in Aachen
kfzhandwerk,ats-ruegen.de,ATS Autotechnik Service GmbH
kfzhandwerk,fix-truck.com,FixTruck - Truck & Trailer Service
kfzhandwerk,kfz-patrickroggen.de,KFZ-Werkstatt - Patrick Roggen
kfzhandwerk,ah-wagner.de,Gebrauchtwagenhandel Wagner GmbH
kfzhandwerk,auto-smolczyk.de,AUTO SMOLCZYK GMBH
kfzhandwerk,300eu-autos.de,500EU-Autos.de - Auto-Handel-Service GmbH
kfzhandwerk,terberg-hs.de,Terberg HS GmbH
kfzhandwerk,kawasaki.motoparkgmbh.de,Moto Park GmbH  - Motorräder
kfzhandwerk,hagedorn-pelchen.de,Hagedorn & Pelchen GbR
kfzhandwerk,autowerkstattwolf.de,AUTO WOLF GmbH & CO. KG
kfzhandwerk,komland.it,Komland GmbH
kfzhandwerk,huther-aw.de,Huther GmbH & Co. KG - KFZ-Werkstatt & Lackiererei
kfzhandwerk,kramer.autos,K&M Automobile GmbH
kfzhandwerk,meuser-fahrzeugbau.de,Meuser Fahrzeugbau GmbH
kfzhandwerk,car-service-kleie.de,Car Service Kleie
kfzhandwerk,autoglas-ammerland.de,Autoglas Westerburg
kfzhandwerk,cloppenburg-gruppe.de,Cloppenburg Automobil SE
kfzhandwerk,auto-burdinski.de,Auto-M.Burdinski GmbH
kfzhandwerk,auto-deutschmann.de,Motorrad & Autowerkstatt Kai Deutschmann
kfzhandwerk,heinrich-heiden.de,Heinrich Heiden GmbH & Co. KG
kfzhandwerk,autoservice-wynands.de,Wynands GmbH - Autoservice - Stolberg
kfzhandwerk,auto-ackert.de,Auto-Ackert GmbH Wernigerode
kfzhandwerk,bosch-service-wesselmann.de,Bosch-Service - G. Wesselmann GmbH
kfzhandwerk,stellmach-kfz.de,Vitali Stellmach Kfz-Meisterwerkstatt
kfzhandwerk,automobile-fick.de,Automobile Fick GmbH
kfzhandwerk,tomandl.de,"Auto Tomandl, Ihr freundlicher Autohändler in Fürth."
kfzhandwerk,mobidee.de,Mobidee - Hillebrand & Partner oHG
kfzhandwerk,kfz-technik-schaul.de,Kfz-Technik Schaul
kfzhandwerk,bayisler.de,Kfz Meisterbetrieb M.Bayisler GmbH aus Alsdorf
kfzhandwerk,schraubwerker.de,Schraubwerker GmbH & Co. KG
kfzhandwerk,kattenstroth-automobile.de,Kattenstroth Automobile e. K.
kfzhandwerk,kfz-doenmez.de,KFZ-Werkstatt in Witten - KFZ Meisterbetrieb Dönmez
kfzhandwerk,karl-lack.de,Karl Autolackierwerkstätte GbR
kfzhandwerk,sr-auto.de,S&R Automobile GmbH
kfzhandwerk,kelm-kfz.de,KELM KFZ - Wartung & Reparatur von Kraftfahrzeugen & Motorrädern
kfzhandwerk,3h-automobile.de,3H Automobile GmbH
kfzhandwerk,dellentechnik.com,Ausbeultechnik Mestmacher
kfzhandwerk,feck-kfz-service.de,Autowerkstatt - Feck Kfz Service
kfzhandwerk,rsmobile.de,R&S Mobile GmbH & CO. KG - FordStore Köln
kfzhandwerk,voyager-spezialwerkstatt.de,Voyager Spezialwerkstatt
kfzhandwerk,von-seggern-online.de,Von Seggern  GmbH - AUTOFIT von Seggern
kfzhandwerk,schirdewan.de,Auto-Schirdewan
kfzhandwerk,kfzservicecorli.de,Kfz-Service Corli GmbH
kfzhandwerk,kfzrode.de,KFZ Rode
kfzhandwerk,autotechnik-osterholz.ok-carservice.de,OK Car-Service Autotechnik Osterholz GmbH
kfzhandwerk,boxenstopp-dortmund.de,BOXENSTOPP Kfz-Meisterbetrieb
kfzhandwerk,kfz-lack.de,Autolackiererei & Beulenservice Hering GmbH
kfzhandwerk,kojoka-fahrzeugtechnik.de,Kojoka Fahrzeugtechik GmbH - KFZ Meisterwerkstatt
kfzhandwerk,kfz-nordbrock.de,KFZ Nordbrock GmbH & Co. KG
kfzhandwerk,autowerkstatt-stier.de,Claus Stier Kraftfahrzeuge GmbH
kfzhandwerk,carservice-pfeifer.de,Autowerkstatt Sassnitz - Carservice Pfeifer
kfzhandwerk,autobach.de,Auto Bach Gruppe - Bach Holding GmbH
kfzhandwerk,carworks.de,CARWORKS - Martin Steffen - KFZ-Meisterwerkstatt im Lennetal Hagen
kfzhandwerk,autokufferath.de,Auto Kufferath - Autowerkstatt in Köln
kfzhandwerk,deitermann.ok-carservice.de,OK Car-Service Deitermann
kfzhandwerk,fahrzeugtechnik-gottschalk.de,Fahrzeugtechnik Gottschalk
kfzhandwerk,auto-schweer.de,Auto Schweer - KFZ Meisterbetrieb
kfzhandwerk,schwalbenklinik.de,Schwalbenklinik - Reparatur aller Simson Fahrzeuge
kfzhandwerk,schlueter-soehne.de,J.A. SCHLÜTER SÖHNE GmbH & Co. KG
kfzhandwerk,autofit-farin.de,AUTOFIT Farin in Erkelenz - freie KFZ Meisterwerkstatt
kfzhandwerk,erasmus-willms.de,Erasmus & Willms Motoren GmbH - Autowerkstatt
kfzhandwerk,stoof-international.de,Sondergeschützte Fahrzeuge - STOOF International GmbH
kfzhandwerk,fahrzeugbau-lowis.com,Fahrzeugbau Lowis GmbH
kfzhandwerk,auto-marotta.de,Auto Marotta
kfzhandwerk,dueck-automobile.de,Dück Automobile - KFZ Meisterwerkstatt
kfzhandwerk,louis-automobile.de,Louis Automobile Mühlheim am Main
kfzhandwerk,blechklopfer.com,"Blechklopfer Schröder - Oldtimer, Hot Rod und Motorräder"
kfzhandwerk,kfz-baumgart.de,Autowerkstatt Behrenhoff - Auto Baumgart
kfzhandwerk,kfz-teile-center-siebert.de,Kfz Teile Center Siebert- Autoteile und Zubehör-  Meisterwerkstatt
kfzhandwerk,wuedo.de,BMW Motorradzubehör und Motorradwerkstatt Wüdo
kfzhandwerk,autowerkstatt-velten.de,Autowerkstatt Velten - Inh. Kenneth Tews
kfzhandwerk,die-hofwerkstatt.de,DIE HOFWERKSTATT
kfzhandwerk,fgpeters-kfz.de,Frans-Gerhard Peters KFZ-Meisterbetrieb
kfzhandwerk,man-parchim.de,MAN Truck & Bus Service-Center GmbH Parchim
kfzhandwerk,autoglas-bayern.de,AMS - Autoglas GmbH
kfzhandwerk,auto-niehaus.de,Auto Niehaus
kfzhandwerk,kfz-budzinski.de,Kfz-Meisterbetrieb Budzinski
kfzhandwerk,americancars.de,Autopartner GmbH - American Cars
kfzhandwerk,autotechnik-sanders.de,Autotechnik Sanders Inh. Andreas Sanders
kfzhandwerk,thull-kfz.de,Thull Kfz Werkstatt
kfzhandwerk,neuhaus-dortmund.de,KFZ-Meisterbetrieb Auto Neuhaus
kfzhandwerk,autogarage-k-i.de,Autogarage Isik & Sohn GbR
kfzhandwerk,gorzelniaski.de,Omnibusbetrieb Gorzelniaski GmbH
kfzhandwerk,koenig-lackierungen.com,König Lackierungen GmbH
kfzhandwerk,kfz-brunswicker.de,KFZ Brunswicker OHG
kfzhandwerk,faensen-gmbh.de,"Faensen GmbH  - KFZ-Technik, Lackierzentrum, Abschleppdienst"
kfzhandwerk,lenzen-gmbh.de,Lenzen GmbH
kfzhandwerk,brb-ofehn.de,BRB Auto- und Motorrad-Service
kfzhandwerk,freutel-automobile.de,Automobile Freutel KG
kfzhandwerk,h-oeltjenbruns.de,H.Oeltjenbruns GmbH
kfzhandwerk,ford-paulsen-und-thoms-kiel.de,Paulsen & Thoms GmbH – Ihr Ford Partner in Kiel
kfzhandwerk,autoelektrik-hoeyns.de,Auto-Elektrik Höyns Inh. Benjamin Grimm e.K.
kfzhandwerk,kfz-rottberg.de,autoPRO - KFZ ROTTBERG
kfzhandwerk,cars-werkstatt.de,CARS - Cuxhavener Automobil Reparatur Service
kfzhandwerk,kfz-kurth.ok-carservice.de,OK Car-Service KFZ-Kurth
kfzhandwerk,ford-schiffgens-heinsberg.de,Auto Evertz GmbH
kfzhandwerk,autotechnik-hess.de,Autotechnik Hess GmbH & Co. KG
kfzhandwerk,marquis-kfz.de,Marquis-KFZ – Fahrzeuginstandsetzung GmbH
kfzhandwerk,autolackierung-bleschke.de,Autolackierung Bleschke
kfzhandwerk,kfz-kowalski.de,Kfz Kowalski - Car & Bike
kfzhandwerk,wirtz-hintzen.de,StartWirtz & Hintzen GmbH
kfzhandwerk,fahrzeugzentrum-oberhavel.de,Fahrzeugzentrum Oberhavel
kfzhandwerk,carstop.net,KFZ-Werkstatt Witten - CARSTOP - KFZ-Meisterbetrieb
kfzhandwerk,platzer-malburg.de,Platzer und Malburg GbR
kfzhandwerk,auto-bories.de,Auto – Bories – Service GmbH
kfzhandwerk,macke-peine.de,Macke Kfz.-Service GmbH
kfzhandwerk,bs-kfztechnik.de,B&S KFZ-Technik
kfzhandwerk,joy-tek.de,JOY-TEK Motorrad-Gespannservice
kfzhandwerk,esau-lackiererei.de,W. Esau PKW- und LKW-Lackiererei GmbH
kfzhandwerk,automanufaktur-schreiber.de,Automanufaktur Schreiber
kfzhandwerk,werkstattstolberg.de,Auto Hermanns Inh. M. Hogen
kfzhandwerk,autolackierung-boehm.de,Autolackierung Thomas Böhm
kfzhandwerk,weberautoglas.de,Autoglaseinbau und -Vertrieb C.W. Weber GmbH
kfzhandwerk,absblomer.de,ABS - autoreparatur
kfzhandwerk,engels.mercedes-benz.de,Fahrzeug - Engels GmbH
kfzhandwerk,blechrepair.de,BlechREPAIR - Reparatur von Blechschaeden ohne Lackieren
kfzhandwerk,muk-autoservice.de,Autowerkstatt Lehsen - M&K Autoservice GbR
kfzhandwerk,fahrzeugbau-drumann.de,Fahrzeugbau Drumann GmbH
kfzhandwerk,johann-gruppe.de,W. Johann GmbH - 7x im Rheinland
kfzhandwerk,autocenter-lahr.de,Autocenter Lahr GmbH & Co. KG
kfzhandwerk,kr-autotechnik.de,KR-Autotechnik
kfzhandwerk,felgenspezi2000.de,Felgenspezi 2000
kfzhandwerk,auto-partner-wees.de,Willkommen bei Auto-Partner-Wees GmbH
kfzhandwerk,gebr-recker.de,Mercedes-Benz Gebr. Recker GmbH
kfzhandwerk,kfz-gulau.de,KFZ-Meisterbetrieb Gulau - KFZ-Gulau
kfzhandwerk,kfz-sv-wolff.de,Ingenieurbüro Wolff
kfzhandwerk,kfz-car4.de,Autotechnik Center Car 4 GmbH
kfzhandwerk,wax-sohn.de,Wax und Sohn KFZ Werkstatt
kfzhandwerk,autolackierung-hirsch.de,Autolackierung J. Hirsch
kfzhandwerk,kfz-parsch.de,KFZ Holger Parsch e.K. - Autowerkstatt in Köln
kfzhandwerk,reckordtstaender.de,Reckordt & Ständer GmbH & Co. KG
kfzhandwerk,kfz-ingo-guenther.de,KFZ Ingo Günther
kfzhandwerk,lackiererei-grimm.de,Autolackiererei Grimm
kfzhandwerk,autowerkstatt-thies.de,Kfz-Werkstatt David Thies
kfzhandwerk,ah-tepass.de,Tepass Schwelm GmbH + Co. KG
kfzhandwerk,cs-car-service.de,CS Car Service Meisterbetrieb GmbH
kfzhandwerk,colonia-truckservice.de,COLONIA Truckservice GmbH
kfzhandwerk,kfz-hoeflacher.de,Kfz. Meisterbetrieb Norbert Höflacher
kfzhandwerk,lackiererei-stephani.de,Autolackiererei und Instandsetzung GmbH
kfzhandwerk,hagenkort-kfz.de,Hagenkort KFZ-Werkstatt GmbH
kfzhandwerk,auto-roxlau.de,Auto Roxlau
kfzhandwerk,lackierfachbetrieb-steiner.de,Helmut Steiner – Lackierfachbetrieb
kfzhandwerk,kohls-partner.de,Kohls & Partner GmbH
kfzhandwerk,gm-performance.de,GM Autotechnik x GM Performance
kfzhandwerk,yamaha-hattingen.de,Yamaha Hochkirchen GmbH
kfzhandwerk,kfz-ssw.de,KFZ-SSW – KFZ Schadenservice Werle
kfzhandwerk,www-asmulsow.skoda-auto.de,Auto-Service Mulsow e.K.
kfzhandwerk,autobeer.de,Auto Beer
kfzhandwerk,rr-automobil.de,Rüdiger Reemtsema - clever ausbeulen
kfzhandwerk,kfz-gutachter-schalch.de,KFZ Sachverständigenbüro PSR
kfzhandwerk,autoservice-koeln.de,Autoservice Ungewitter
kfzhandwerk,unfallinstandsetzung-lauhoff.de,Autolackiererei & Unfallinstandsetzung Lauhoff GmbH & Co. KG
kfzhandwerk,nordicar.de,Nordicar Inh. J. Jahn Volvo & Saab Service
kfzhandwerk,smart.mercedes-benz.com,www.smart.com
kfzhandwerk,lux-car-service.de,Lux Car Service GmbH
kfzhandwerk,opel-ahlhorn.de,Opel - Schütte Kfz.-Handel und Reparatur
kfzhandwerk,autozentrum-treskow.de,Autozentrum Treskow GmbH
kfzhandwerk,reinartz-autoteile.de,Reinartz Autoteile Autozubehör GmbH
kfzhandwerk,autoteile-wagner.com,ATW Wagner – ad AUTO DIENST
kfzhandwerk,automobile-zobel.de,Ha. Zobel Automobile
kfzhandwerk,hoffmann-mobile.de,Auto-Centrum-Hoffmann GmbH
kfzhandwerk,abschleppdienst-bad-blankenburg.de,APD Pannen- und Unfallhilfe
kfzhandwerk,joes-garage-kiel.de,Joes Garage Kiel - KFZ Reparaturen GmbH
kfzhandwerk,autocenter-schmolke.de,autocenter schmolke SE & Co. KG
kfzhandwerk,auto-schmitz.eu,Kraftfahrzeuge B. Schmitz e.K.
kfzhandwerk,kfz-bodmann.de,Sascha Bodmann – 1a autoservice
kfzhandwerk,muellerwester.de,Auto Müller-Wester GmbH
kfzhandwerk,homberger-automobile.de,Autowerkstatt - Homberger Automobile GbR
kfzhandwerk,bvmobile.de,Autowerkstatt Weertzen - BV Mobile GmbH
kfzhandwerk,dederichs.eu,Karl-Heinz Dederichs
kfzhandwerk,ath-tegeler.de,ATH Tegeler GmbH
kfzhandwerk,auto-mischok-team.de,Bosch Service MISCHOK - TEAM | Willkommen
kfzhandwerk,vanderzander.de,Van der Zander OHG - Reparaturwerkstatt
kfzhandwerk,fahrwerk-wernigerode.de,FAHRWERK statt stillstand - Werkstatt - Service - Vermietung & Verkauf
kfzhandwerk,lackiererei-kettel.de,Lackiererei Kettel GmbH
kfzhandwerk,lethert-autowelt.de,Lethert Autowelt - KFZ-Service
kfzhandwerk,klemaschewski.mercedes-benz.de,Klemaschewski GmbH und Co. KG
kfzhandwerk,autobrinkmann.de,Autobrinkmann GmbH
kfzhandwerk,xn--husler-bua.auto,Häusler Automobile GmbH
kfzhandwerk,marxen-schumacher.de,Auto-Schumacher GmbH - Mercedes Benz Service
kfzhandwerk,koopmann-lackierung.de,Lackiererei in Osnabrück - Koopmann GmbH
kfzhandwerk,autowerkstatt-wittmann.de,Auto Wittmann GmbH
kfzhandwerk,jf-ausbeultechnik.de,JF-Ausbeultechnik
kfzhandwerk,bongen-auto.de,Bongen Auto & Service GmbH
kfzhandwerk,autogastanken24.de,Autogas Service Berlin - Sven Hager GmbH
kfzhandwerk,die-verkuppler.de,AK Autoservice Kraichgau GmbH
kfzhandwerk,unimog-huber.de,Unimog Huber GbR
kfzhandwerk,hmautomobile.de,H.M. Automobile Heidelberg
kfzhandwerk,krogas-autogasumbau.de,KroGas Autogasumbau in Karlsruhe
kfzhandwerk,aci-italia.de,ACI Autocenter Italia GmbH
kfzhandwerk,auto-leuthold.de,Kfz- Meisterbetrieb Leuthold GbR
kfzhandwerk,premiumcars.de,Premium Cars Peters GmbH & Co. KG
kfzhandwerk,ks-motors.de,KS-Motors GmbH
kfzhandwerk,renault-m-b.de,Renault M+B Automobile GmbH
kfzhandwerk,motomaxx.de,Motomaxx GmbH - Harley-Davidson and more
kfzhandwerk,automobile-rosenkranz.de,Automobile-Rosenkranz GmbH
kfzhandwerk,kfz-lackierungen.de,Lackiererei Gentner Braunschweig
kfzhandwerk,abc-rheinmain.de,ABC Abschleppservice Rhein Main GmbH
kfzhandwerk,aks-trading.de,AKS Trading GmbH
kfzhandwerk,abschleppdienst-schlimbach.de,Jakob Schlimbach GmbH & Co. KG
kfzhandwerk,autoservice-piehler.de,Autoservice Piehler - Stralsund
kfzhandwerk,kfz-hecker.de,KFZ-Hecker
kfzhandwerk,thiel-gruppe.de,die thiel gruppe - Karl Thiel GmbH & Co. KG
kfzhandwerk,sarwary.de,SARWARY OMNIBUSHANDEL e.K.
kfzhandwerk,ccg-automotive.de,CCG automotive GmbH
kfzhandwerk,autoservice-schumacher.de,Autoservice Schumacher: Autowerkstatt & Anhänger
kfzhandwerk,anhalt-lackiertechnik.de,Anhalt Lackierungen. Die Spezialisten für die Außenhaut Ihres Fahrzeugs.
kfzhandwerk,autowerkstatt-hermanns.de,Kfz-Werkstatt in Aachen – KFZ Hermanns GmbH
kfzhandwerk,kfz-sw.de,Kfz-Meisterbetrieb - Schönfeld & Weber GmbH
kfzhandwerk,autowelt-uslar.de,Intec Autowelt Uslar
kfzhandwerk,adrm.eu,ADRM.eu Automobile Dienstleistung Raphael Müller e.K.
kfzhandwerk,heitmann-kfz.de,Automobile Heitmann Bothel GmbH & Co KG
kfzhandwerk,xfolio.de,xfolio - automotive skills
kfzhandwerk,schusterludwig.de,Schuster & Ludwig Hohlraumversiegelung
kfzhandwerk,martin-jacoby.com,Martin Jacoby GmbH & Co. KG - Autorisierter Mercedes-Benz Service
kfzhandwerk,colour-master.de,Colour Master - Auto Lackierung und Unfallinstandsetzung
kfzhandwerk,autolackiererei-mema.de,Autolackiererei Mema
kfzhandwerk,autolevy.de,AUTO LEVY GmbH - Toyota und Lexus
kfzhandwerk,automobile-mueller.de,Automobiltechnik Rolf Müller
kfzhandwerk,wunschlack.de,Autolackiererei Wunsch GmbH
kfzhandwerk,lackiertechnik-bektas.de,Lackiertechnik Bektas
kfzhandwerk,spotrepairtechnik.de,spotrepair technik
kfzhandwerk,schutz-fahrzeugbau.de,Heinz Schutz GmbH Fahrzeugbau
kfzhandwerk,kfz-tackmann.de,Kfz Technik Tackmann
kfzhandwerk,okgmbh.com,O & K GmbH Kraftfahrzeugservice
kfzhandwerk,kfz-unger.de,KFZ Unger Lancia Delta Integrale Service Center
kfzhandwerk,kfzweiss.de,KFZ-Werkstatt WEISS
kfzhandwerk,automobile-rehmers.de,Automobile Rehmers
kfzhandwerk,abc-autoservice.de,ABC Autoservice GmbH
kfzhandwerk,autolack-kluge.de,Autolackierei Kluge
kfzhandwerk,auto-gnieser.de,Auto Gnieser GmbH
kfzhandwerk,royal-motors.com,Aston Martin Köln - Royal Motors Kempen GmbH
kfzhandwerk,schneider-ruhl.de,Schneider & Ruhl e.K. Inh. Frank Schwarzenthal
kfzhandwerk,tankstelleklink.de,Freie Tankstelle Klink
kfzhandwerk,kfz-offermanns.de,KFZ Meisterbetrieb Offermanns
kfzhandwerk,kfz-oeben.de,KFZ-Technik Jürgen Oeben GmbH
kfzhandwerk,tiemann.eu,W. Tiemann GmbH & Co.
kfzhandwerk,ulrich-kfz-service.de,Ulrich KFZ Service GmbH
kfzhandwerk,auto-koken.de,Herzlich Willkommen bei Auto Koken GmbH
kfzhandwerk,autoservice-lohmann.de,Autoservice Lohmann GmbH
kfzhandwerk,autofit-gebhardt.de,Autofit Gebhardt - Peter Gebhardt Kfz-Service
kfzhandwerk,ktu-euskirchen.de,KTU Euskirchen
kfzhandwerk,beckmann.seat.de,Neuwagen - Auto Beckmann GmbH
kfzhandwerk,autoservice-wolfslake.org,Auto-Service Wolfslake
kfzhandwerk,lack-kfz.de,Lack-KFZ - B. Fellehner GmbH
kfzhandwerk,motoren-ritterbecks.de,Motoren Ritterbecks GmbH
kfzhandwerk,autogerhardsde.wpenginepowered.com,Gerhards Automobile GmbH - Ihr Suzuki Vertragspartner
kfzhandwerk,mahindra-indi.de,Off Road Center Jena - Ihr Spezialist für 4x4 Fahrzeuge Ersatzteile und Zubehör
kfzhandwerk,budzus-kaschner.de,Autodienst Budzus
kfzhandwerk,kraemer-gmbh.de,Manfred Krämer GmbH & Co. KG
kfzhandwerk,maiks-garage.de,Maiks Garage
kfzhandwerk,emcleancar.de,EM Clean Car
kfzhandwerk,carservice-roetgen.de,Car-Service Roetgen
kfzhandwerk,autodegraef.de,Auto De Graef GmbH
kfzhandwerk,jesse-dewu.de,Jesse DEWU GmbH Unfallinstandsetzung - Industrielackierungen
kfzhandwerk,pkwsitze.de,Autosattlerei Spies
kfzhandwerk,man.eu,MAN Truck & Bus AG
kfzhandwerk,kfz-hoevel.de,Kfz-Technik Hövel
kfzhandwerk,hs-fahrzeugtechnik.de,HS-Fahrzeugtechnik GmbH
kfzhandwerk,fahrzeugtechnik-dassel.de,Fahrzeugtechnik Jaenisch
kfzhandwerk,selog.eu,Selog GmbH
kfzhandwerk,kfz-peltzer.de,KFZ-Meisterbetrieb Wolfgang Peltzer - Werkstatt
kfzhandwerk,dellentechnik-kempf.de,AK Kempf Beulendoktor-Lackdoktor-Smart Repair
kfzhandwerk,nuesser-automobil-service.de,Nüsser Automobil Service GmbH
kfzhandwerk,cetinkfztechnik.de,Cetin Kfz-Technik
kfzhandwerk,autoservice-recktenwald.de,Autoservice - Recktenwald OHG
kfzhandwerk,fahrzoom.de,Unfallreparatur & Fahrzeuglackierung - fahrzoom
kfzhandwerk,auto-intakt.de,AUTO-INTAKT Kfz-Meisterbetrieb Schruff
kfzhandwerk,kfz-radinger.de,Kfz-Radinger GmbH
kfzhandwerk,mercedes-benz-fritsche.de,MOTOR FRITSCHE Köln
kfzhandwerk,lackiertechnik-engelskirchen.de,Lackiertechnik Engelskirchen - Wolfgang Psaar
kfzhandwerk,dellen-service.de,Dellen Service GmbH
kfzhandwerk,autotechnikheringer.de,Autotechnik Heringer GmbH
kfzhandwerk,peter-valder.de,Autoservice Valder
kfzhandwerk,autolackiererei-deerberg.de,Autolackierei Sven Deerberg
kfzhandwerk,mercedes-benz-aachen.de,Mercedes-Benz Niederlassung Aachen
kfzhandwerk,car-aix-press.de,CAR-AIX-PRESS – Ihre freie Kfz-Werkstatt in Aachen
kfzhandwerk,autoteile-kloska.de,Kloska Autoteile by Julia & Waldemar -
kfzhandwerk,renner-parchim.de,Automobile RENNER GmbH
kfzhandwerk,kfz-service-dau.de,Autowerkstatt - KFZ Service Dau
kfzhandwerk,bosch-service-franken.de,Bosch Service Franken Service
kfzhandwerk,szanto-auto.de,Ihr Volkswagen und Skoda Spezialist - Szanto Automobile
kfzhandwerk,tankstelle-weidenbruecher.de,Tankstelle & KFZ-Meisterwerkstatt Jörg Weidenbrücher
kfzhandwerk,autoservice-krista.de,Freie Kfz-Werkstatt Andreas Krista
kfzhandwerk,kfz-knebel.com,KFZ-Technik Knebel
kfzhandwerk,mietwerkstatt-overath.de,MWO Mietwerkstatt Overath GbR
kfzhandwerk,ford-schroeder-anklam.de,Schröder Automobil GmbH
kfzhandwerk,kfz-werner.de,KFZ-Werner - Ihr Meister in Dortmund-Wickede
kfzhandwerk,sheriffcars.de,Sheriff Cars - Seref Hür
kfzhandwerk,autowerkstatt-parchim.de,Meisterhaft Autowerkstatt Stüwe und Bliß GmbH
kfzhandwerk,ruhrig.de,Mitsubishi - Autozentrum Ruhrig
kfzhandwerk,milz-lindemann.de,Milz & Lindemann GmbH
kfzhandwerk,autoverwertung-nee.de,Autoverwertung Jan Nee - Kfz.Teile.Neu.U.Gebraucht
kfzhandwerk,automobilelambertz.de,Automobile Lambertz
kfzhandwerk,autoservice-luenzmann.de,Autoservice Lünzmann GbR
kfzhandwerk,hattingen.bonnermann-huels.de,Bonnermann & Hüls GmbH - Mazda-Partner
kfzhandwerk,tankhof-bansin.de,Gassmann & Sohn
kfzhandwerk,kfz-technik-neumann.de,KFZ-Technik Neumann
kfzhandwerk,rsfahrzeugtechnik.com,RS Fahrzeugtechnik
kfzhandwerk,heinen-nrw.de,Motor Center Heinen GmbH
kfzhandwerk,leeser-fahrzeugtechnik.de,R. Leeser Fahrzeugtechnik
kfzhandwerk,autobackus.de,AUTO BACKUS Kfz Betrieb
kfzhandwerk,kfz-klimczak.de,Kfz-Meisterbetrieb Bernd Klimczak
kfzhandwerk,laukat.de,Nissan Köln - Subaru Köln - Auto Laukat KG
kfzhandwerk,koenig-lackierung.de,König-Lackierung
kfzhandwerk,klagie-fahrzeugbau.de,Klagie Fahrzeugbau GmbH & Co. KG
kfzhandwerk,aachener-autorecycling.de,Auto Röser GmbH
kfzhandwerk,quad-nord.de,Quad Handel Quern
kfzhandwerk,kfz-koczessa.de,KFZ Werkstatt Auto Reparatur - Günter Koczessa
kfzhandwerk,autoahrens.de,auto - ahrens
kfzhandwerk,kfz-kossenjans.de,Autowerkstatt Camin - Auto Service Kossenjans
kfzhandwerk,muenn.go1a.de,1a autoservice Münn
kfzhandwerk,lackiererei-timpe.de,Meisterlackiererei Timpe GmbH
kfzhandwerk,autoservice-fischer-witten.de,Auto Service Fischer GmbH
kfzhandwerk,team-hollmann.de,Christian Hollmann KFZ-Meisterbetrieb
kfzhandwerk,kfzmichels.de,Horst Michels e.K. Kfz-Werkstatt & Lackiererei
kfzhandwerk,motorrad-lust.de,Motorrad LuST GmbH
kfzhandwerk,bmw-dortmund.de,BMW AG - Niederlassung Dortmund - Ihr Partner beim Autokauf
kfzhandwerk,liesen24.de,Maschinen- und Fahrzeugtechnik Liesen
kfzhandwerk,carsbikes.eu,Cars & Bikes Bergisch Gladbach
kfzhandwerk,souren-walter.de,Autolackierung und Unfallinstandsetzung F. Souren
kfzhandwerk,blyss.de,Blyss Transporttechnik GmbH - Anhänger Shop
kfzhandwerk,autojuwelier.de,Autojuwelier
kfzhandwerk,jassmeier.de,Jaßmeier Autowerkstatt GmbH & Co. KG
kfzhandwerk,kfz-thien.de,KFZ-Thien - Hubert Thien
kfzhandwerk,fahrzeugservice-robbe.de,KFZ Meisterwerkstatt Robbe GmbH
kfzhandwerk,spielberg-koeln.de,SPIELBERG  Fahrzeugbau GmbH
kfzhandwerk,ps-autoklinik.de,Sergej Huck - KFZ Werkstatt Eschweiler
kfzhandwerk,fehlau-fahrzeugbau.de,Kurt Fehlau und Sohn GmbH
kfzhandwerk,kfztechnik-flanz.de,Kfz-Technik Flanz
kfzhandwerk,exit-car.de,EXIT-CAR-SERVICE
kfzhandwerk,kfz-winkler.de,KFZ Winkler - alle Marken - eine Werkstatt
kfzhandwerk,kfz-technik-marx.de,Kfz Technik Marx – Werkstatt in Lindlar
kfzhandwerk,riesner-anhaenger.de,Hartwig Riesner - Maschinen & Fahrzeugtechnik
kfzhandwerk,rossundpartner.de,Roß und Partner GmbH
kfzhandwerk,man-sieckendiek.de,MAN Truck & Bus Service Fritz Sieckendiek GmbH & Co KG
kfzhandwerk,spiller-borken.de,piller-Borken - Bernhard Spiller
kfzhandwerk,kfzwerkstatt-hagen.de,Autofit Kaßelmann GmbH
kfzhandwerk,scheiben-doktor-autoglas.de,Scheiben-Doktor
kfzhandwerk,kfz-faust.de,Kfz Faust - Autowerkstatt Düren
kfzhandwerk,autofit-neitzel.de,"Autofit Neitzel, Inh. Jörg Neitzel"
kfzhandwerk,kfz-kleynen.de,KFZ-KLEYNEN Meisterbetrieb
kfzhandwerk,kfz-kasnevitz.de,KFZ Kasnevitz
kfzhandwerk,carpoint-frankfurt.de,carpoint-frankfurt GmbH
kfzhandwerk,ford-lueckenotto-rheda-wiedenbrueck.de,A. Lückenotto GmbH - Ford Autohändler
kfzhandwerk,auto-bremer.de,AUTO-BREMER GmbH
kfzhandwerk,motorrad-donnecker.de,Motorrad Donnecker
kfzhandwerk,kfz-technik-sittart.de,KFZ-TECHNIK-SITTART
kfzhandwerk,carservice-kueppers.de,Bosch Dienst Hans Küppers GmbH & Co. KG
kfzhandwerk,noack-bb.de,Noack - BB - Noack & Biallas Gbr
kfzhandwerk,thoene-schloesser.de,KFZ-Meisterwerkstatt Thöne & Schlösser GmbH
kfzhandwerk,fazit-fahrzeugeinrichtung.de,FAZIT Fahrzeugeinrichtung und Fahrzeugteile GmbH
kfzhandwerk,auto-staehle.de,"Stähle, Ihre freie Werkstatt in Pulheim"
kfzhandwerk,autopoint.de.com,AUTOPOINT von Gehlen e.K
kfzhandwerk,heinemann-gruppe.de,HEINEMANN Gruppe GmbH Betrieb Goslar
kfzhandwerk,hkfahrzeugtechnik.de,HK Fahrzeugtechnik Dortmund
kfzhandwerk,wolfgang-borm.de,Autolackiererei Wolfgang Borm
kfzhandwerk,selbach-kfz.de,Selbach KFZ GmbH
kfzhandwerk,att-selfkant.de,ATT Auto-Technik-Tholen
kfzhandwerk,kfzschwarz.de,KFZ-Meisterwerkstatt E.Schwarz
kfzhandwerk,ford-hoehns-soltau.de,Auto-Höhns GmbH & Co. KG - Soltau
kfzhandwerk,cuxliner.de,Cuxliner GmbH
kfzhandwerk,pro-motor.de,Mitsubishi - Jörg Beckmann in Hagen-Haspe
kfzhandwerk,2k-fahrzeugtechnik.de,2K Fahrzeugtechnik - Ihr Mehrmarken-KFZ-Fachbetrieb
kfzhandwerk,gebr-speckmann.de,Gebr. Speckmann GmbH & Co. KG
kfzhandwerk,kfz-aus.de,Car Service Anton & Schommer GmbH
kfzhandwerk,rammer-fahrzeugbau.at,"Rammer Fahrzeugbau GmbH, A-6330 Kufstein"
kfzhandwerk,atd-dortmund.com,ATD Dortmund e.K.
kfzhandwerk,werners-kfz.de,Auto und Teilehandel Werner Lühr: Kfz-Meisterbetrieb
kfzhandwerk,kfz-trogaidis.de,KFZ - Meisterbetrieb Trogaidis GmbH
kfzhandwerk,kfz-sander.de,KFZ-Meisterbetrieb Sanders GmbH
kfzhandwerk,wav-wst.de,WAV Alexander Lüers
kfzhandwerk,dp-motorsport.de,dp motorsport - E. Zimmermann GmbH
kfzhandwerk,riepert.de,Riepert –  Fahrzeugbau GmbH
kfzhandwerk,kfz-malici.de,KFZ Malici - Burscheid
kfzhandwerk,kfz-foerster.de,KFZ Erich Förster GmbH
kfzhandwerk,kfz-hellwig.go1a.de,1a autoservice - Udo Hellwig
kfzhandwerk,luhof.de,Hans Luhof GmbH
kfzhandwerk,weidenhaupt-holtz.de,Autolackierung Weidenhaupt & Holtz
kfzhandwerk,auto-poppe.de,Auto Poppe
kfzhandwerk,man-becker.de,Becker Truck Service GmbH & Co. KG
kfzhandwerk,auto-himmels.de,AUTO HIMMELS GMBH
kfzhandwerk,alleswasraederhat.com,Meine Reparaturwerkstatt - Alles was Räder hat
kfzhandwerk,kfz-hoepfner.de,Bosch Car Service Frank Höpfner in Velbert
kfzhandwerk,dortmund-autowerkstatt.de,Kfz Meisterbetrieb Bauer GmbH
kfzhandwerk,auto-eggert.com,Herzlich Willkommen - Auto Eggert GmbH
kfzhandwerk,automatikgetriebe-berlin.de,Automatikgetriebe Service Sokatschev
kfzhandwerk,auto-service-gnarrenburg.de,Auto Service Gnarrenburg GmbH
kfzhandwerk,auto-service-busse.de,Auto-Service Busse GmbH
kfzhandwerk,jacobautoglas.de,Jacob Autoglas - Fahrzeug Glaserei Jacob GmbH
kfzhandwerk,mercedes-benz-dortmund.de,Mercedes-Benz AG - Niederlassung Dortmund
kfzhandwerk,meermeier-fahrzeugbau.de,Meermeier Fahrzeugbau e.K.
kfzhandwerk,ehlers-reisemobile.de,Ehlers Mobile Welten GmbH & Co. KG
kfzhandwerk,walter-fahrzeugbau.de,Fahrzeugbau Marcus Walter GmbH
kfzhandwerk,carservice-pardemann.de,Bosch Carservice Pardemann GmbH
kfzhandwerk,kfz-kaya.de,Kfz-Meisterbetrieb Kaya
kfzhandwerk,mustang-tuning.de,"MUCAR Mustang Cars, Parts & Tuning"
kfzhandwerk,asm-auto.de,ASM Auto Service Müller
kfzhandwerk,werkstatt-wegner.de,Volvo Trucks - Günter Wegner e.K. Inh. Maik Wegner
kfzhandwerk,senger-mobility.de,Senger Management GmbH
kfzhandwerk,kiesmueller.com,Korrosionsschutz Kiesmüller GmbH
kfzhandwerk,asloevenich.de,KFZ Werkstatt Köln Autoservice Lövenich
kfzhandwerk,fahrzeuglackierung-braun.de,Fahrzeuglackierung Braun GmbH
kfzhandwerk,molitor-gmbh.de,Wilh. Molitor GmbH & Co. KG
kfzhandwerk,autopartner-weber.de,Autowerkstatt Handewitt - Auto Partner Weber e.K
kfzhandwerk,wiebusch-automobile.de,Kfz-Meisterbetrieb R. Wiebusch
kfzhandwerk,kfzpicker.de,Fahrzeugtechnik Picker GmbH & Co. KG
kfzhandwerk,auto-service-bremholm.de,Auto-Service Bremholm - Manfred Mader
kfzhandwerk,karstens-auto-service.de,Autowerkstatt Langballig - Karsten´s Auto-Service GmbH
kfzhandwerk,unique-bodyworks.de,Unique Bodyworks GbR
kfzhandwerk,dundh.com,D & H Automobile
kfzhandwerk,auto-service-faul.de,Auto-Service Faul
kfzhandwerk,car-diologie.de,Cardiologie Tuning – Tuning by Manzke
kfzhandwerk,1a-autoglanz.de,1A- Autoglanz - Inh. A. Feldmann
kfzhandwerk,kiencke-kfz.de,KFZ-Meisterbetrieb Christian Kiencke
kfzhandwerk,motorradmohr.de,Motorrad Mohr GmbH
kfzhandwerk,auto-strunk.de,Auto-Strunk GmbH
kfzhandwerk,khtuning.de,KH Tuning & Service GmbH
kfzhandwerk,500elf-autoservice.de,500elf Autoservice GmbH
kfzhandwerk,autofit-schwelm.de,AUTOFITI Hoelnyk + Bleckert
kfzhandwerk,schaal-kfz-meisterbetrieb.de,KFZ-Meisterbetrieb Heiko Schaal
kfzhandwerk,greifswalder-technik.de,Greifswalder Technik GmbH
kfzhandwerk,autofit-kirchhoff.de,Autofit Kirchhoff - KFZ-Fachbetrieb
kfzhandwerk,kfz-dietrich.com,Kfz-Dietrich GmbH & Co. KG
kfzhandwerk,wesle-kfz.de,Wesle KFZ.-Betrieb GmbH
kfzhandwerk,ass-kfz.de,ASS Müller GmbH - KFZ-Meisterbetrieb
kfzhandwerk,auto-bendheuer.de,Auto Bendheuer OHG
kfzhandwerk,kfz-dn.de,KFZ-Meisterwerkstatt Kaulhausen
kfzhandwerk,src-ems.de,SRC Spot Repair Center GmbH
kfzhandwerk,car-center-conen.de,Car Center Conen GmbH
kfzhandwerk,ccb-mobile.de,CCb Mobile Handel und Vertrieb GmbH
kfzhandwerk,autoservice-wollgarten.de,Autoservice Wollgarten GmbH - Alles rund ums Auto
kfzhandwerk,premio-indupark.de,Premio & Bosch Car Service - B. Fuhrmann Einzelhandel GmbH
kfzhandwerk,kia-koch-eschweiler.de,Auto-Koch GmbH & Co.KG
kfzhandwerk,reha-mobil.de,REHA mobil Berlin Medczinski GmbH
kfzhandwerk,ordemann-kfz.de,Ordemann Kfz · Ordemann GmbH & Co. KG
kfzhandwerk,fulland-vespa-store.de,Fulland Vespa Store I Vespa-Store GmbH
kfzhandwerk,auto-ramsauer.at,Opel Ramsauer
kfzhandwerk,udo-nettersheim.de,Udo Nettersheim Kfz-Meisterbetrieb
kfzhandwerk,ullsteinconcepts.com,Ullstein Concepts GmbH
kfzhandwerk,motorentechnik-oberberg.de,Motorentechnik Oberberg Richter & Weiper
kfzhandwerk,motoo-finder.de,KFZ-Finder GbR
kfzhandwerk,puetz-bechen.de,Hans Josef Pütz GmbH
kfzhandwerk,azet-wst.de,AZET Autolackier GmbH
kfzhandwerk,autoconen.de,Auto Conen GmbH
kfzhandwerk,kfz-heider.de,Claus Heider - KfZ-Meisterbetrieb
kfzhandwerk,tts-zimmermann.de,Truck&Trailer – Service B. Zimmermann e.K.
kfzhandwerk,autosattlereidrechsler.de,Autosattlerei Drechsler GmbH
kfzhandwerk,borco.de,BORCO HÖHNS GmbH
kfzhandwerk,motorradspecial.de,Motorrad Special - Stefan Müller
kfzhandwerk,kfz-gwose.de,Auto Service Josef Gwose GmbH
kfzhandwerk,kfz-wittow.de,Autowerkstatt Wiek - Kfz Wittow GmbH
kfzhandwerk,rudax.de,Rudax KFZ-Meisterwerkstatt
kfzhandwerk,ams-wiehl.de,AMS-Fahrzeugtechnik GmbH
kfzhandwerk,harz-leine.de,Automobilgruppe Harz-Leine GmbH - Auto-Dörge
kfzhandwerk,jacobs-gruppe.de,Volkswagen Zentrum Aachen Jacobs Automobile GmbH
kfzhandwerk,renault-petersen.de,RENAULT Vertragspartner - Bent Petersen  - Eggebek
kfzhandwerk,autolackierung-neupert.de,Neupert GmbH
kfzhandwerk,kfz-laumen.de,KFZ Meisterbetrieb Manfred Laumen
kfzhandwerk,autoverwertung-24.com,Autoverwertung A&T Automobile
kfzhandwerk,autoglas-bota.de,junited AUTOGLAS Northeim - AutoGlas Bota
kfzhandwerk,kfz-budden.de,Kfz.-Werkstatt Budden Inh. Bernd Rädeker
kfzhandwerk,ausbeultechnik-bruening.de,KFZ-Meisterbetrieb Ausbeultechnik Brüning GmbH
kfzhandwerk,schoenknecht-color-center.de,Color-Center Henry Schönknecht GmbH
kfzhandwerk,kfz-brockerhoff.de,KFZ-Werkstatt Brockerhoff
kfzhandwerk,kfz-froemling.de,KFZ-Frömling Lasczyk und Weishaupt GbR
kfzhandwerk,auto-voigt.de,Auto Voigt e.K.
kfzhandwerk,kfz-suchanek.de,KFZ-Meisterbetrieb Suchanek
kfzhandwerk,r-bruderer-kfz.de,R. Bruderer – Kfz-Meisterbetrieb
kfzhandwerk,hp-performance-company.de,Willkommen auf unserer Seite - HP Performance Company
kfzhandwerk,intelliroute.eu,Car Guard Systems GmbH - CARGUARD Technologies GmbH
kfzhandwerk,huettel.at,Auto Hüttel
kfzhandwerk,kfz-gering.de,KFZ Gering Meisterbetrieb
kfzhandwerk,laatzig.de,"VW Berlin, Skoda Berlin - H. Laatzig Automobile GmbH"
kfzhandwerk,struck-technik.de,Struck Turbotechnik GmbH - Struck Turbo
kfzhandwerk,auto-service-twardowski.de,Auto Service Twardowski GmbH
kfzhandwerk,bohlje-daf.de,Rudolf Bohlje Kraftfahrzeuge GmbH
kfzhandwerk,euro-auto-boerse.de,Euro - Auto - Börse GmbH o.n.l.i.n.e.
kfzhandwerk,lauer-suewer.com,Lauer & Süwer GmbH - Automobile
kfzhandwerk,dalkmann-automobile.de,Dalkmann Automobile GmbH & Co
kfzhandwerk,bleses.de,Bleses Kraftfahrzeuge GmbH & Co. KG
kfzhandwerk,auto-gasper.de,Auto Gasper e.K. Inhaber Rindi Messina
kfzhandwerk,ktmschwerin.de,KM Kaczmarek Motorsport
kfzhandwerk,unitech-kommunalmaschinen.de,UNITECH Kommunalmaschinen GmbH & Co. KG
kfzhandwerk,fahrzeugbau-broeckerhoff.de,Fahrzeugbau Peter Bröckerhoff e.K.
kfzhandwerk,carsbikes.de,VCB - Cars & Bikes
kfzhandwerk,autotechnikboehmer.de,AUTOTECHNIK BÖHMER
kfzhandwerk,kfz-technik-harms.chayns.site,KFZ-Technik-Harms
kfzhandwerk,heinzgier.de,Heinz Gier GmbH
kfzhandwerk,brenner.autofitpartner.de,Auto Center Brenner GmbH
kfzhandwerk,autoprofi-hentschel.de,Autoprofi Hentschel
kfzhandwerk,huhn-autogarage.de,Huhn Auto-Garage
kfzhandwerk,wissgott-automobile.de,Wissgott Automobile
kfzhandwerk,messink.de,Messink Automobile GmbH & Co. KG
kfzhandwerk,carserviceia.de,Car Service Inan & Arendt
kfzhandwerk,nonas.de,KFZ Nonas
kfzhandwerk,auto-top-koeln.de,Auto-Top GmbH - Köln
kfzhandwerk,sandjensen.de,Sand Jensen GmbH
kfzhandwerk,artec-automobile.de,ARTEC Automobile
kfzhandwerk,kfz-koeln.de,KFZ Köln - Kfz Meisterwerkstatt Torsten Franz GmbH
kfzhandwerk,rkh-mb.de,RKH Rheinbacher Kraftwagen Handelsgesellschaft mbH
kfzhandwerk,autotechnik-roder.de,Autotechnik Roder
kfzhandwerk,koeln.ferraridealers.com,Maranello Motors GmbH - Offizielle Ferrari-Händler in Köln
kfzhandwerk,auspuff-geiz.de,"Auspuff, Auspuffanlagen, Auspuffteile"
kfzhandwerk,scania.de,Innovative Transportlösungen - Scania Deutschland GmbH
kfzhandwerk,kfzelberg.de,Kfz-Meisterbetrieb Sebastian Elberg
kfzhandwerk,autounfall.com,"Autounfall, was nun?"
kfzhandwerk,autowilke.de,Auto-Wilke Inhaber Guido Wilke e.K.
kfzhandwerk,kfz-baldsiefen.de,KFZ Werkstatt - Baldsiefen GmbH
kfzhandwerk,steinmeier.de,Gustav Steinmeier GmbH & Co. KG
kfzhandwerk,autoforum-ruhnke.de,Autoforum Ruhnke GmbH
kfzhandwerk,c-w-mueller.de,C.+ W. Müller GmbH
kfzhandwerk,balster-kfz.de,Balster Kraftfahrzeugteile GmbH
kfzhandwerk,automobile-nissen.de,Automobile Nissen – AN Handels GmbH
kfzhandwerk,autoforum-ruegen.de,Autoforum Rügen GmbH
kfzhandwerk,troegergmbh.de,Andreas Tröger GmbH
kfzhandwerk,auto-service-oranienburg.de,Auto Service GmbH Oranienburg
kfzhandwerk,abschleppdienst-friederichs.de,Abschleppdienst Friederichs
kfzhandwerk,autolackierung-goergens.de,Autolackierung Goergens
kfzhandwerk,auto-lackiercenter-hackstedt.de,Auto-Lackiercenter Hackstedt GmbH
kfzhandwerk,kogelheide.de,Kogelheide Service Werkstatt - Kogelheide GmbH
kfzhandwerk,puppe-montageservice.de,Harald Puppe Montageservice
kfzhandwerk,bolkenius.de,Bolkenius GmbH Fahrzeugausstattung
kfzhandwerk,atz-ahrens.de,atz Ahrens - Inhaber Levin Schlimme
kfzhandwerk,ducdickel.de,DucDickel GmbH
kfzhandwerk,mitsubishi-schuett-ahrens.de,Schütt & Ahrens GmbH
kfzhandwerk,witzheldener-autoservice.de,Witzheldener AutoService
kfzhandwerk,fremke.de,Lackiererei Horst Fremke
kfzhandwerk,fahrzeugtechnik-miano.de,Gennaro Miano Fahrzeugtechnik
kfzhandwerk,auto-keutgen.de,AUTO-KEUTGEN GbR
kfzhandwerk,1g1.de,Auto-Grote jun. GmbH
kfzhandwerk,werkstatt-zobel.de,Zobel Willi   KFZ-Meisterbetrieb in Oberstdorf/Allgäu
kfzhandwerk,kfz-menke.de,KFZ Menke
kfzhandwerk,best-car-service.de,Best Car Service KFZ-Meisterbetrieb
kfzhandwerk,atmatzerath.de,Auto Technik Matzerath
kfzhandwerk,sundsautomobile.de,S&S Automobile GmbH & Co.KG
kfzhandwerk,kfz-technik-jessen.de,Kfz-Technik Jessen GmbH
kfzhandwerk,auto-naumann.de,Auto Naumann
kfzhandwerk,autoservice-sengbusch.de,AutoService Sengbusch
kfzhandwerk,automobile-clever.de,Renault Overath - Automobile Clever GmbH
kfzhandwerk,autocrew-kuske.de,AutoCrew Kuske - KUSKE Automobile GmbH
kfzhandwerk,ilbeyi.de,Willkommen bei Ilbeyi Kfz-Meisterwerkstatt
kfzhandwerk,motor-block.de,TB MOTOR-BLOCK GmbH & Co. KG
kfzhandwerk,luc-dalchau.de,Lack- und Unfallreparatur-Center Dalchau
kfzhandwerk,kfz-ramisch.de,KFZ Technologie Ramisch
kfzhandwerk,autocenter-wismar.de,Opel - Autocenter Wismar GmbH
kfzhandwerk,auto-motorrad-luy.de,Auto- & Motorradservice Sascha Luy
kfzhandwerk,autogas-buck.de,Autogascentrum Buck
kfzhandwerk,knauer-liebau.de,Knauer & Liebau GmbH & Co. KG
kfzhandwerk,autowerkstatt-dueren.de,KFZ-Service Hansen GmbH
kfzhandwerk,moto-rickert.de,Moto Rickert GmbH
kfzhandwerk,autolackservice-gruenert.de,Autolackservice Grünert GmbH
kfzhandwerk,fahrzeug-aufbereitung.com,Handelshaus-Bösel Fahrzeugaufbereitung NRW
kfzhandwerk,autoservice-augner.de,Autoservice-Augner Inh.Thomas Augner
kfzhandwerk,hopp-halle.de,HuB GbR - Kfz-Meisterbetrieb in Halle/Westfalen
kfzhandwerk,autotechnik-schreckert.de,M.Schreckert KFZ-Meisterbetrieb
kfzhandwerk,auto-hentzschel.de,Neufahrzeuge bis zu 30% günstiger
kfzhandwerk,werkstatt-hagen.de,Andreas Richstein Kfz.-Meisterbetrieb e.K.
kfzhandwerk,weiss-lackierung.de,WEISS Lackierung oHG - Trifft immer den richtigen Ton
kfzhandwerk,hungenberg-automobile.de,Hungenberg Automobile in Wipperfürth
kfzhandwerk,abschleppdienst-schmidt.de,F. Schmidt OHG Abschleppdienst - Ihr Abschleppdienst in Gevelsberg
kfzhandwerk,kfz-muellich.de,Kfz Helmut Müllich
kfzhandwerk,volgertechnik.de,Volger Land- & Baumaschinen
kfzhandwerk,kwl-motorsport.de,KWL-Motorsport - Krogel&Schneppenheim GBR
kfzhandwerk,bremmenkamp.de,Kfz-Meisterbetrieb Bremmenkamp & Partner
kfzhandwerk,kfz-heinen.de,KFZ Reparaturen Arno Heinen
kfzhandwerk,kfz-domzol.com,FD-Fahrzeugtechnik - Feist&Domzol GbR
kfzhandwerk,greuel-fahrzeugtechnik.de,Greuel & Kermer GmbH & Co. KG - Fahrzeugtechnik
kfzhandwerk,auto-babiel.de,Auto Babiel GmbH
kfzhandwerk,auto-melka.de,Kfz-Werkstatt B. Melka
kfzhandwerk,renault-niesen-bergischgladbach.de,Niesen GmbH Bergisch Gladbach - Bensberg
kfzhandwerk,jdmotors.de,"JDMotors, Jann-Dirk Mengers"
kfzhandwerk,awd-aachen.de,Automobilwerkstatt Danhausen GmbH
kfzhandwerk,schaffhaeuser.eu,Andreas Schaffhäuser GmbH
kfzhandwerk,autofit-neumann.de,Kfz-Werkstatt Sven Neumann e.K.
kfzhandwerk,sk-service-krakow.de,SK-Service Transporte & KFZ-Werkstatt
kfzhandwerk,fzt-baygin.de,FZT-BAYGIN YAMAHA EXKLUSIVHÄNDLER
kfzhandwerk,mwa-autotechnik.de,MWA Autotechnik Anklam GmbH
kfzhandwerk,rundr-automobile.de,R & R Automobile GbR - PROFI SERVICE WERKSTATT
kfzhandwerk,autoservice-sagman.de,Autoservice SAGMAN
kfzhandwerk,kfz-tastrup.de,Autowerkstatt - Oliver Andresen Kfz-Meisterbetrieb
kfzhandwerk,sadik-kfz.de,Sadik Fahrzeugtechnik
kfzhandwerk,allrad-klassik.de,Land Rover Spezialist - Allrad Klassik GmbH
kfzhandwerk,unfallgutachten-hamburg.de,Sachverständigenbüro B.Beilken
kfzhandwerk,die-autowerkstatt.koeln,Die Autowerkstatt Köln – Alexander Dik
kfzhandwerk,tc-fahrzeugtechnik.de,TC Fahrzeugtechnik - Inh. Taner Colakoglu
kfzhandwerk,peugeot-rademacher.de,PEUGEOT-VERTRAGSHÄNDLER ADOLF RADEMACHER OHG
kfzhandwerk,viertel-motoren.de,Viertel Motoren GmbH
kfzhandwerk,fink-automobile.de,Fink Automobile GmbH & Co.KG
kfzhandwerk,fahrzeuglackierung-lausen.de,Fahrzeuglackierung Lausen GmbH
kfzhandwerk,auto-sapp.de,"Auto Sapp, Ihre freundliche Kfz-Meisterwerkstatt"
kfzhandwerk,autolackiererei-alrutz.de,Autolackiererei Alrutz GmbH & Co. KG
kfzhandwerk,woc-dueren.de,World of Cars GmbH
kfzhandwerk,intertec-kfz.de,Intertec-Kfz GmbH - Fahrzeughandel & Autowerkstatt
kfzhandwerk,kfz-ciccotto.de,Ciccotto Kfz-Technik - Meisterwerkstatt in Lindlar
kfzhandwerk,renault-vosdellen-erkelenz.de,AH Ewald Vosdellen GmbH&Co. KG
kfzhandwerk,buddeautomobile.de,"Budde Automobile GmbH, Warstein"
kfzhandwerk,ft-rombach.de,Fahrzeugtechnik Rombach
kfzhandwerk,go-gondzo.de,Go Gondzo Kfz-Meisterwerkstatt Wildeshausen
kfzhandwerk,auto-grosseaschoff.de,KFZ-Meisterbetrieb Großeaschoff -Inh. Andreas Daake
kfzhandwerk,kfz-technik-fehl.de,Kfz-Technik Fehl GmbH
kfzhandwerk,motorrad-schreiber.de,Honda Schreiber - Motorradhaus Schreiber
kfzhandwerk,kfz-wagner.com,KFZ-Technik Wagner
kfzhandwerk,auto-widuckel.de,Auto-Center Widuckel GmbH
kfzhandwerk,kfz-profi.com,J.Sondenheimer Profi-Kfz-Technik
kfzhandwerk,auto-schmidke.de,Ferdinand Schmidke Autolackiererei
kfzhandwerk,aundm-kfz.de,A&M KFZ-Meisterbetrieb GmbH
kfzhandwerk,rittbergundzimmer-dortmund.de,Rittberg & Zimmer GmbH & Co. KG
kfzhandwerk,autoservice-greifswald.de,S&R Fahrzeughandel und Kfz-Service
kfzhandwerk,kfz-gutachten-revoneer.de,REVONEER Kfz Gutachten München
kfzhandwerk,oel-engel.de,Öl und Schmierstoffhandel Engel
kfzhandwerk,dressel.mercedes-benz.de,Dressel Pkw-Service GmbH & Co. KG
kfzhandwerk,autosattlerei-aachen.de,Autosattlerei Aachen René Schrouff
kfzhandwerk,kfz-stengl.point-s.de,KFZ-Meisterbetrieb Daniel Stengl
kfzhandwerk,cityautomobile-lev.de,City-Automobile-Leverkusen OHG
kfzhandwerk,autohaake.de,Auto Haake GmbH
kfzhandwerk,sps-motorsport.com,SPS Motorsport GmbH
kfzhandwerk,autoelektrik-petersen.de,Autowerkstatt Flensburg - Autoelektrik Petersen
kfzhandwerk,lack-suessmann.de,Autolackier-Fachbetrieb GmbH
kfzhandwerk,automueller.de,Auto Müller GmbH & Co. KG Ihr automobiler Partner
kfzhandwerk,als-autos.com,"ALs Autos, Inh. Robert Lindemann"
kfzhandwerk,bodewig-motoo.de,Automobil Service Bodewig GmbH
kfzhandwerk,huerter-mayen.de,Autosattlerei · Fahrzeugtechnik Hürter
kfzhandwerk,pfz-picher.de,Picher Fahrzeug Zentrum GmbH
kfzhandwerk,auto-schmale.de,Auto Schmale GmbH & Co. KG
kfzhandwerk,ml-chiptuning.de,ML-Chiptuning  get the Power!
kfzhandwerk,mira-autowellness.de,Mira Autowellness
kfzhandwerk,heiler-fahrzeugtechnik.de,Autowerkstatt Heiler Fahrzeugtechnik
kfzhandwerk,bts-daf.de,BTS GmbH & Co. KG - DAF Händler & Service Partner
kfzhandwerk,bauergruppe.de,Albert Bauer GmbH
kfzhandwerk,autoservice-kuntke.de,Autoservice Kuntke
kfzhandwerk,kfz-bielefeld.de,KFZ Werkstatt & Service Peter Bielefeld
kfzhandwerk,meinen-kfz.de,Wolfgang Meinen Kraftfahrzeuge
kfzhandwerk,broekelmann-automobile.de,Brökelmann Automobile – Ihr AutoPlus Team
Kirchen u. religiöse Gemeinschaften,katholische-kirche.de,Katholisches Pfarramt Seelsorgestelle Heilig Geist
Klärtechnik,umweltservice-linse.de,Umweltservice Linse
Körperpflegemittel,rossmann.de,Rossmann GmbH Drogeriemarkt
kreishandwerkerschaft,khw-ebe.de,Kreishandwerkerschaft Ebersberg
kreishandwerkerschaft,handwerk-rhein-erft.de,Kreishandwerkerschaft Rhein-Erft
kreishandwerkerschaft,handwerk-delmenhorst.de,Kreishandwerkerschaft Delmenhorst / Oldenburg-Land
kreishandwerkerschaft,handwerk-pro-leipzig.de,Kreishandwerkerschaft Leipzig
kreishandwerkerschaft,kreishandwerkerschaft-oberhavel.de,Kreishandwerkerschaft Oberhavel
kreishandwerkerschaft,khs-ffb.de,Kreishandwerkerschaft Fürstenfeldbruck
kreishandwerkerschaft,khs-nordschwaben.de,Kreishandwerkerschaft Nordschwaben
kreishandwerkerschaft,kh-cb-spn.de,Kreishandwerkerschaft Cottbus/Spree-Neiße
kreishandwerkerschaft,handwerk-schwandorf.de,Kreishandwerkerschaft Schwandorf K.d.ö.R.
kreishandwerkerschaft,handwerk-lueneburgerheide.de,Kreishandwerkerschaft Lüneburger Heide
kreishandwerkerschaft,handwerk-mittelholstein.de,Kreishandwerkerschaft Mittelholstein
kreishandwerkerschaft,handwerk-elbeweser.de,Kreishandwerkerschaft Elbe-Weser
kreishandwerkerschaft,kh-neustadt-burgdorf.de,Kreis Handwerkerschaft Neustadt & Burgdorf
kreishandwerkerschaft,handwerk-wernigerode.de,Kreishandwerkerschaft Wernigerode
kreishandwerkerschaft,khs-zeulenroda.de,Kreishandwerkerschaft Zeulenroda
kreishandwerkerschaft,khs-landsberg.de,Kreishandwerkerschaft Landsberg am Lech
kreishandwerkerschaft,fachhandwerk.de,Kreishandwerkerschaft Rhein-Lahn
kreishandwerkerschaft,khs-eichstaett.de,Kreishandwerkerschaft Eichstätt K.d.ö.R.
kreishandwerkerschaft,kh-hx.de,Kreishandwerkerschaft Höxter-Warburg
kreishandwerkerschaft,kreishandwerkerschaft-stade.de,Kreishandwerkerschaft Stade K.d.ö.R.
kreishandwerkerschaft,khs-fn.de,Kreishandwerkerschaft Bodenseekreis
kreishandwerkerschaft,khsmeissen.de,Kreishandwerkerschaft Region Meißen
kreishandwerkerschaft,kreishandwerkerschaft-wuerzburg.de,Kreishandwerkerschaft Würzburg
kreishandwerkerschaft,khs-erding.de,Die Kreishandwerkerschaft Erding
kreishandwerkerschaft,handwerk-region-karlsruhe.de,Kreishandwerkerschaft Region Karlsruhe
kreishandwerkerschaft,handwerk-hef-rof.de,Kreishandwerkerschaft Hersfeld-Rotenburg
kreishandwerkerschaft,khs-landshut.de,Kreishandwerkerschaft Landshut
kreishandwerkerschaft,kh-donau-neckar.de,Kreishandwerkerschaft Donau-Neckar
kreishandwerkerschaft,handwerk-direkt.de,Kreishandwerkerschaft Bergisches Land
kreishandwerkerschaft,handwerk-me.de,Kreishandwerkerschaft Mettmann
kreishandwerkerschaft,khs-rnh.de,Kreishandwerkerschaft-Rhein-Nahe-Hunsrück
kreishandwerkerschaft,handwerk-wetterau.de,Kreishandwerkerschaft des Wetteraukreises
kreishandwerkerschaft,kh-altmark.de,Kreishandwerkerschaft Altmark in Stendal
kreishandwerkerschaft,khsdw.de,Kreishandwerkerschaft Südpfalz - Deutsche Weinstraße
kreishandwerkerschaft,khw-online.de,Kreishandwerkerschaft Miesbach – Bad Tölz-Wolfratshausen
kreishandwerkerschaft,handwerks.org,Kreishandwerkerschaft Heilbronn-Öhringen
kreishandwerkerschaft,khs-in-mittelsachsen.de,Kreishandwerkerschaft Mittelsachsen
kreishandwerkerschaft,kreishandwerkerschaft-dresden.de,Kreishandwerkerschaft Dresden
kreishandwerkerschaft,kreishandwerkerschaft-ts-bgl.de,KHS Traunstein-Berchtesgadener-Land
kreishandwerkerschaft,grafschafterhandwerk.de,Kreishandwerkerschaft Grafschaft Bentheim
kreishandwerkerschaft,kreishandwerkerschaft-bc.de,Kreishandwerkerschaft Biberach an der Riß
kreishandwerkerschaft,kh-lahn-dill.de,Kreishandwerkerschaft Lahn-Dill K.d.ö.R.
kreishandwerkerschaft,handwerk-schwalm-eder.de,Kreishandwerkerschaft Schwalm Eder
kreishandwerkerschaft,khs-ulm.de,Kreishandwerkerschaft Ulm
kreishandwerkerschaft,khs-zak.de,Kreishandwerkerschaft Zollern-Alb
kreishandwerkerschaft,handwerk-cloppenburg.de,Kreishandwerkerschaft Cloppenburg K.d.ö.R.
kreishandwerkerschaft,kh-augsburg.de,Kreishandwerkerschaft Augsburg
kreishandwerkerschaft,khs-hof.de,Kreishandwerkerschaft Hof-Wunsiedel
kreishandwerkerschaft,xn--handwerk-nordthringen-nic.de,Kreishandwerkerschaft Kyffhäuser-Unstrut-Hainich
kreishandwerkerschaft,handwerk-wt.de,Kreishandwerkerschaft Waldshut
kreishandwerkerschaft,khs-tbb.de,Kreishandwerkerschaft Main-Tauber-Kreis
kreishandwerkerschaft,kh-hanau.de,Kreishandwerkerschaft Hanau K.d.ö.R.
kreishandwerkerschaft,khs-regensburg.de,Kreishandwerkerschaft Regensburg
kreishandwerkerschaft,kh-limburg.de,Kreishandwerkerschaft Limburg-Weilburg
kreishandwerkerschaft,handwerk-in.de,Kreishandwerkerschaft Ingolstadt-Pfaffenhofen
kreishandwerkerschaft,handwerk-lauenburg.de,Kreishandwerkerschaft Herzogtum Lauenburg
kreishandwerkerschaft,khw-ab.de,Die Kreishandwerkerschaft Aschaffenburg
kreishandwerkerschaft,handwerk-northeim.de,Kreishandwerkerschaft Northeim-Einbeck
kreishandwerkerschaft,handwerk-vechta.de,Kreishandwerkerschaft Vechta K.d.ö.R.
kreishandwerkerschaft,handwerk-papenburg.de,Kreishandwerkerschaft Aschendorf-Hümmling
kreishandwerkerschaft,kh-hochsauerland.de,Kreishandwerkerschaft Hochsauerland
kreishandwerkerschaft,khs-bautzen.de,Kreishandwerkerschaft Bautzen
kreishandwerkerschaft,khs-bayreuth.de,Kreishandwerkerschaft Bayreuth
kreishandwerkerschaft,kh-hl.de,Kreishandwerkerschaft Hellweg-Lippe
kreishandwerkerschaft,handwerk-sgw.de,Kreishandwerkerschaft Solingen-Wuppertal
kreishandwerkerschaft,kreishandwerkerschaft-opr.de,Kreishandwerkerschaft Ostprignitz Ruppin
kreishandwerkerschaft,khw-mainspessart.de,Kreishandwerkerschaft Main-Spessart
kreishandwerkerschaft,kh-st-waf.de,Kreishandwerkerschaft Steinfurt-Warendorf
kreishandwerkerschaft,kh-esnt.de,Kreishandwerkerschaft Esslingen-Nürtingen
kreishandwerkerschaft,rostock-handwerk.de,Kreishandwerkerschaft Rostock-Bad Doberan
kreishandwerkerschaft,handwerk-gt.de,Kreishandwerkerschaft Gütersloh-Bielefeld
kreishandwerkerschaft,potsdamerhandwerk.de,Kreishandwerkerschaft Potsdam
kreishandwerkerschaft,kh-coesfeld.de,Kreishandwerkerschaft Coesfeld
kreishandwerkerschaft,kh-mk.de,Kreishandwerkerschaft Märkischer Kreis
kreishandwerkerschaft,handwerknordfriesland.de,Kreishandwerkerschaften Nordfriesland
kreishandwerkerschaft,handwerk-stormarn.de,Kreishandwerkerschaft Stormarn
kreishandwerkerschaft,khkb.de,Kreishandwerkerschaft Waldeck-Frankenberg
kreishandwerkerschaft,handwerk-ammerland.de,KREISHANDWERKERSCHAFT AMMERLAND
kreishandwerkerschaft,emslandhandwerk.de,Kreishandwerkerschaft Emsland Mitte-Süd
kreishandwerkerschaft,handwerk-in-dithmarschen.de,Kreishandwerkerschaft Dithmarschen
kreishandwerkerschaft,kh-siegen.de,Kreishandwerkerschaft Westfalen - Süd
kreishandwerkerschaft,kh-landkreis-leipzig.de,Kreishandwerkerschaft Landkreis Leipzig - Nordsachsen
kreishandwerkerschaft,kh-handwerk.de,Kreishandwerkerschaft Dortmund Hagen Lünen
kreishandwerkerschaft,khw-kg.de,Kreishandwerkerschaft Bad Kissingen
kreishandwerkerschaft,handwerk-mg.de,Kreishandwerkerschaft Mönchengladbach K.d.ö.R.
kreishandwerkerschaft,wismar-handwerk.de,Kreishandwerkerschaft Nordwestmecklenburg-Wismar
kreishandwerkerschaft,kh-online.de,Kreishandwerkerschaft Paderborn-Lippe
kreishandwerkerschaft,khs-tuebingen.de,Kreishandwerkerschaft Tübingen
kreishandwerkerschaft,handwerk-mse.de,Kreishandwerkerschaft Mecklenburgische Seenplatte
kreishandwerkerschaft,handwerk-mittelfranken.de,Kreishandwerkerschaft Mittelfranken Süd
kreishandwerkerschaft,kh-mo.de,Kreishandwerkerschaft Mülheim an der Ruhr - Oberhausen
kreishandwerkerschaft,kh-sha.de,Kreishandwerkerschaft Schwäbisch Hall K.d.ö.R.
kreishandwerkerschaft,kreishandwerkerschaft-lichtenfels.de,Kreishandwerkerschaft Lichtenfels K.d.ö.R.
kreishandwerkerschaft,khs-kaufbeuren.de,Kreishandwerkerschaft Ostallgäu/Kaufbeuren
kreishandwerkerschaft,kh-sl.de,Kreishandwerkerschaft Schleswig
kreishandwerkerschaft,khs-saalfeld.de,Kreishandwerkschaft Saalfeld Pößneck-Rudolstadt
kreishandwerkerschaft,handwerk-tf.de,Kreishandwerkerschaft Teltow-Fläming
kreishandwerkerschaft,handwerk-oh.de,Kreishandwerkerschaft Ostholstein und Plön
kreishandwerkerschaft,kreishandwerkerschaft-rhein-westerwald.de,Kreishandwerkerschaft Rhein-Westerwald
kreishandwerkerschaft,handwerk-rottal.de,Die Kreishandwerkerschaft Rottal-Inn
kreishandwerkerschaft,handwerk37.de,Kreishandwerkerschaft Südniedersachsen
kreishandwerkerschaft,khs-neumarkt.de,Kreishandwerkerschaft Neumarkt K.d.ö.R.
kreishandwerkerschaft,jade-handwerk.de,Kreishandwerkerschaft Jade
kreishandwerkerschaft,kh-kassel.de,Kreishandwerkerschaft Kassel
kreishandwerkerschaft,kh-pforzheim.de,Kreishandwerkerschaft Pforzheim-Enzkreis
kreishandwerkerschaft,khs-passau.de,Kreishandwerkerschaft Passau
kreishandwerkerschaft,handwerk-ruhr.de,Kreishandwerkerschaft Ruhr
kreishandwerkerschaft,kh-odw.de,Kreishandwerkerschaft Odenwaldkreis
kreishandwerkerschaft,khs-reutlingen.de,Kreishandwerkerschaft Reutlingen
kreishandwerkerschaft,handwerk-kempten.de,Kreishandwerkerschaft Kempten
kreishandwerkerschaft,khs-as.de,Kreishandwerkerschaft Amberg-Sulzbach
kreishandwerkerschaft,kh-tuttlingen.de,Kreishandwerkerschaft Tuttlingen
kreishandwerkerschaft,kh-lb.de,Kreishandwerkerschaft Ludwigsburg
kreishandwerkerschaft,khs-lindau.de,Kreishandwerkerschaft Lindau - Herzlich Willkommen - Kreishandwerkerschaft Lindau
kreishandwerkerschaft,kreishandwerkerschaft-guestrow.de,Kreishandwerkerschaft Güstrow
kreishandwerkerschaft,kh-rhein-neckar.de,Kreishandwerkerschaft Rhein-Neckar
kreishandwerkerschaft,kh-elbe-boerde.de,Kreishandwerkerschaft Elbe-Börde - Handwerksinnungen
kreishandwerkerschaft,khs-dachau.de,Kreishandwerkerschaft Dachau K.d.ö.R.
kreishandwerkerschaft,khs-starnberg.de,Kreishandwerkerschaft Starnberg
kreishandwerkerschaft,kreishandwerkerschaft-freiburg.de,Kreishandwerkerschaft Freiburg Breisgau-Hochschwarzwald Markgräflerland
kreishandwerkerschaft,handwerk-hildesheim-alfeld.de,Kreishandwerkerschaft Hildesheim-Alfeld
kreishandwerkerschaft,kh-rd-eck.de,Kreishandwerkerschaft Rendsburg-Eckernförde
kreishandwerkerschaft,khs-kulmbach.de,Kreishandwerkerschaft Oberfranken Mitte - Standort Bayreuth
kreishandwerkerschaft,khwb-radolfzell.de,Kreishandwerkerschaft – Westlicher Bodensee
kreishandwerkerschaft,khs-mittelbaden.de,Kreishandwerkerschaft Rastatt - Baden-Baden - Bühl
kreishandwerkerschaft,khs-erzgebirge.de,Kreishandwerkerschaft Erzgebirge-Chemnitz
kreishandwerkerschaft,handwerk-westholstein.de,Kreishandwerkerschaft Westholstein K.d.ö.R.
kreishandwerkerschaft,trier-saarburg.das-handwerk.de,Kreishandwerkerschaft Trier-Saarburg
kreishandwerkerschaft,kh-biedenkopf.de,Kreishandwerkerschaft in Biedenkopf K.d.ö.R.
kreishandwerkerschaft,kreishandwerkerschaft-freising.de,Kreishandwerkerschaft Freising
kreishandwerkerschaft,kh-mosbach.de,Kreishandwerkerschaft Neckar-Odenwald-Kreis
kreishandwerkerschaft,khs-greifswald.de,Kreishandwerkerschaft Vorpommern-Greifswald - K.d.ö.R.
kreishandwerkerschaft,khs-wms.de,Kreishandwerkerschaft Westmecklenburg-Süd - KHS-WMS
kreishandwerkerschaft,khs-donauwald.de,"Kreishandwerkerschaft Donau Wald, Straubing – Deggendorf"
kreishandwerkerschaft,khs-erlangen.de,Kreishandwerkerschaft Erlangen-Hersbruck-Lauf
kreishandwerkerschaft,handwerk-weiden.de,Kreishandwerkerschaft Nordoberpfalz
kreishandwerkerschaft,kh-da-di.de,Kreishandwerkerschaft Darmstadt-Dieburg
kreishandwerkerschaft,kh-hannover.de,Kreishandwerkerschaft Hannover
kreishandwerkerschaft,khw-oberland.de,KREISHANDWERKERSCHAFT Oberland
kreishandwerkerschaft,handwerk.koeln,Kreishandwerkerschaft Köln
kreishandwerkerschaft,kreishandwerkerschaft-wak.de,Kreishandwerkerschaft Wartburgkreis
kreishandwerkerschaft,handwerk-prignitz.de,Kreishandwerkerschaft Prignitz
kreishandwerkerschaft,handwerk-lk-harburg.de,Kreishandwerkerschaft des Kreises Harburg K.d.ö.R.
kreishandwerkerschaft,khs-bamberg.de,Kreishandwerkerschaft und Innungen in Bamberg K.d.ö.R.
kreishandwerkerschaft,handwerk-ostalb.de,Die Kreishandwerkerschaft Ostalb
kreishandwerkerschaft,handwerk-sig.de,Kreishandwerkerschaft Sigmaringen
kreishandwerkerschaft,kh-niederrhein.de,Kreishandwerkerschaft Niederrhein  Krefeld - Viersen - Neuss
kreishandwerkerschaft,deine-innung.de,Kreishandwerkerschaft Schmalkalden Meiningen Suhl
kreishandwerkerschaft,handwerk-rsn.de,Kreishandwerkerschaft Rügen-Stralsund-Nordvorpommern
kreishandwerkerschaft,kh-hewob.de,Kreihandwerkerschaft Helmstedt Wolfsburg K.d.ö.R.
kreishandwerkerschaft,khs-hdh.de,Kreishandwerkerschaft Heidenheim
kreishandwerkerschaft,kreishandwerkerschaft-schwerin.de,Kreishandwerkschaft in Schwerin
kreishandwerkerschaft,kh-boeblingen.de,Kreishandwerkerschaft Böblingen
kreishandwerkerschaft,khs-forchheim.de,Kreishandwerkerschaft Forchheim
kreishandwerkerschaft,khs-nth.de,Kreishandwerkerschaft Nordthüringen
kreishandwerkerschaft,kh-borken.de,Kreishandwerkerschaft Borken
kreishandwerkerschaft,dashandwerk.de,Kreishandwerkerschaft Aachen K.d.ö.R.
kreishandwerkerschaft,handwerk-rosenheim.de,Kreishandwerkerschaft Rosenheim K.d.ö.R.
kreishandwerkerschaft,khs-um.de,Kreishandwerkerschaft Uckermark K.d.ö.R.
kreishandwerkerschaft,khs-handwerk.de,Kreishandwerkerschaft Bonn - Rhein-Sieg
kreishandwerkerschaft,kh-gg.de,Kreishandwerkerschaft Groß-Gerau
kreishandwerkerschaft,kh-kiel.de,Kreishandwerkerschaft Kiel
kreishandwerkerschaft,handwerk-son.de,Kreishandwerkerschaft Süd-Ost-Niedersachsen
kreishandwerkerschaft,kh-ws.de,Kreishandwerkerschaft Weimar-Sömmerda -
kreishandwerkerschaft,handwerk38.de,Kreishandwerkerschaft Region Braunschweig - Gifhorn
kreishandwerkerschaft,kh-mtk-htk.de,Kreishandwerkerschaft Main- und Hochtaunus
kreishandwerkerschaft,kh-wm.de,Kreishandwerkerschaft Werra-Meissner
kreishandwerkerschaft,khw-sw.de,Kreishandwerkerschaft Schweinfurt
kreishandwerkerschaft,kh-rems-murr.de,Kreishandwerkerschaft Rems-Murr
kreishandwerkerschaft,handwerk-cham.de,Kreishandwerkerschaft Cham
kreishandwerkerschaft,handwerk-alzey.de,Kreishandwerkerschaft Alzey-Worms - Kreishandwerkerschaft Alzey-Worms
kreishandwerkerschaft,khw-ortenau.de,Kreishandwerkerschaft Ortenau
kreishandwerkerschaft,kh-suedsachsen.de,Kreishandwerkerschaft Südsachsen
kreishandwerkerschaft,handwerk-leerwittmund.de,Kreishandwerkerschaft LeerWittmund
kreishandwerkerschaft,khwiesbaden.de,Kreishandwerkerschaft Wiesbaden-Rheingau-Taunus
kreishandwerkerschaft,handwerk-wesermarsch.de,Kreishandwerkerschaft Wesermarsch
kreishandwerkerschaft,handwerk-aurich.de,Kreishandwerkerschaft Aurich-Emden-Norden K.d.ö.R.
kreishandwerkerschaft,kh-bergstrasse.de,Kreishandwerkerschaft Bergstraße
kreishandwerkerschaft,bremen-handwerk.de,Kreishandwerkerschaft Bremen
kreishandwerkerschaft,handwerk-neuburg.de,Kreishandwerkerschaft Neuburg
kreishandwerkerschaft,khs-mainz-bingen.de,Kreishandwerkerschaft Mainz-Bingen
kreishandwerkerschaft,khs-oberallgaeu.de,Kreishandwerkerschaft Oberallgäu
kreishandwerkerschaft,handwerk-vogelsberg.de,Kreishandwerkerschaft für den Vogelsbergkreis K.d.ö.R
kreishandwerkerschaft,khs-luebeck.de,KHS-Luebeck-Kreishandwerkerschaft K.d.ö.R.
kreishandwerkerschaft,handwerk-marburg.de,Kreishandwerkerschaft Marburg
kreishandwerkerschaft,khs-kronach.de,Kreishandwerkerschaft Kronach
kreishandwerkerschaft,kh-emscher-lippe.de,Kreishandwerkerschaft Emscher-Lippe-West – K.d.ö.R.
kreishandwerkerschaft,handwerk-zwickau.de,Kreishandwerkerschaft Zwickau
kreishandwerkerschaft,kreishandwerkerschaft-rv.de,Kreishandwerkerschaft Ravensburg
kreishandwerkerschaft,handwerk-oldenburg.de,Kreishandwerkerschaft Oldenburg
kreishandwerkerschaft,mehr.das-handwerk.de,Kreishandwerkerschaft MEHR - Mosel-Eifel-Hunsrück-Region
kreishandwerkerschaft,kh-stuttgart.de,Kreishandwerkerschaft Stuttgart
kreishandwerkerschaft,handwerk-fds.de,Kreishandwerkerschaft Freudenstadt
kreishandwerkerschaft,vogtlandhandwerk.de,Kreishandwerkerschaft Vogtland
kreishandwerkerschaft,kh-goeppingen.de,Kreishandwerkerschaft Göppingen
kreishandwerkerschaft,kh-kleve.de,Kreishandwerkerschaft Kleve
kunsthandwerk,evelina-iacubino.de,Evelina Iacubino. Kunst in Farbe.
kunsthandwerk,heidi-gerstner.de,Heidi Gerstner - Magie der Blumen
kunsthandwerk,anna-maria-bartsch.com,Anna-Maria Bartsch / Bildende Künstlerin
kunsthandwerk,roland-schmid.de,Roland Schmid
kunsthandwerk,hausmannonline.de,Holger Hausmann
kunsthandwerk,schalling.de,Emil A. Schalling KG - echt erzgebirgische Holzkunst aus dem Erzgebirge
kunsthandwerk,porzellanmaler-kaschub.de,Porzellanmaler Kaschub - Glas- und Porzellanmalerei
kunsthandwerk,markprouse.com,Mark Prouse Elements
kunsthandwerk,bines-drechselstube.de,Bine´s Drechselstube
kunsthandwerk,gravuratelier.de,"Gravur, Glas, künstlerische Glasgravuren, meisterlich gestaltet durch Lisa Peters."
kunsthandwerk,hofschmiede-dahlem.de,HOFSCHMIEDE DAHLEM Torsten Theel
kunsthandwerk,artist-ritual.de,artist ritual / X-Working GmbH
kunsthandwerk,petit-edelbrock-gescher.de,"Petit u. Gebr. Edelbrock, Glocken- und Kunstgießerei"
kunsthandwerk,mariamoretti.com,Maria Moretti
kunsthandwerk,glas-raeume.de,glas + räume GmbH
kunsthandwerk,graffitiauftrag.org,Agentur artmos4
kunsthandwerk,roland-rafael-repczuk.de,Gabriele Katharina Repczuk & Roland Rafael Repczuk
kunsthandwerk,visionsschmiede.de,Yvonne Halt - Wandmalerei - Illustration
kunsthandwerk,klausgehlen.de,Bronze-Atelier und Bronze-Gießerei Gehlen
kunsthandwerk,micha-peteler.de,Schmiedeatelier Micha Peteler
kunsthandwerk,handweberei-moser.de,Handweberei F.X. Moser
kunsthandwerk,alteneder.de,ALTENEDER GmbH
kunsthandwerk,ronaldwinning.com,Illusionsmaler Ronald Winning
kunsthandwerk,kunstbrand.de,Keramikatelier Martine Dupont
kunsthandwerk,lausitzer-toepferkunst.de,Töpferei Eberhard Schmidt - Lausitzer Töpferkunst
kunsthandwerk,mgerlach.de,Bildhauerei Gerlach e.K.  - Schnitzerei Hand geschnitzt. Holzschnitzerei
kunsthandwerk,raphael-kolley.de,Atelier für Kunst und Gestaltung
kunsthandwerk,toepferei-juergel.de,Töpferei Jürgel In Pulsnitz (Sa.)
kunsthandwerk,kuenstlerisch.de,Der Künstler Jürgen Schmitt
kunsthandwerk,feuerwerk-roeser.de,Rauchbrandkeramik
kunsthandwerk,wandmalerei-art.de,"Wandmalerei-ART Studio - Studio für Wandmalerei, Illusionsmalerei und Raumgestaltung"
kunsthandwerk,faller-uhren.de,H.U.H. Faller Schwarzwälder Uhrenmanufaktur
kunsthandwerk,hamburgergalerie.de,Die Hamburger Galerie
meisterschule,bbz-arnsberg.de,bbz Arnsberg
meisterschule,bbz-marburg.de,BBZ Berufsbildungszentrum Marburg gGmbH
meisterschule,meister-boxx.de,meister-boxx
meisterschule,meisterdigital.de,Amann + Bohn / Ausbildungszentrum für das Friseurhandwerk
meisterschule,senefelder.musin.de,Berufliches Schulzentrum Alois Senefelder
meisterschule,fachlehranstalt.de,Fachlehranstalt Oldenburg - für Friseure und Kosmetiker e.V.
Messtechnik-Regeltechnik,betatec-dueren.de,"BetaTec GmbH - Industriemontage, Schaltschrankbau"
Messtechnik-Regeltechnik,marquis-gmbh.de,Gasanalysentechnik - Marquis GmbH - Mess- und Regeltechnik
Messtechnik-Regeltechnik,ecom.de,ecom GmbH
Messtechnik-Regeltechnik,ueengineering.de,Universal Electric & Engineering GmbH
Messtechnik-Regeltechnik,cohrs-partner.com,Cohrs + Partner Automatisierungs GmbH
Messtechnik-Regeltechnik,umwelt-electronic.de,Mess- und Regeltechnik für die Umwelt.
Messtechnik-Regeltechnik,gts-online.net,Gesellschaft für Test Systeme mbH
Messtechnik-Regeltechnik,hentschel-system.de,Hentschel System GmbH
Messtechnik-Regeltechnik,mess-regel.de,GMR Gross-Mess-Regeltechnik
Messtechnik-Regeltechnik,labom.com,LABOM Mess- und Regeltechnik
Messtechnik-Regeltechnik,fludwig.com,Franz Ludwig Gesellschaft für Mess- und Regeltechnik mbH - Feuchtemessung & Wasserdosierung
Messtechnik-Regeltechnik,revonik.de,Revonik GmbH
Messtechnik-Regeltechnik,microtrac.de,Microtrac Retsch GmbH
Messtechnik-Regeltechnik,zins-ziegler-instruments.com,ZINS Ziegler-Instruments -  - Quality Engineering
Messtechnik-Regeltechnik,biesenthal-gmbh.de,Biesenthal Wasserzählerfabrik GmbH
Messtechnik-Regeltechnik,reckmann.de,Fa. Reckmann GmbH - Hagen // Mess- und Regeltechnik zur Temperaturmessung
Messtechnik-Regeltechnik,sikora.net,SIKORA AG
Messtechnik-Regeltechnik,fuehlersysteme.de,FuehlerSysteme eNET International GmbH
Messtechnik-Regeltechnik,amtron.net,AMTRON GmbH
Messtechnik-Regeltechnik,abgs-gmbh.de,ABGS GmbH Dresden
Messtechnik-Regeltechnik,dahl-leder.de,Dahl & Leder GmbH & Co. KG
Messtechnik-Regeltechnik,ema-burmann.de,ESMOG-Messungen & Abschirmungen
Messtechnik-Regeltechnik,os-msr.de,OS Gebäudeautomation & MSR Technik
Messtechnik-Regeltechnik,nest-electronics.com,NEST Electronics GmbH
Messtechnik-Regeltechnik,ksv-koblenz.de,KSV Koblenzer Steuerungs- und Verteilungsbau GmbH
Messtechnik-Regeltechnik,data-therm.de,DATA THERM GmbH & Co. KG
Messtechnik-Regeltechnik,stehle-technik.de,www.stehle-technik.de
Messtechnik-Regeltechnik,messtechnik-neth.de,Messtechnik Neth GmbH
Messtechnik-Regeltechnik,waro-msr.de,WARO MSR-Technik GbR
Messtechnik-Regeltechnik,kilomatic.de,Kilomatic Wiegetechnische GmbH
Messtechnik-Regeltechnik,boewer-messtechnik.de,Boewer Messtechnik GmbH
Messtechnik-Regeltechnik,soemer.de,Soemer Messtechnik - Wägezellen von 300g bis 500t für Standard- und Sonderanwendungen
Messtechnik-Regeltechnik,frank-hoepcke.de,Frank Höpcke Haus & Technik GmbH
Messtechnik-Regeltechnik,fachservice.net,Fachservice Gbr
Messtechnik-Regeltechnik,delphin.de,Delphin Technology AG
Messtechnik-Regeltechnik,mecon.de,MECON GmbH
Messtechnik-Regeltechnik,systech-gmbh.de,SYSTECH Systemtechnik GmbH
Messtechnik-Regeltechnik,infratec.de,InfraTec - Spezialist für Thermografie und Wärmebildkamera
Messtechnik-Regeltechnik,lufft.com,G. Lufft Mess- und Regeltechnik GmbH
Messtechnik-Regeltechnik,grosse-wentrup.de,A. Große-Wentrup GmbH
Messtechnik-Regeltechnik,lorenz-messtechnik.de,Lorenz Messtechnik GmbH
Messtechnik-Regeltechnik,durchflussmesser-flowmeter.de,Spezielle Chemie-Flowmeter
Messtechnik-Regeltechnik,nicai-systems.com,nicai-systems
Messtechnik-Regeltechnik,flintab.de,Flintab - geeichte und eichfähige Waagen
Messtechnik-Regeltechnik,fluke.com,Fluke Deutschland GmbH - Test- und Messgeräte und Software
Messtechnik-Regeltechnik,de.trotec.com,Trotec GmbH u. Co. KG
Möbelmontage,eichsfelder-umzuege.de,"Eichsfelder Umzüge, Transporte und Bauservice"
Notebooks,hyrican.de,Hyrican Informationssysteme AG
Obst und Gemüse,frischeinsel.de,Doganay Emin Groß- und Einzelhandel
ofenbau,albiker.de,Albiker Kachelofenbau
ofenbau,brunner.de,Ulrich Brunner GmbH Ofen- und Heiztechnik
ofenbau,kamine-kositza.de,Kamine Kositza
ofenbau,lutz-kachelofen.de,Lutz Alfred Fliesen- und Kachelofenbau GmbH
ofenbau,ofen-gschwend.de,Ofenbauer - Otto Gschwend GmbH
ofenbau,die-ofen-manufaktur.de,Die Ofenmanufaktur Kohler GmbH
ofenbau,kaminbau-trommler.de,Kaminbau Trommler GmbH
ofenbau,gold-fire.de,gold-fire Kachelofenbau
ofenbau,grundofen.de,OSA GmbH Grundofen Kachelofen
ofenbau,ruegg-cheminee.com,Rüegg Cheminée Schweiz AG
ofenbau,kachelofenbau-fichtl.de,Kachelofenbau Fichtl
ofenbau,hansefeuer.de,Zander-Ofenbau Inh. Thomas Flindt
ofenbau,creativ-ofenstudio.de,Creativ OFENstudio GmbH & Co. KG
ofenbau,ofen-zettler.de,Ofen Zettler - Klaus Zettler GmbH
ofenbau,ofenbau-haberstock.de,Ofenbau Haberstock
ofenbau,kachelofen-kaminofen-meisterbetrieb.de,Öfen Fliesen Kamine - und vieles mehr
ofenbau,feuerkultur.de,www.feuerkultur.de
ofenbau,ofenbau-gross.de,Thorsten Groß - Der Ofenbauer
ofenbau,ziegler-kachelofenbau.de,Stefan Ziegler Kachelofenbau
ofenbau,weiss-kacheloefen.de,Weiß & Söhne
ofenbau,holzbrand.de,Ofenbau Gillich GmbH - Holzöfenfachgeschäft
ofenbau,kanetzki-ofenbau.de,Kanetzki Kachelofenbau
ofenbau,pfeffer-ofenbau.de,Pfeffer Kachelofen & Kamin
ofenbau,kachelofenbau-schwarz.de,Schwarz Kachelofenbau GmbH
ofenbau,kachelofenfischer.de,Kachelofen - Werksvertretung Daniel Fischer
ofenbau,ofenbau-knabe.de,Fa.Knabe H.-Werner   Kachelöfen & Kamine
ofenbau,kaminstudio-liebschner.de,OFENBAUMEISTER Franz Liebschner
ofenbau,kiwera.de,"KIWERA West GmbH - Schornsteinbau, Kamine & Kachelöfen"
ofenbau,ofen-dollinger.de,Kachelofenbau Dollinger e.K.
orthopaedie-schuhtechnik,mader-schuhe.de,MADER – Gesunde Schuhe GmbH & Co. KG
orthopaedie-schuhtechnik,riko-massschuh.de,riko-Maßschuh GmbH
orthopaedie-schuhtechnik,laufzentrum.de,Laufzentrum - Kutzner Fuß & Schuh GmbH & Co.KG
orthopaedie-schuhtechnik,zahler.gesunde-schuhe.com,Gesunde Schuhe Zahler
orthopaedie-schuhtechnik,hans-sachs-leipzig.de,Hans Sachs Schuh- Service GmbH Leipzig
orthopaedie-schuhtechnik,schuhwerke-schmelzl.de,Gesundheit heißt: Schuhwerke Schmelzl aus Zwickau
orthopaedie-schuhtechnik,schuhhaus-perdun.de,Perdun Gesunde Schuhe - orthopädische Schuhtechnik
orthopaedie-schuhtechnik,fischer-fuss-fit.de,Fischer Fuss Fit KG
orthopaedie-schuhtechnik,fussplusschuh.de,FUSSplusSCHUH - Marcus Drechsel
orthopaedie-schuhtechnik,oszl.de,OSZL GmbH - Der Fuß- und Schuhspezialist
orthopaedie-schuhtechnik,boecking-nievern.de,Jurtin Medical Center Rhein-Lahn - Boecking Meisterbetrieb
orthopaedie-schuhtechnik,laufgerne.de,Sven Brandmeie
orthopaedie-schuhtechnik,schuhhaus-rogg.de,Schuhhaus Rogg – Kefer - Inh. A. Kefer e.K.
orthopaedie-schuhtechnik,scheinpflug-gesundheitsdienste.de,Scheinpflug Gesundheitsdienste - RehaSax GmbH & Co. KG
orthopaedie-schuhtechnik,winzer-fussgesundheit.de,WinzerGesundeSchuhe - Winzer & Winzer GbR
orthopaedie-schuhtechnik,eggers-oldenburg.de,EGGERS SCHUHTECHNIK GmbH & Co. KG
orthopaedie-schuhtechnik,nusser-schaal.de,Nusser & Schaal GmbH
orthopaedie-schuhtechnik,schuhhaus-dorsch.de,Schuhhaus Dorsch e.K.
orthopaedie-schuhtechnik,pfeiffer-fussgehsund.de,Pfeiffer Fussgehsund
orthopaedie-schuhtechnik,heidenunddoemer.de,Heiden & Dömer GmbH & Co. KG - Ihr Gesundheitshaus Hamm
orthopaedie-schuhtechnik,fussgesund.info,Seeßle Fußgesund GmbH
orthopaedie-schuhtechnik,berges-rheine.de,Das Schuhhaus Berges GmbH - Gesundes Gehen seit 1879
orthopaedie-schuhtechnik,reinelt-mt.de,Haus der Gesundheit
orthopaedie-schuhtechnik,dieschaftmacher.com,DIE SCHAFTMACHER GmbH
orthopaedie-schuhtechnik,rema-schuhe.de,Rema GmbH
orthopaedie-schuhtechnik,bonleitner.de,Bonleitner GmbH
orthopaedie-schuhtechnik,fusscentrum-kubitza.de,KUBITZA FUSS- UND SCHUHCENTRUM GmbH
orthopaedie-schuhtechnik,schuhwa.de,Schuhwa e.G. Potsdam
orthopaedie-schuhtechnik,comfortschuh-koch.de,comfortschuh koch - orthopädische Schuhe und Einlagen
orthopaedie-schuhtechnik,ofz-berlin.de,OFZ Berlin - Orthopädisches Fachzentrum
orthopaedie-schuhtechnik,diedenhoven.de,fußaktiv Diedenhoven GmbH
orthopaedie-schuhtechnik,schuheck-krursel.de,Schuheck A.Krursel GmbH
orthopaedie-schuhtechnik,schuhhaus-poguntke.de,Schuhhaus Poguntke
orthopaedie-schuhtechnik,ost-koch.com,Koch Orthophädie Schuhtechnik GmbH
orthopaedie-schuhtechnik,fuss-vital-liebau.de,Fuss Vital Liebau
orthopaedie-schuhtechnik,fussvital-ivenz.de,Fuß Vital Ivenz GmbH
orthopaedie-schuhtechnik,fussparadies-meusel.de,Fussparadies Meusel
orthopaedie-schuhtechnik,orthovital.de,ORTHOVITAL GmbH
orthopaedie-schuhtechnik,moellinger.chayns.site,Möllinger Fußbewußtsein e.K. - Inh. Michael Krämer
orthopaedie-schuhtechnik,meditech-sachsen.de,Meditech Sachsen GmbH in Pulsnitz - Gesundheitswesen
orthopaedie-schuhtechnik,ow-engers.de,Orthopädische Werkstätten Engers
orthopaedie-schuhtechnik,schuh-gilbert.de,Schuh Gilbert
orthopaedie-schuhtechnik,carqueville-online.de,Sanitäts- und Gesundheitshaus Carqueville GmbH
orthopaedie-schuhtechnik,fusszone-halle.de,FussZone GmbH
orthopaedie-schuhtechnik,schuhmacherei-hettinger-eppelheim.de,Schuhmacherei Hettinger in Eppelheim
orthopaedie-schuhtechnik,austen-essen.de,Schuhhaus Austen e.K.
orthopaedie-schuhtechnik,fusscomfort-weber.de,Fußcomfort Weber GmbH
orthopaedie-schuhtechnik,fussgesundheit-koblenz.de,Zentrum für Fußgesundheit - Jörg Lehnigk
orthopaedie-schuhtechnik,schuhe-freiberg.de,Gesunde Schuhe Kammlodt
orthopaedie-schuhtechnik,bequemschuhhaus-haubold.de,Bequemschuhhaus Haubold GmbH
orthopaedie-schuhtechnik,roeder-schuhwerk.de,Röder – SCHUHWERK
orthopaedie-schuhtechnik,schoenundendres.de,Schön & Endres GmbH & Co. KG
orthopaedie-schuhtechnik,schuhtechnik-irnsberger.de,Orthopädische Schuhtechnik André Irnsberger
orthopaedie-schuhtechnik,hans-sachs-hoyerswerda.de,HANS SACHS KÖNNEN RUND UM DEN FUSS GmbH
"Papierwaren, Erzeugung",fotofrenzel.de,fotofrenzel GmbH Fotohaus
Party & Unterhaltung - Bands,crazy-company-band.de,Crazy Company
Party & Unterhaltung - Bands,dj-melodie.de,Dj-melodies mobile Discothek
Party & Unterhaltung - Bands,nordlight-events.de,Nordlight-Events
Party & Unterhaltung - Bands,hb-sicherheit.de,H+B Veranstaltungsservice und Sicherheit
Party & Unterhaltung - Bands,diemobilebar.de,www.thüringen-event.de
Party & Unterhaltung - Bands,1class.de,1.Class Entertainment
Party & Unterhaltung - Bands,sunshineevent.eu,Veranstaltungshaus SunshineEvent
Party & Unterhaltung - Entertainer,misterbeat.com,Mister Beat Nagy & Schröder GbR
Party & Unterhaltung - Entertainer,retrodisc.npage.de,Retrodisc Mobiler Discjockey Service
Party & Unterhaltung - Entertainer,moving-music.de,Moving Music
Party & Unterhaltung - Entertainer,dj-chris-hamburg.de,DJ CHRIS HAMBURG
Party & Unterhaltung - Entertainer,airport-escort-frankfurt.com,Airport Escort Frankfurt
Party & Unterhaltung - Equipment,mydaydj.de,mydaydj
Party & Unterhaltung - Equipment,kobra.events,Kobra.Events - Lasershow Dortmund
Party & Unterhaltung - Full Service,cream-escort.com,Cream Escort Stuttgart
Party & Unterhaltung - Full Service,cenci-escort.com,Cenci Escort
Party & Unterhaltung - Full Service,rumors-escort.com,Rumors Escort Darmstadt
Party & Unterhaltung - Hostessen,est-dienstleistungen.eu,E-S-T Dienstleistungsunternehmen
Party & Unterhaltung - Hostessen,dem-security.de,D.E.M. - SECURITY
Party & Unterhaltung - Moderatoren,christian-ohrens.de,Christian Ohrens - DJ für Partys & Events
Party & Unterhaltung - Musik,hochzeit-dj-in-der-naehe.de,Alex Kristen
Party & Unterhaltung - Musik,dj-service-bayern.de,dj service bayern
Party & Unterhaltung - Musik,alster-dj.de,Alster-DJ
Party & Unterhaltung - Musik,dj-thommy-hamburg.com,DJ gesucht? DJ THOMMY-Ihr mobiler DJ in Hamburg/Norderstedt..bundesweit tätig!!
Party & Unterhaltung - Musik,exklusiv-dj.de,Exklusiv-dj-Hamburg
Party & Unterhaltung - Planung,cs-show.biz,CS-Showbiz
Party & Unterhaltung - Show,ideko.de,IDEKO GMBH
Party & Unterhaltung - Show,feuershow-sachsen-buchen.de,Feuertänzerin Constance Lüttich
Party & Unterhaltung - Show,led-show.eu,Volker Maria Maier
Party & Unterhaltung - Sonstiges,foto-stop.de,foto-stop.de
Party & Unterhaltung - Sonstiges,pander-escort.de,Pander Escort München
plzbereich_0,factainvest.de,facta invest
plzbereich_0,hundekindergarten-thekla.de,Hundekindergarten Thekla
plzbereich_0,felsenmanufaktur.de,Spielplatzgestaltung - Lausitzer Felsenmanufaktur GmbH
plzbereich_0,gpshandyortung.de,"GPS-Handyortung ? GPS-Ortung von Mobiltelefon, Handy und Smartphone"
plzbereich_0,musterkauf.com,Ausstellungsware deutschlandweit - musterkauf.com
plzbereich_0,stz-triptis.de,SERVICE- UND TECHNIKZENTRUM (STZ) GmbH
plzbereich_0,beregnungsparadies.de,Beregnungsparadies Gartenberegnung Beregnungsplanung
plzbereich_0,topzaun.com,Zaunanlagen Drosdatis
plzbereich_0,servicezeit.com,IT & Büroservice Ralf Glöckner
plzbereich_0,erdwaerme-brunnenbau-kunze.de,Erdwärme und Brunnenbau Kunze GmbH
plzbereich_0,kombus-online.eu,KomBus GmbH - Der Nahverkehrspartner...
plzbereich_0,gropp-gitarren.de,Armin & Mario Gropp – Klassischer Gitarren- & Lautenbau GbR
plzbereich_0,orchester-arrangeur.de,Komponist und Tonstudio
plzbereich_0,trabinauten.de,Trabinauten GbR
plzbereich_0,sps-landtechnik.de,SPS Landtechnik GmbH
plzbereich_0,matrak.de,Matrak Service & Lohnarbeits GmbH
plzbereich_0,pfarrgut-taubenheim.de,Pfarrgut Taubenheim
plzbereich_0,hn-werbemittel.de,HN Werbemittel
plzbereich_0,hammig-boehmfloetenbau.de,Philipp Hammig & Aug. Rich. Hammig Böhmflötenbau OHG
plzbereich_0,holzblas-online.de,Meisterwerkstatt für Holzblasinstrumente Jürgen Komnick
plzbereich_0,polypool.de,B u M  Pooldach  GmbH
plzbereich_0,mitarbeiterortung.de,Mitarbeiterortung.de ? M4Telematics Group
plzbereich_0,omicroner-garagen.de,Omicroner Garagen
plzbereich_0,monsator-halle.de,monsator Hausgeräte - 0800 monsator - Kundendienst - 0800 66 67 28 67 - Handel
plzbereich_0,kahlenbach-landtechnik.de,Kahlenbach Landtechnik in Bad Köstritz
plzbereich_0,cad-zeichnungen-erstellen.de,Zeichenbüro reviCAD
plzbereich_0,weinertwassertechnik.de,Weinert Wassertechnik GmbH
plzbereich_0,signa-fahnen.de,Signa Werbung Krause & Kräker oHG
plzbereich_0,glaubke-show.de,"René,s Zaubershow"
plzbereich_0,paketin.de,PAKETIN GmbH
plzbereich_0,antik-held.de,Antikhandel Held
plzbereich_0,rowak-gartentechnik.de,RoWaK GmbH - Gartentechnik & Kommunaltechnik
plzbereich_0,seidlgeigen.com,Geigenbaumeister - Ekkard Seidl
plzbereich_0,meistercello.de,Stefan Kreul - Cellobau seit 1889
plzbereich_0,zitherbau-wuensche.de,Horst Wünsche Zupfinstrumentenbau KG
plzbereich_0,grunert-gera.de,TV Grunert - Werkstatt für Funktechnik
plzbereich_0,holzblasdoktor.de,Holzblasinstrumentenbau - Bernd Renz
plzbereich_0,schkoeland.de,SchköLand GmbH - Landtechnisches Zentrum
plzbereich_0,zb-werner.de,Zeichenbüro Sylke Werner
plzbereich_0,grieger.de,Grieger GmbH
plzbereich_0,erdmann-sauna.de,Erdmann Sauna & Spa GmbH - Exklusiver Saunabau
plzbereich_0,dittrich-naehmaschinen.de,Dittrich-Naehmaschinen
plzbereich_1,u-s-e.org,Union Sozialer Einrichtungen gemeinnützige GmbH  - USE
plzbereich_1,voelpel.de,Bauabrechnung Thomas Völpel
plzbereich_1,bsa-berlin.com,"Bohr- und Sprengtechnik Adolf Alexander KG, GmbH & Co."
plzbereich_1,kraft-reparaturdienst.de,Kraft Reparaturdienst
plzbereich_1,hps-bohrtechnik.de,HPS Bohrtechnik GmbH - Horizontalspülbohrung
plzbereich_1,reederei-bethke.de,Reederei Bethke  Gehen Sie bei uns vor Anker
plzbereich_1,motorgeraete-freitag.de,Motorgeräte Freitag
plzbereich_1,praxis-dr-erben.de,MVZ PRM-Osteopathie GmbH - Osteopathie Praxis
plzbereich_1,schneedienst.de,Alpina Schneedienst GmbH
plzbereich_1,hks-rostschutz.de,HKS Hanseatischer Korrosionsschutz
plzbereich_1,dreihardt-dienstleistungen.de,Dreihardt´s Dienstleistungen
plzbereich_1,beglau.de,Beglau Wärmepumpen GmbH
plzbereich_1,absolutsichtbar.myportfolio.com,absolut sichtbar
plzbereich_1,neo-catering-berlin.de,NEO Catering Berlin GmbH
plzbereich_1,kbt-siegmund.de,"KBT - Kernbohrtechnik Marko Siegmund, Kernbohrungen"
plzbereich_1,slschott.com,Andreas u. Michael Schott Beleuchtungstechnik GmbH
plzbereich_1,kuba-hgw.de,Kulturbahnhof Greifswald - KuBa Betreiber GmbH
plzbereich_1,gakenholz-gellesch.de,Gakenholz+Gellesch GmbH
plzbereich_1,propotsdam.de,ProPotsdam GmbH
plzbereich_1,charter-schulz.de,Yachtcharter Schulz - YC Thomas Schulz GmbH
plzbereich_1,quadratfuss.de,Quadratfuss - Atelier für Lederverarbeitung   Berlin - Deutschland
plzbereich_1,marnach-hauswartung.de,Marnach Hauswartung GmbH Berlin
plzbereich_1,schmidt-greven.de,Schmidt & Co. GmbH Landtechnik-Service
plzbereich_1,ifue-haartransplantation.de,Zentrum für moderne Haartransplantation Berlin
plzbereich_1,dtad.com,Der deutsche Auftragsdienst
plzbereich_1,jura-kundenservice-berlin.de,Jura Kundenservice Berlin
plzbereich_1,restaurierungs-atelier.de,Restaurierungs-Atelier
plzbereich_1,stadtwerke-parchim.de,Stadtwerke Parchim GmbH
plzbereich_1,windigo.de,Windigo GmbH - Wind Power Services
plzbereich_1,vlp-lup.de,Verkehrsgesellschaft Ludwigslust-Parchim mbH
plzbereich_1,ovg-online.de,OVG Oberhavel Verkehrsgesellschaft mbH
plzbereich_1,zk-piano-transporte.de,Klaviertransport Berlin – ZK Piano Transporte
plzbereich_1,alles-ohne-kabel.de,Alarmtechnik Harendt - Individuelle Funkalarmanlagen
plzbereich_1,andreas-loeb.de,Personensuche und Handelsregisterauskünfte
plzbereich_1,auto-schuetzen.de,Auto Schützen
plzbereich_1,kraemer-kinderparty.de,Kraemer Kinderservice
plzbereich_1,printworks-berlin.de,Printworks Textildruck Berlin
plzbereich_1,berolina-fernsehdienst.de,Berolina Fernsehdienst
plzbereich_1,plusprint.de,"Plusprint GmbH - Textildruckerei, Lettershop"
plzbereich_1,docdens-zehlendorf.de,Informationen über die Implantologie und Zahnmedizin.
plzbereich_1,vitalja-wellness.de,vital - ja - berlin  -- Wasserfilter Berlin
plzbereich_1,awu-oberhavel.de,AWU Abfallwirtschafts-Union Oberhavel GmbH
plzbereich_1,city-limos.de,City Limos
plzbereich_1,service-espresso.de,Service Espressomaschinen
plzbereich_1,adap.de,ADAP Technik GmbH
plzbereich_1,stadtwerke-stralsund.de,SWS Stadtwerke Stralsund GmbH
plzbereich_1,walter-spielplatzservice.de,WALTER - SPIELPLATZSERVICE - BERLIN
plzbereich_1,aqua-thermic.com,Brunnenbau und Erdwärme - aQua-thermic
plzbereich_1,wunschpool-witt.de,"Wunschpool-Witt - Poolbau, Beratung & Vertrieb"
plzbereich_1,kamasys.de,KAMAsys GmbH
plzbereich_1,algonet.de,ALGONET Objekteinrichtungen GmbH
plzbereich_1,halter-berlin.de,Halter Spreng- und Umwelttechnik GmbH
plzbereich_1,maxenta.de,Maxnta
plzbereich_1,brunnenbau-berger.de,Brunnenbau Berger GmbH
plzbereich_1,agrar-und-umwelttechnik.com,Agrar- u. Umwelttechnik - Jörg Niemann
plzbereich_1,mieterbund.de,Deutscher Mieterbund e.V.
plzbereich_1,fischereihof-kuestrin.de,Fischereihof Schneider
plzbereich_1,antennenbau-fitz.de,Antennenbau Fitz
plzbereich_1,vvr-bus.de,VVR - Verkehrgesellschaft Vorpommern-Rügen mbH
plzbereich_1,zigarren-herzog.com,Zigarren Herzog am Gericht - Zigarren Herzog GmbH & Co. KG
plzbereich_1,katzenpension-luckenwalde.de,Katzenpension Luckenwalde
plzbereich_1,obstland-apotheke.de,Obstland-Apotheke
plzbereich_1,saegewerk-crivitz.de,Peter Brandt Sägewerk GmbH
plzbereich_1,imprenta-berlin.de,Imprenta Textildruck
plzbereich_1,hiller-berlin.de,HILLER Einrichtungen und Konzepte GmbH
plzbereich_1,hinrichsmeyer.de,Klavierstimmer Hinrichsmeyer - Cembalo Stimmer Berlin
plzbereich_1,ld-lederservice.de,L.D. Lederservice
plzbereich_1,feuchteklinik.de,Otto Richter GmnH - Die Feuchteklinik
plzbereich_1,berlinerfliesenmarkt.de,Berliner Fliesenmarkt GmbH
plzbereich_1,flechtwerkstatt-oppelt.de,Korb und Flechtwaren Roland Oppelt
plzbereich_1,gartenbox-bernau.de,Gartenbox Bernau
plzbereich_1,qgs-berlin.de,Qualitätsgemeinschaft Städtischer Straßenbau e.V. (QGS)
plzbereich_1,praxis-wohlrab.de,Praxis Dr.med. Gerd Wohlrab
plzbereich_1,sprachenatelier-berlin.de,Sprachenatelier Berlin
plzbereich_1,wolframgruppe.de,"Drucker, Kopierer, IT und Beratung bei Wolfram"
plzbereich_1,ktg-baumaschinen.de,KTG Baumaschinen GmbH - Baumaschinenverleih
plzbereich_1,marep.de,MAREP GmbH
plzbereich_1,fernseh-gaebler.de,Fernseh Gäbler - Verkauf und Reparatur von Fernsehgeräten
plzbereich_1,cundh-abriss.de,C&H Abriss und Demontage GmbH
plzbereich_1,batmos.de,"Batmos Batterien, Montage und Service"
plzbereich_1,signum-sine-tinnitu.de,Signum sine Tinnitu - Galerie für zeitgenössische Kunst
plzbereich_1,kernbohrung-ruegen.de,Michael Stein Kernbohrtechnik GmbH
plzbereich_1,rentenberater-borrmann.de,"Rentenberater Borrmann, Rentenbescheidprüfungen, Erwerbsminderungsrecht"
plzbereich_1,hans-meier-ohg.de,Hans Meier Landmaschinen OHG
plzbereich_1,stadtwerke-oranienburg.de,Stadtwerke Oranienburg GmbH
plzbereich_1,rohbeck.com,Reines Wasser. – Rohbeck Verfahrenstechnik
plzbereich_1,die-fritzen-veranstaltungsservice.de,Die Fritzen - Veranstaltungsservice GbR
plzbereich_1,sk-hst.de,SK-HST.de - Stralsunder Kernbohrtechnik
plzbereich_1,yachtcharter-werder.de,Yachtcharter Brandenburg Bootscharta Urlaub Charta Bootsurla
plzbereich_1,belladerma.de,Haarentfernung in Berlin- Haarentfernung mittels IPL2 Technologie
plzbereich_1,marehaus.de,MARE Haus GmbH
plzbereich_1,pft-vorpommern.de,Handelshof Vorpommern GmbH
plzbereich_1,rewa-stralsund.de,REWA - Regionale Wasser- & Abwassergesellschaft Stralsund GmbH
plzbereich_1,mein-einbauschrank.de,mein-einbauschrank.de
plzbereich_1,staatsbibliothek-berlin.de,Staatsbibliothek zu Berlin
plzbereich_1,industrielackierung-brandenburg.de,Oberflächenveredlung aus einer Hand.
plzbereich_1,chris-feuerwerke.de,Chris-Feuerwerke
plzbereich_1,keramikbemalen.com,Keramikbemalen Berlin
plzbereich_1,online-lektorat-textkorrektur.de,"Kurtz Online-Lektorat, Online-Korrektorat und Illustration"
plzbereich_2,schaumstoffladen.de,DER SCHAUMSTOFF-LADEN
plzbereich_2,mpi-pruefinstitut.de,MPI Materialprüfung und Entwicklung GmbH & Co. KG
plzbereich_2,gki.de,Grimm & Kleefeld Isolierungen GmbH
plzbereich_2,lichtblick.de,LichtBlick SE: Euer Stromanbieter mit 100 % ÖkoStrom
plzbereich_2,textildruckzentrum.de,Textildruckzentrum
plzbereich_2,hinsche-gastrowelt.de,Hinsche Gastrowelt GmbH
plzbereich_2,broering.eu,Bröring Beteiligungs- und Verwaltungsgesellschaft mbH
plzbereich_2,kvg-kiel.de,KVG Kieler Verkehrsgesellschaft mbH
plzbereich_2,familievoss-weihnachtsbaeume.de,Familie Voss Weihnachtsbäume
plzbereich_2,cinemaxx.de,CinemaxX Entertainment GmbH & Co. KG
plzbereich_2,airportservice-hamburg.de,AirportService-Hamburg.de
plzbereich_2,fsm-modellbau.de,FSM Pronitschew Modellbau
plzbereich_2,adam-buerosysteme.de,Adam Bürosysteme GmbH
plzbereich_2,hoergeraete-fachinstitut.de,Hörgeräte-Fachinstitut Jürgen Rombkowsky
plzbereich_2,bitekbremen.de,BITEK Bergungsdienst GmbH
plzbereich_2,ffrey.de,"FREY GmbH- Luftentfeuchtung, Prozessluft- und Druckluftaufbereitung"
plzbereich_2,abschleppdienst-lammers.de,"Lammers Pannen-, Abschlepp- und Bergungsdienst"
plzbereich_2,n-tt.de,Niedergesäss Tankanlagen Technik GmbH
plzbereich_2,hypno-institut.com,Hypnose für Bremen - Institut fuer angewandte Tiefenhypnose
plzbereich_2,hampel-geigenbau.de,Geigenbaumeister Andreas Hampel & Susanne Riebesehl
plzbereich_2,brocantique.de,Brocantique
plzbereich_2,brunata-metrona.de,BRUNATA Wärmemesser Hagen GmbH & Co. KG
plzbereich_2,penner-baumaschinen.de,Baumaschinen Deutschland - Wüsting / Hude / Oldenburg
plzbereich_2,marinakontor.de,Boots- und Schiffswerft Cuxhaven GmbH
plzbereich_2,fix-sprachen.de,Fachübersetzungen Fix International Services GmbH
plzbereich_2,xn--lftungsreiniger-zvb.de,Lüftungsreiniger.de  O.Saubert
plzbereich_2,vogel-modellbau.de,"Helmut Vogel Modellbau, Hamburg"
plzbereich_2,xn--handwerksmuseum-ovelgnne-5oc.de,Handwerksmuseum Ovelgönne - Museum für Handwerk und Gestaltung
plzbereich_2,portofkiel.com,PORT OF KIEL - SEEHAFEN KIEL GmbH & Co. KG
plzbereich_2,supergrip.de,Supergrip Deutschland GmbH
plzbereich_2,sanierungsservice.de,Sanierungsservice Küpper GmbH
plzbereich_2,asbt-umwelt.com,ASBT UMWELT GmbH & Co. KG
plzbereich_2,gfwerft.de,Schiffswerft Gebr. Friedrich GmbH & Co. KG
plzbereich_2,massage-hamburg.info,Maithai- Thai Massage Hamburg
plzbereich_2,holtz-aufzuege.de,Aufzuege - Joh.Holtz GmbH & Co.KG
plzbereich_2,werbeschnipsel.de,"N.Rogge & M.Jöckel GbR, Werbeschnipsel"
plzbereich_2,partnerfuertechnik.de,Handelskontor Seevetal GmbH - Partner für Technik
plzbereich_2,kranz.gmbh,Kranz GmbH Sauerstoff und Schlaftherapie bundesweit
plzbereich_2,filmprojektion.de,Filmprojektion Mondt GmbH & Co KG
plzbereich_2,evb-elbe-weser.de,Eisenbahnen und Verkehrsbetriebe Elbe-Weser GmbH (EVB)
plzbereich_2,zweckverband-gvm.de,Zweckverband Grevesmühlen
plzbereich_2,fernseh-muecke.de,Fernseh Mücke
plzbereich_2,like-new-shop.de,Like New Reparatur Onlineshop
plzbereich_2,bauteilboerse-bremen.de,bauteilbörse bremen
plzbereich_2,wohnstudio-steinkamp.de,www.wohnstudio-steinkamp.de
plzbereich_2,planungsbuero-rachow.de,Planungsbüro Rachow GmbH
plzbereich_2,e-bike.de,Bike Market Hackmann GmbH
plzbereich_2,folien-willer.de,Folienfachverlegung Ralf Willer
plzbereich_2,beschriftungen-hamburg.de,webfabrik - Schilder und Beschriftung in Hamburg
plzbereich_2,leesails.de,"Grosssegel, Persinninge, Sprayhoods vom erfahrenen Segelmacher"
plzbereich_2,bremen.de,bremen.online - Freie Hansestadt Bremen
plzbereich_2,reparaturpreise.de,Hausgerätetechnik Stier
plzbereich_2,bewerbung-kreativ.de,Bewerbung kreativ
plzbereich_2,santore.de,Karl Santore GmbH
plzbereich_2,funk-gruppe.de,Funk Gruppe GmbH
plzbereich_2,aas-aufzuege.com,Aufzugs- Anlagen- Service GmbH
plzbereich_2,exportmaschinen.de,Exportmaschinen
plzbereich_2,rotenburger-werke.de,Rotenburger Werke der Inneren Mission
plzbereich_2,ballonreisen.de,A.O. Ballonreisen
plzbereich_2,partyzelt-verleih-hamburg.de,www.partyzelt-verleih-hamburg.de
plzbereich_2,neo-catering.de,NEO Catering GmbH
plzbereich_2,sunnyf.de,sunnyF Braut und Abendmode
plzbereich_2,ordemann.info,Ordemann Land- und Gartentechnik
plzbereich_2,aktivbus-flensburg.de,Aktiv Bus Flensburg GmbH
plzbereich_2,3dfactory.de,3D factory
plzbereich_2,energy-consult.net,energy consult GmbH
plzbereich_2,catering-nimmersatt.de,Nimmersatt Catering
plzbereich_2,steinfelder-werkstaetten.de,Freie sozialtherapeutische Werkstätten Steinfeld e.V.
plzbereich_2,transform24.de,Dolmetscher und Übersetzungsbüro Transform24
plzbereich_2,isolierglassanierung.eu,Glassanierung Worms
plzbereich_2,tierarzt-roehl.de,Kleintierpraxis Christina Röhl mit NOTDIENST
plzbereich_2,hamburgportal.de,HamburgPortal.de - Das HH Portal
plzbereich_2,kammer-zahntechnik.de,Kammer Zahntechnik GmbH
plzbereich_2,ahrenholtz.net,Haushaltsgeräteservice Gerhard Ahrenholtz GmbH
plzbereich_2,riederer-agrar.de,Riederer AGRAR - Landwirtschaftliche Dienstleistungen
plzbereich_2,bezahnt.de,Andreas Emanuel Zahntechnik
plzbereich_2,kramer-tostedt.de,Kramer Tostedt Lohnunternehmen
plzbereich_2,hamburglinesmen.de,HLM Hamburg Lines Men GmbH - Festmacher / Schiffsbefestiger
plzbereich_2,weidmann-kampfmittel.de,CW Kampfmittelbergung GmbH
plzbereich_2,wasser-schmidt.de,C. D. Schmidt Aqua-Technik GmbH & Co. KG
plzbereich_2,schuldnerberatung-proaktiv.de,Schuldnerberatung pro-aktiv
plzbereich_2,meyoucosmetic.de,ME|YOU COSMETIC – Melanie Malesza
plzbereich_2,waffen-behrendt.de,Waffen Behrendt - Ihr Jagdausrüster in Itzehoe
plzbereich_2,sis-bohnhorst-achim.de,Süßkind - Industrie - Service aus Achim - SIS
plzbereich_2,zahntechnik-koenig.de,August König Dental- Technik GmbH
plzbereich_2,zaeune-tore-gitter.de,Zäune und Tore in Hamburg
plzbereich_2,lksh.de,Landwirtschaftskammer Schleswig-Holstein
plzbereich_2,bunjes-jaderberg.de,Bunjes Jaderberg GmbH
plzbereich_2,fab.sh,FAB -  Flensburger Arbeiter-Bauverein eG
plzbereich_2,hamburg.de,Alle Informationen über Hamburg
plzbereich_2,ahrensburg.de,willkommen in Ahrensburg
plzbereich_2,holsten-otterstedt.de,Willkommen bei W.Holsten und Sohn
plzbereich_2,hermesworld.com,Hermes Europe GmbH
plzbereich_2,bueroservice-hamburg24.de,Büroservice Hamburg24
plzbereich_2,mediaform.de,Mediaform - Mediaform Informationssysteme GmbH
plzbereich_2,mengel-vaale.de,Mengel Landtechnik & Brunnenbau GmbH
plzbereich_2,express-entsorgung.de,Express-Entsorgung
plzbereich_2,profischnell.com,Profi Fachübersetzungen GmbH
plzbereich_2,ivers-brunnenbau.de,Ivers Brunnenbau GmbH
plzbereich_2,kranservice-eilers.de,Kranservice Eilers
plzbereich_2,daily-catering.de,DAILY Systemgastronomie GmbH
plzbereich_2,stadtwerke-husum.de,Stadtwerke Husum GmbH
plzbereich_2,dhe-reisen.de,DHE - Delmenhorst-Harpstedter Eisenbahn GmbH
plzbereich_2,imken.de,IMKEN Touristik
plzbereich_2,mk-elastische-fugen.de,MK Elastische Fugen - Inh. Mustafa Korkmaz
plzbereich_2,kuretzky.de,kuretzkykeramik
plzbereich_2,frericks-reisen.de,Frericks Reisen - Busreisen aus Dörpen
plzbereich_2,kontor-weyers.de,Kontor Weyers ? Ihre gute Fee für Büro und PC
plzbereich_3,hausgeraete-baunatal.de,Hausgeräte Stock GmbH - Ihr Hausgeräte Spezialist
plzbereich_3,scherrer-online.de,SCHERRER Handelsgesellschaft mbH
plzbereich_3,vockeroth.org,Karl W. Vockeroth GmbH & Co. KG - Hausgeräte in Kassel
plzbereich_3,saunatech.de,Saunahersteller Saunatech
plzbereich_3,deas.de,deas Deutsche Assekuranzmakler GmbH
plzbereich_3,hartmann-tresore.de,HARTMANN TRESORE AG
plzbereich_3,gutes-vom-meierhof.de,Gutes vom Meierhof - Bäuerlich Spezialitäten und Floristik
plzbereich_3,finanzierung-ohne-bank.de,Dr. Werner Financial Service AG
plzbereich_3,hdk-kaltensundheim.de,Wir sind dein Partner für Landtechnik - HDK Kaltensundheim GmbH
plzbereich_3,mydent-laatzen.de,MVZ myDent Laatzen
plzbereich_3,frankiersysteme.de,A&B Bürokommunikation
plzbereich_3,schneiderei-konrat.de,Änderungsschneiderei KONRAT
plzbereich_3,fliesen-studio-schaefer.de,Fliesen-Studio-Schäfer
plzbereich_3,shirtmanufaktur.de,shirtmanufaktur
plzbereich_3,3dvisualisierungen.com,3d Visualisierung
plzbereich_3,oekohof-flaeming.friedhold.de,Ökohof Fläming - Friedrich Rosenthal
plzbereich_3,schalles-markierungen.de,Schalles Fahrbahnmarkierungen GmbH
plzbereich_3,getec-metering.de,GETEC metering GmbH - Moderne Messkonzepte und Dienstleistungen
plzbereich_3,wurzelwerk.net,Wurzelwerk GmbH
plzbereich_3,hotho.de,Hotho Solutions GmbH
plzbereich_3,wertgarantie.de,Reparaturkostenversicherung für den Fall der Fälle bei WERTGARANTIE
plzbereich_3,stiftung-solidaritaet.de,Stiftung Solidarität bei Arbeitslosigkeit und Armut
plzbereich_3,heidgmbh.com,Heid GmbH Bielefeld
plzbereich_3,tegra.de,Reitplatzbau und Reitplatzboden - tegra GmbH
plzbereich_3,dyck-stratemann.de,Dyck & Stratemann Büroeinrichtungen GmbH & Co. KG
plzbereich_3,haus-am-hirtenbach.de,haus am hirtenbach
plzbereich_3,interna-uebersetzungen.de,INTERNA - Fachübersetzungen Deutschlandweit. Übersetzer- Dolmetscher.
plzbereich_3,tuev-nord.de,TÜV NORD AG - Wir machen die Welt sicherer.
plzbereich_3,eckd.de,ECKD GmbH - IT.Menschlich
plzbereich_3,zulassungsservice-sinner.de,Zulassungsservice Sinner
plzbereich_3,blower-door-xxl.de,Ian Jack Blower-Door-XXL GmbH & Co KG
plzbereich_3,xn--kchenstudio-braunschweig-vsc.de,die Küche Reinecke GmbH
plzbereich_3,dein-heimwerk.de,HEIMWERK Baumarkt in Genthin und in Burg
plzbereich_3,jugendwerk-rietberg.de,Jugendwerk Rietberg
plzbereich_3,prolinetec.de,PROLINETEC GmbH - Bodenmarkierungsarbeiten
plzbereich_3,bwus.de,Braunschweiger Wach- und Schließgesellschaft
plzbereich_3,hannover-kosmetik.de,M-S Beauty
plzbereich_3,werbung-zaensdorf.de,Werbung Zänsdorf
plzbereich_3,avltimmermeister.de,avltimmermeister
plzbereich_3,mhd-mietpark.de,MHD-Mietpark
plzbereich_3,ewb-duderstadt.de,Eichsfelder Wirtschaftsbetriebe GmbH
plzbereich_3,netzplusservice.de,Städtische Werke Netz + Service GmbH
plzbereich_3,dhs-metallwert.de,DHS GmbH - Demontage-Fachbetrieb
plzbereich_3,senfatelier.de,senf-atelier
plzbereich_3,ruiz-hausgeraete.de,Der Waschbär - Inh. Emilio Ruiz - Hausgeräte Fachgeschäft
plzbereich_3,computerstickservice.de,Computer Stickerei
plzbereich_3,hausgeraete-magdeburg.de,monsator-Hausgeräte Magdeburg GmbH
plzbereich_3,ama-marschke.de,AMA Marschke Aufzugdienst oHG
plzbereich_3,medical-dermo.de,Medical Dermo Kosmetikstudio Hannover
plzbereich_3,regalpruefung-lagersicherheit.de,Lagersicherheit.com
plzbereich_3,elameyer.de,meyer Kommunikations Systeme GmbH
plzbereich_3,weihrauch-uhlendorff.de,Weihrauch Uhlendorff GmbH - Reiseerlebnisse
plzbereich_3,schroeder-haushaltshilfen.com,Schröders Haushaltshilfen
plzbereich_3,augenklinik-minden.de,Augen Praxisklinik Minden
plzbereich_3,mefat-haustechnik-gmbh.de,MAG Schweiß- & Gebäudetechnik
plzbereich_3,it-hannover.de,Nickisch & Riek EDV-Lösungen GbR
plzbereich_3,image-mode-beratung.de,"Imageberatung, Farbberatung und Einkaufsbegleitung - Tiziana Assmann"
plzbereich_3,lingacom.de,lingacom Martina Jaffe
plzbereich_3,ergo-physiotherapie-hannover.de,Physiotherapie Praxis Coelho
plzbereich_3,hvb-harz.de,Harzer Verkehrsbetriebe GmbH (HVB)
plzbereich_3,ilmebahn.de,Ilmebahn GmbH
plzbereich_3,grossmarkt-hannover.de,Grossmarkt Hannover
plzbereich_3,musterring.com,www.musterring.de
plzbereich_4,sbt.events,SBT Veranstaltungstechnik GmbH
plzbereich_4,bfm-aufzug.de,BFM Aufzugtechnik GmbH
plzbereich_4,danoli-dentaltechnik.de,DanOli-Dentaltechnik
plzbereich_4,patrik-dental.de,Patrik-Dental GmbH
plzbereich_4,uni-cert.de,UNIVERSAL GmbH – UniCert®
plzbereich_4,dreier-immobilien.com,DIAG Verwaltungsgesellschaft mbH
plzbereich_4,betoncheck.de,Kernbohrtechnik Lüdke
plzbereich_4,sw-innowerbung.de,SW Innovative Werbung
plzbereich_4,zinq.com,"ZINQ GmbH & Co. KG - Feuerverzinken, Pulverbeschichten"
plzbereich_4,gvg24.com,Graviertechnik Martin van Gels
plzbereich_4,gautzsch-dortmund.de,H. Gautzsch Dortmund Plaß & Diel GmbH & Co. KG
plzbereich_4,vodafone.de,Vodafone GmbH
plzbereich_4,lasertec-formentechnik.de,Lasertec - Bernd Kowalski
plzbereich_4,prima-dent.de,Dentallabor prima-dent GmbH
plzbereich_4,s-w-r.de,Stadtwerke Radevormwald GmbH
plzbereich_4,bio-dental.de,Dentallabor Bernd Richter GmbH
plzbereich_4,gerken-arbeitsbuehnen.de,Gerken GmbH vermietet Arbeitsbühnen
plzbereich_4,koerpersprache-grevenbroich.de,Körpersprache Grevenbroich
plzbereich_4,adu-inkasso.de,Allgemeiner Debitoren- und Inkassodienst GmbH
plzbereich_4,gfd-dental.de,GFD Gesellschaft für Dentallaborleistungen mbH
plzbereich_4,didenta.de,didenta Zahnärztliche Gemeinschaftspraxis
plzbereich_4,reuling-becher.com,Catering & Kochkunst Reuling Becher
plzbereich_4,a9c.de,Modellbau Fillinger
plzbereich_4,cdf-bochum.de,CDF GmbH & Co.KG - Professionelle Zahntechnik
plzbereich_4,sobbe.de,Sobbe GmbH Aufzüge aus Dortmund
plzbereich_4,ba-baumfaellungen-vie.de,BA Baumfällungen Baterovskyy
plzbereich_4,3dgeneration.com,3D GENERATION GmbH
plzbereich_4,autotransport-express.de,Autotransport Express - Ihr zuverlässiger und preisgünstiger Auto Transport
plzbereich_4,lammerding-mischfutter.de,Th. Lammerding GmbH - Mischfutter
plzbereich_4,umweltmanager.net,Hellmann Process Management GmbH & Co.KG
plzbereich_4,raiffeisen-markt-hasslinghausen.de,Bäuerliche Bezugs- und Absatzgenossenschaft Hasslinghausen eG
plzbereich_4,kampen-lift.de,Kampen Lift Service
plzbereich_4,lfg-nortrup.de,Dienstleistungen rund um die Landwirtschaft - LFG Nortrup
plzbereich_4,remex.de,Mineralstoff- und Recyclingexperte // REMEX GmbH
plzbereich_4,osnabrueck.de,Tourist-Informationsstelle
plzbereich_4,katzennetze-nrw.de,Katzennetze - NRW
plzbereich_4,denkhaus.com,"Denkhaus Baubeschlag Handel GmbH und DIE KLINKE, Düsseldorf"
plzbereich_4,baz-dinslaken-wesel-ev.de,"Betriebsärztliche Untersuchungen, Betriebsarztzentrum Dinslaken Wesel e.V."
plzbereich_4,alarmanlagen-osnabrueck.de,AlDaKo GmbH - Alarmanlagen
plzbereich_4,do-netz.de,Dortmunder Netz GmbH
plzbereich_4,led-systems.de,E4S LED und Saunatechnik GmbH
plzbereich_4,weckbacher.com,WECKBACHER Sicherheitssysteme GmbH
plzbereich_4,dortmund.de,Dortmunder Stadtportal
plzbereich_4,fgc-produktionsmodelle-bochum.de,FGC Produktionsmodelle GmbH - Fachbetrieb für Gießereimodellbau
plzbereich_4,panknin-steuerungstechnik.de,Panknin Steuerungstechnik
plzbereich_4,zenker-zahntechnik.de,Zenker Zahntechnik GmbH
plzbereich_4,iq-body-prevention.de,IQ BODY PREVENTION
plzbereich_4,deko-style.com,"style & more Dekoration, styling,  Messe"
plzbereich_4,cg-events.de,CG-Events - Christian Glinkemann Veranstaltungen
plzbereich_4,24polnisch.de,KRASCHINSKI Übersetzer Dolmetscher für Polnisch
plzbereich_4,audentic-ag.de,Audentic AG - Zahntechnik
plzbereich_4,nt-weiss.de,Nachrichtentechnik Weiss GmbH
plzbereich_4,andreaswerk.de,Inklusion & Gemeinschaft - Andreaswerk e.V.
plzbereich_4,eingedeckt.de,Eingedeckt- Veranstaltungsservice für Messeservice und Events
plzbereich_4,wieland-jarasch.de,wieland & jarasch gmbh
plzbereich_4,kollmeyerhaustechnik.de,Kollmeyer Haustechnik
plzbereich_4,2-radlohrmann.de,2-Rad Lohrmann GmbH
plzbereich_4,duesseldorf.de,"Landeshauptstadt Düsseldorf - News, Events und Bürgerservice"
plzbereich_4,kawte.de,KAWTE Kampfkunst Akademie für WingTsun & Escrima
plzbereich_4,kc-security.de,K & C Security Service GmbH
plzbereich_4,schuldnerberatungdortmund.de,RA Schuldnerberatung in Dortmund
plzbereich_4,buffet-bankett.de,Büffet & Bankett Service
plzbereich_4,derglasdiscounter.de,derglasdiscounter GmbH
plzbereich_4,baderneuerung.de,Klaus Spanke Haustechnik
plzbereich_4,dtpoethen.de,DT Poethen Koi und Teichbau
plzbereich_4,zahntechnik-pickstroeer.de,Zahntechnik Axel Pickströer GmbH
plzbereich_4,unityoffice.de,Unityoffice GmbH & Co. KG
plzbereich_4,lb-antiquitaeten.de,"LB Antiquités - Restaurierung, Verkauf und Bewertung von Antiquitäten"
plzbereich_4,verkehrsuebungsplatz-mettmann.de,Verkehrsuebungsplatz Mettmann
plzbereich_4,radgebiet.de,RadGebiet
plzbereich_4,montageservice-jesgarz.de,Montageservice Jesgarz - Der Montagekran aus Dortmund
plzbereich_4,kegelbahntechnik.de,Kegelbahntechnik Dortmund GmbH
plzbereich_4,uferkamp.de,Sandstrahlen und Industrieanstrich - Uferkamp Korrosionsschutz GmbH
plzbereich_4,activmakler.de,ACTIV Versicherungsmakler - günstige Versicherung für Handel und Handwerk
plzbereich_4,auftragsfolierer.com,Beschriftungsservice Sonja Tolkamp
plzbereich_4,sh-zahntechnik.de,Schleich & Hanses GmbH - Dentallabor Billerbeck
plzbereich_4,schmoll-dental.de,Dentalstudio Martin Schmoll GmbH
plzbereich_4,simon-dentallabor.de,H. und C. Simon Dental-Präzision GmbH
plzbereich_4,w-m-f-dental.de,W.M.F. - Dental GmbH & Co. KG
plzbereich_4,bautraeger-froese.jimdofree.com,Froese Bauträger e.K.
plzbereich_4,handwerker-in-ratingen.de,Handwerker in Ratingen
plzbereich_4,goodstuff-deco.de,Good Stuff Dekorationen
plzbereich_4,mundart.de,Mundart Dentallabor GbR
plzbereich_4,quiska-dental.com,Quiska Dentaltechnik GmbH
plzbereich_4,skb-modellbau.de,SKB Modellbau GmbH
plzbereich_4,widliczek.de,Bergungs- und Abschleppdienst Widliczek GmbH
plzbereich_4,kmr-garagen.de,K.M.R. Garagentorservice
plzbereich_4,zahntechnikpagels.com,Zahntechnisches Labor Pagels
plzbereich_4,mb-tor.de,MB Tor- & Verladesysteme GmbH
plzbereich_4,lightvision-media.com,Lightvision media
plzbereich_4,3d-animation.de,3D-Präsentation
plzbereich_4,wendt-dental-service.de,Wendt Dental Service GmbH
plzbereich_4,schwimmbad-infozentrum.de,Starline Pool GmbH
plzbereich_4,classic-mbh.de,Vertriebsgesellschaft Classic mbH Sondermaschinen
plzbereich_4,immo-voss.de,G. Voss & Dr. R. Graue Immobilien-Verwaltung
plzbereich_4,radio-ruthemeyer.de,Radio und Fernsehtechnik Ruthemeyer
plzbereich_4,toenges-dentaltechnik.de,Tönges Dentaltechnik - Zahntechniker-Meister
plzbereich_4,radio-stolte.de,TV - HIFI - Video - Service --- Radio-Stolte e.K.
plzbereich_4,baecker-udo.de,Udo Bäcker Haustechnik Handelsgesellschaft mbH
plzbereich_4,flowpex.de,FLOWPEX GmbH und Co. KG - Erleben Sie mit uns den Arbeitsplatz der Zukunft
plzbereich_4,abscheidertechnik-lippelt.de,Abscheidertechnik Lippelt
plzbereich_4,muellers-backhaus.de,Müllers & Backhaus GmbH & Co. KG
plzbereich_4,schullendamm-apotheke.de,Apotheke am Schullendamm
plzbereich_4,ab-dent.de,AB dent GmbH - Zahntechnisches Labor
plzbereich_4,cad-complex.de,cad-complex   -   Martin Hoppe
plzbereich_4,centrik.de,Centrik Dentallabor GmbH
plzbereich_4,rust-kunststoff.de,Rust-Modell - Modellbau + Kunststofftechnik
plzbereich_4,markus-klotzbach.de,ABSCHLEPPDIENST Markus Klotzbach GmbH
plzbereich_4,schoenewaldkunsthandel.de,Schönewald Fine Arts GmbH
plzbereich_4,wandel-antik.de,Wandel Einrichtungsobjekte Düsseldorf
plzbereich_4,kestermann-modellbau.de,Kestermann GmbH & Co. KG Modellbau
plzbereich_4,gutenbergbibeldruck.de,Der Gutenberg - Die Buchmacherey
plzbereich_4,iq-radiosommer.de,Radio Sommer - Inh: Regina Milovac-Seidel
plzbereich_4,onlinetranslate.de,online translations & services gmbh
plzbereich_4,obi.de,Baumarkt für Heimwerker
plzbereich_4,hoppe-maschinen.de,FRANZ HOPPE GMBH - Moderne Gebrauchtmaschinen fuer die Metallbearbeitung !
plzbereich_4,pfb.de,Printing for Business GmbH
plzbereich_4,adam-donner.de,Adam Donner Kunstprägeanstalt
plzbereich_4,stavermann.de,Stavermann GmbH - Technik rund ums Grün
plzbereich_4,dieabbeizzentrale.de,Die Abbeizzentrale
plzbereich_4,kettelbetrieb-grootens.de,Teppichkettelei Gudrun Grootens
plzbereich_4,optadata-gruppe.de,opta data hard- und software GmbH
plzbereich_4,evers-bautrocknung.de,Evers Bautrocknung-  Vermietung und Geräteverleih
plzbereich_4,hoersker.de,HÖRSKER SchankanlagenTechnik
plzbereich_4,spie.de,SPIE Deutschland & Zentraleuropa GmbH
plzbereich_4,stadtwerke-osnabrueck.de,Stadtwerke Osnabrück
plzbereich_4,kml-kramer.de,"KML-Kramer GmbH - Leuchtwerbung, Digital-Signage"
plzbereich_4,stadtwerke-luenen.de,Stadtwerke Lünen GmbH
plzbereich_4,lvdkrone.de,LVD Krone GmbH - Landmaschinenhandel un mehr
plzbereich_4,fernseh-stickel.de,Fernseh Stickel Dortmund
plzbereich_4,philippe-fontaine.com,Philippe Fontaine Pferdesportprodukte
plzbereich_4,tv-busmann.de,Busmann OHG
plzbereich_5,hoefels-kranservice.de,Höfels Kranservice GmbH
plzbereich_5,meinhardt-gmbh.de,Meinhardt Bürotechnik Vertriebs GmbH
plzbereich_5,naturalbreathingmovement.de,Natural Breathing Movement
plzbereich_5,dentaltechnik-foerster.de,Stefan Förster Dentaltechnik
plzbereich_5,platinview.com,Filmproduktion Platinview
plzbereich_5,topdentalbathe.de,topdental bathe
plzbereich_5,wagner-dental.com,Wagner Dental
plzbereich_5,gabelstapler-spanier.de,Wolfgang Spanier GmbH – Stapler- & Lagertechnik
plzbereich_5,dn-sb.de,Dürener Service Betrieb
plzbereich_5,ahsenmacher.de,Catering & Event-Location Ahsenmacher GmbH & Co. KG
plzbereich_5,maria-laach.de,Benediktinerabtei Maria Laach
plzbereich_5,keradent-dentallabor.com,Keradent Dentallabor GmbH
plzbereich_5,vdl-zahntechnik.de,Das Dentallabor vdL-Zahntechnik - Maximilian von der Linde
plzbereich_5,eb-sicherheitssysteme.de,EB Sicherheitssysteme GmbH
plzbereich_5,beller-hof.de,Beller Hof
plzbereich_5,marquardt-dentists.de,Marquardt Dentists
plzbereich_5,rseb.de,RSEB Rhein-Sieg Erdendeponiebetriebe GmbH
plzbereich_5,offenberg.com,Chinesischübersetzungen Offenberg
plzbereich_5,remshagen.de,Tankschutz-Service Remshagen GmbH
plzbereich_5,germania-gebaeudedienste.de,GERMANIA Gebäudedienste GmbH
plzbereich_5,naturata-bioladen.de,Naturata - und Naturkost wird alltäglich.
plzbereich_5,lack-holz.de,Lack & Holz - Oberflächeninstandsetzung
plzbereich_5,agsonline.de,Hausgeräte Kundendienst - AGS GmbH
plzbereich_5,meurer-landtechnik.de,Meurer Landtechnik GmbH
plzbereich_5,netaachen.de,"NetAachen GmbH - Internet, Telefon und TV von NetAachen"
plzbereich_5,tasteone.eu,TASTEONE AV- & IT-Solutions GmbH
plzbereich_5,stadtwerke-witten.de,Wir für Witten: Stadtwerke Witten GmbH
plzbereich_5,klavierbauerin.de,Julia Koutny - Klavier- und Cembalobauerin
plzbereich_5,oeder-dentalstudio.de,Oeder Dental Studio GmbH
plzbereich_5,oppenberg-landtechnik.de,"Oppenberg Landtechnik, Inh. Bärbel Langen e.K."
plzbereich_5,lehndorff.de,www.lehndorff.de
plzbereich_5,antiquariat-heuberger.de,Willkommen im Antiquariat Heuberger
plzbereich_5,schutzwart.de,SCHUTZWART GmbH
plzbereich_5,w-grosse.de,W. Grosse GmbH - Geldschrank- und Tresorbau
plzbereich_5,wbecker.com,Willi Becker Landmaschinen GmbH & Co.KG
plzbereich_5,sound-and-lights.de,Mobildisco & Veranstaltungstechnik - UP Sound and Lights
plzbereich_5,tanke.io,Individuelle Ladelösungen für Unternehmen - TankE GmbH
plzbereich_5,geigenbau-koerner.de,Geigenbaumeister Peter Körner – Qualität aus Tradition
plzbereich_5,jl-zerspanungstechnik.de,JL Zerspanungstechnik
plzbereich_5,tankhof-braun.de,Tankhof Braun - Tankstelle Köln
plzbereich_5,zahnstyle.com,ZahnStyle Holding UG - Dentallabor - Zahntechnik
plzbereich_5,mbse-steinwarz.de,MBSE Steinwarz GmbH
plzbereich_5,keradent.info,Keradent Zahntechnik GmbH
plzbereich_5,julians-barcatering.de,Barkeeper und Cocktails- mobile Cocktailbar
plzbereich_5,sun--point.de,Sonnenschutzfolie vom Fachbetrieb für Sonnenschutz.
plzbereich_5,smartworx.de,IT-Beratung - IT-Vertrieb - IT-Service - smartworx
plzbereich_5,leissing-zahntechnik.de,Zahntechnik Manfred Leissing
plzbereich_5,placetel.de,Telefonanlagen - starke Helfer
plzbereich_5,kirwel-landtechnik.de,Stefan Kirwel Landtechnik e.K.
plzbereich_5,meisterlabor.de,Schmücker Zahntechnik Meisterlabor
plzbereich_5,schildergestaltung.de,Ursula Kuroczkin Gestaltung von Werbeflächen
plzbereich_5,gitarren-und-baesse.de,Gitarren & Baesse Rössel
plzbereich_5,elomatrix.de,Elomatrix Eloxal- und Oberflächentechnik GmbH
plzbereich_5,gartentechnik-burggraf.de,Forst- und Gartentechnik Burggraf
plzbereich_5,kellerbaumaschinen.de,KELLER Land- und Baumaschinen
plzbereich_5,zeltverleih-juchem.de,Zeltverleih F.Juchem GmbH
plzbereich_5,relaxforyourbody.de,Relax for your Body Wellnessmassagen & Reiki Studio
plzbereich_5,gitarren-gose.de,GITARRENBAU GOSE
plzbereich_5,rurtalbahn.de,Rurtalbahn GmbH
plzbereich_5,antigraffiti.de,Pro Urbano GmbH
plzbereich_5,schalungsverleih-pfeiffer.de,Schalungsverleih-Pfeiffer
plzbereich_5,becher-umweltservice.de,Becher Umweltservice
plzbereich_5,ssc-aufzugbau.de,"Hagener Aufzugbau Schulz, Schnieders, Czarnecki GmbH"
plzbereich_5,revox-center-koeln.de,Revox Center Köln GbR
plzbereich_5,meurer-sh.de,Klaus Meurer GmbH & Co. KG
plzbereich_5,ms-dental.de,M.S. Dental-Technik GmbH - Dentallabor
plzbereich_5,meisterwerk-labor.de,Dentallabor MeisterWerk in Dortmund – Zahntechnik und Zahnersatz
plzbereich_5,ossolinski-tankschutz.de,Ossolinski Tankschutz & Holzpellets
plzbereich_5,dental-technik-unna.de,Dental-Technik-Unna GmbH
plzbereich_5,radsport-wittwer.de,Radsport Wittwer
plzbereich_5,stiftung-scheuern.de,Stiftung Scheuern – Behindertenhilfe
plzbereich_5,zahnhaus-stremel.de,Das Zahnhaus - Katja Stremel
plzbereich_5,modellbau-knaup.de,Knaup Modellbau GmbH
plzbereich_5,velokoelsch.de,Velokölsch GmbH - Fahrräder - E-Bikes - Zubehör
plzbereich_5,nb-businesscenter.de,NB Business Center
plzbereich_5,bonnzimmer.de,www.bonnzimmer.de
plzbereich_5,th-montageservice.de,Montageservice Heindrichs
plzbereich_5,stilquelle.com,Stilquelle - Menschen Räume Sinne
plzbereich_5,koelnticket.de,kölnticket - DERTICKETSERVICE.DE GmbH & Co. KG
plzbereich_5,ochsenbruecher.de,Ochsenbrücher GmbH - Busunternehmen
plzbereich_5,service-rosenkranz.de,Service & Dienstleistung Michael Rosenkranz
plzbereich_5,it-teamsix.de,IT TEAM SIX GmbH
plzbereich_5,alta24.de,ALTA GmbH Tankservice
plzbereich_5,dentallabor-ramm.de,Dentallabor Ramm GmbH & Co.KG
plzbereich_5,boelte.de,Gestüt Schnorrenberg
plzbereich_5,bodinka-dental-labor.de,Bodinka Dental-Labor GmbH
plzbereich_5,rheinlandkultur.de,Rheinland Kultur - Rheinland Kultur GmbH
plzbereich_5,kx-unna.de,kx Kochtokrax - Tanzen im Herzen von Unna
plzbereich_5,dentallabor-kamppeter.de,Kamppeter GmbH – Dentallabor für Wuppertal und Schwelm
plzbereich_5,miro-buntenbach.de,Miro und Buntenbach Dentaltechnik GmbH
plzbereich_5,emmel-gierse.de,Emmel & Gierse Dentaltechnik GmbH - Menden - Hemer
plzbereich_5,diakonie-michaelshoven.de,Diakonie Michaelshoven e. V. - Hilfe in Köln und der Region
plzbereich_5,schmidt-meldau.de,Schmidt + Meldau GmbH
plzbereich_5,schmidt-rudersdorf.de,Schmidt-Rudersdorf Handel und Dienstleistungen GmbH & Co. KG
plzbereich_5,schicker-www.de,Schicker Haustechnik GmbH
plzbereich_5,bechstein-zahntechnik.com,Dentallabor - Bechstein Zahntechnik GmbH
plzbereich_5,poewatec.de,poewatec Wasseraufbereitung
plzbereich_5,scharn-electronic.de,SCHARN Kommunikations-Systeme
plzbereich_5,fink-stauf-ut.de,Dr. Fink-Stauf Umwelttechnik GmbH
plzbereich_5,zahntechnik-sauerland.de,Dental-Technik V. Hamm
plzbereich_5,sportas-gmbh.de,SPORTAS GmbH -  Sportbodenbau
plzbereich_5,neuzeitliche-hypnose.de,Hypnose Therapie Trier
plzbereich_5,kettelbetrieb-rheinbach.de,Kettelbetrieb Faßbender
plzbereich_5,boos-sicherungs-systeme.de,Boos-Sicherungs-Systeme GmbH
plzbereich_5,wedentes.de,Dentallabor Wedepohl
plzbereich_5,sieben-landtechnik.de,Günter Sieben Landtechnik
plzbereich_5,belkaw.de,BELKAW GmbH
plzbereich_5,welker-zahntechnik.de,Welker Zahntechnik GmbH
plzbereich_5,fliesen-kaulen.de,Ihr Fliesenfachmarkt - Fliesen Kaulen
plzbereich_5,heb-hagen.de,HEB GmbH Hagener Entsorgungsbetrieb
plzbereich_5,kleine-glocke.de,Kleine Glocke
plzbereich_5,film-retter.de,Film-Retter KG
plzbereich_5,vollstoff-hagen.de,VOLL STOFF - Stoffgeschäft
plzbereich_5,landtechnik-baum.de,Landtechnik Baum OHG
plzbereich_5,westrup-wuchten.de,Auswuchten im Betriebszustand
plzbereich_5,vallendar.de,Brennerei Hubertus Vallendar
plzbereich_5,winkens-gmbh.de,Winkens GmbH - Gartengeräte
plzbereich_5,massar.de,Wasseraufbereitung: MASSAR Koblenz GmbH
plzbereich_5,gruendlers-dental.de,Dental-Labor Gründlers GmbH
plzbereich_5,wasserschaden-rheinland.de,PB Bautrocknung / Peter Bäumer
plzbereich_5,gvt-hagen.de,Die GVT Hagen - Gesellschaft für Verkehrstechnik mbH
plzbereich_5,hugo-landtechnik.de,Hugo Landtechnik
plzbereich_5,beb-engelskirchen.de,BEB - Bergische Erddeponiebetriebe GmbH
plzbereich_5,colonia-aktiv.de,Colonia Aktiv
plzbereich_5,greven-ss.com,OTG Oberflächentechnik Greven GmbH
plzbereich_5,alarmanlage-gewerbe.de,PATRON AG
plzbereich_5,mobiles-heizen.de,M & S Heizgeräteverleih
plzbereich_5,dentallabor-greiten.de,Greiten Dentallabor GmbH & Co. KG – Zahnersatz & Prothetik
plzbereich_5,stadtwerke-schwerte.de,Stadtwerke Schwerte GmbH
plzbereich_5,stickyfoil.de,Sticky Foil >>> Beschriftungen
plzbereich_5,ltwgmbh.de,LTW GmbH - DIE LANDTECHNIK WERKSTATT
plzbereich_5,hartmann-isolierungen.de,Hartmann Isolierungen
plzbereich_5,house-of-carwash.de,House of Carwash
plzbereich_5,kontaktlinsenkoeln.de,Contactlinsen Institut - Kontaktlinsen in Köln
plzbereich_5,weiss-aufzuege.de,Weiß Aufzüge GmbH
plzbereich_5,stadtwerkekoeln.de,Stadtwerke Köln GmbH
plzbereich_5,goldankauf4u.de,Goldankauf4u
plzbereich_5,koeln.de,www.koeln.de
plzbereich_5,schroeter-dental.de,Zahntechniklabor für Zahnersatz - Schroeter Dentallabor GmbH
plzbereich_5,tontechnik-scheffe.de,Ton & Technik Scheffe: Einfach alles verstehen
plzbereich_5,f-schall.de,Schall F. Landmaschinen GmbH
plzbereich_5,modellbau-preuss.de,Preuß Modellbau GmbH
plzbereich_5,augen-ahlen-hamm.de,"Augenärztliche Gemeinschaftspraxis Ruf, Dr. Pintea, Dr. Rösel"
plzbereich_5,aachener-cruiser-center.de,Aachener-Cruiser-Center GmbH & Co. KG
plzbereich_5,lachmayr.de,Lachmayr Köln - Straßen- und Golfschuhe
plzbereich_5,nowi-bau.de,NoWi Bauträger GmbH & Co. KG
plzbereich_5,mobile-gesundheitsberatung.de,Mobile Gesundheitsberatung
plzbereich_5,parkhaus-service.de,Cologne Parkhaus Service GmbH
plzbereich_5,abbund-cad-service.de,Abbund-CAD-Service
plzbereich_5,landtechnikhimpler.de,Landtechnik Himpler
plzbereich_5,campelo.info,Sabine Campelo Kosmetikstudio in Aachen
plzbereich_5,abrams-krane.de,Abrams Krane GmbH (Abrams Group)
plzbereich_5,dentallabor-feldmann.de,Dentallabor Feldmann
plzbereich_5,das-labor.de,Zahntechnik - Klaus Hoffmeier Dental GmbH & Co. KG
plzbereich_5,weigel-dental.de,Dental-Labor B. Weigel GmbH
plzbereich_5,agsec-sicherheit.de,AGSEC
plzbereich_5,migakap.de,Wirtschaftsberatung Michael Galhoff
plzbereich_5,copma.de,Eberts Ladekranvertriebsgesellschaft mbH
plzbereich_5,rapidprototyping.de,Rapid Prototyping Koenke
plzbereich_6,reisenunderleben.net,MOTORRADREISEN IN DER GRUPPE zu fairen Preisen
plzbereich_6,baist-gmbh.de,Baist - Vollausstatter im Werbe- und Vermarktungsbereich
plzbereich_6,textildruck-frankfurt.com,Textildruck-Frankfurt Ltd.
plzbereich_6,ugl-sicherheit.de,UGL Gregor Lehnert GmbH & Co. KG
plzbereich_6,saalbau.com,Willkommen bei SAALBAU GMBH
plzbereich_6,kasper-aufzuege.com,Kasper Aufzüge in Nonnweiler – Alois Kasper GmbH
plzbereich_6,wannenservice.de,Wannenreparaturservice
plzbereich_6,ihretelefonzentrale.de,IhreTelefonzentrale.de
plzbereich_6,hank-dach.com,Hank Dach GmbH - Dachbeschichtungen
plzbereich_6,sensenwerkstatt.de,Die Sensenwerkstatt
plzbereich_6,wicke-umwelttechnik.de,Wicke Umwelttechnik GmbH - die Schadstoffprofis
plzbereich_6,vonhausen-sicherheit.de,Sicherheit & Alarmtechnik Vonhausen
plzbereich_6,elevator-schulz.de,Elevator-Technic Schulz
plzbereich_6,wisag.de,WISAG Dienstleistungsholding SE
plzbereich_6,bbl-baumaschinen.de,BBL Gruppe – BBL Baumaschinen GmbH
plzbereich_6,typesonfoil.de,TYPESONFOIL -  Werbe- und Veranstaltungs GmbH
plzbereich_6,badewannendoktor-suedwest.de,Ihr Badewannendoktor
plzbereich_6,airportshuttles.de,Touristik4you
plzbereich_6,deluxe-security-service.de,SecuraGuard Deluxe-Security GmbH
plzbereich_6,af-teppichwaescherei.de,A & F Orientteppich Service GmbH
plzbereich_6,leitzinger.de,Stephan Leitzinger
plzbereich_6,dr-breit-ohg.de,Dr. Breit OHG
plzbereich_6,inter.de,INTER Versicherungsgruppe
plzbereich_6,briefmarkengala.de,Briefmarkengala - Ankauf von Briefmarken
plzbereich_6,solarcontrol.de,Solarcontrol Sonnenschutzfolie
plzbereich_6,absturzsicherung-rhein-main.de,TM Dienstleistungen - Absturzsicherung Rhein Main
plzbereich_6,hopfgitarren.de,Dieter Hopf Gitarrenatelier / Gitarrenbau
plzbereich_6,h2o-gmbh.net,H2O GmbH
plzbereich_6,cy-control.de,CyCon contamination-control
plzbereich_6,auto-bodenheimer.com,www.auto-bodenheimer.de
plzbereich_6,mammutwerkstatt.de,Mammutwerkstatt u. Elfenbeinschnitzerei - Jürgen Schott
plzbereich_6,vistano.com,Vistano - isee newmedia GmbH
plzbereich_6,industriedemontage-rueckbau.de,Laumann Demontage und Entsorgung - Industriedemontage & Rückbau
plzbereich_6,lorey.de,J. G. Lorey Sohn Nachfolger GmbH & Co. KG
plzbereich_6,brillanz-media.de,brillanz media Videoproduktion und Videokommunikation
plzbereich_6,photo-sound-klinik.de,PhotoSoundKlinik Frankfurt am Main
plzbereich_6,mk-ortschaum.de,MK Ortschaum GmbH - Polyurethan Verarbeitungsbetrieb
plzbereich_6,mpcservice.com,MPC Service GmbH
plzbereich_6,bock-transporte.de,Bock Arbeitsbühnen- Verleih
plzbereich_6,moart.eu,MOART
plzbereich_6,frankfurt.de,www.frankfurt-main.de
plzbereich_6,drdewes.de,HNO - Praxis - Saarlouis
plzbereich_6,darmstadt.de,www.darmstadt.de
plzbereich_6,naturputz-weiland.de,Naturputz Weiland
plzbereich_6,plus-folientechnik.de,Plus-Folientechnik
plzbereich_6,detektiv-tudor.com,DETEKTIV TUDOR Ermittlungen und Beobachtungen
plzbereich_6,esch-brand.com,Markenmanagement - ESCH GmbH
plzbereich_6,schwimmteich-anlegen.de,Schwimmteich anlegen
plzbereich_6,crespo-style.de,Crespo Style Cosmetics
plzbereich_6,die-lichtfabrik.de,Die Lichtfabrik GmbH
plzbereich_6,enrotec.de,ENROTEC Versorgung GmbH & Co. KG
plzbereich_6,ito-germany.de,International Trading Office GmbH
plzbereich_6,maschinenreparatur24.de,Maschinenreparatur Servicestützpunkt Offenbach/Main
plzbereich_6,acr-frankfurt.com,ACR Frankfurt - Car Media Center
plzbereich_6,ferienwohnungen-bensheim.de,Ferienwohnungen Bensheim
plzbereich_6,kd-sauer.de,Sauer GmbH
plzbereich_6,galerie-zauberwelt.de,Galerie Zauberwelt
plzbereich_6,lumedis.de,Lumedis
plzbereich_6,schreibmaschinenhaus.de,Eveline Theobald Büromaschinen
plzbereich_6,leipold-markt.de,Leipold-Markt
plzbereich_7,heim-blitz.de,Karlheinz Heim Blitzableiterbau GmbH
plzbereich_7,usm-markt.de,Usm Markt
plzbereich_7,bgl-inkasso.de,BGL Inkasso UG (haftungsbeschränkt)
plzbereich_7,pyrotechnik-brunner.de,PYROTECHNIK BRUNNER - Großhandel - Feuerwerkskörper - Signalmunition - Feuerwerk -Museum
plzbereich_7,sagner-bauservice.de,Sagner Bauservice - umfassender Mietpark für große und kleine Baustellen
plzbereich_7,bbq-bautechnik.de,BBQ Bautechnik in Baden-Württemberg GmbH
plzbereich_7,wt-management.de,WT Management
plzbereich_7,campingbus-bodensee.de,Haegert Transporte GmbH
plzbereich_7,dorring.de,Dorring Arbeitsbühnen
plzbereich_7,helptech.de,Help Tech - Hilfsmittel für Blinde und Sehbehinderte
plzbereich_7,galvatec.de,Eloxal-Verfahren & Anodisieren vom Fachmann
plzbereich_7,flaisch-gmbh.de,Flaisch GmbH
plzbereich_7,dr-zoppelt-freiburg.de,"Hautarztpraxis und Plastische Chirurgie Freiburg,Dr.Voigt,Dr.Zoppelt"
plzbereich_7,etiketten-conzelmann.de,etiketten-service Conzelmann KG
plzbereich_7,schempp.de,Schempp Bestandserhaltung GmbH
plzbereich_7,fliegengitter.ws,Fliegengitter / Insektenschutz von NEHER im Raum Pforzheim - Karlsruhe - Rastatt - Bruchsal
plzbereich_7,klappladen-online.de,klappladen-online
plzbereich_7,siwa.de,SIWA Bürotechnik Vertriebs GmbH
plzbereich_7,medical-language-service.com,medical language service GmbH
plzbereich_7,ktw-weisser.de,PS Panzersplitt GmbH - Kunststofftechnik Weißer und PS Panzersplitt
plzbereich_7,sarap.online,Sarap.Online
plzbereich_7,teppich-afshari.de,Afshari Orientteppiche - Linda Mutterer-
plzbereich_7,copysofort.de,CopySofort
plzbereich_7,studibuch.de,Studibuch GmbH
plzbereich_7,kosmetik-ludwigsburg.de,Kosmetikstudio in Stuttgart Ludwigsburg mit Wellness und Permanent Make-up
plzbereich_7,schweitzer-trocknung.de,Schweitzer Trockungstechnik GmbH
plzbereich_7,stickerei-seifert.de,Alfred Seifert & Söhne GmbH
plzbereich_7,heitersheim.de,Malteserstadt Heitersheim
plzbereich_7,absolut-schrott.de,Absolut-Schrott
plzbereich_7,pfeiffer-strahltechnik.de,Gerd Pfeiffer Strahltechnik
plzbereich_7,freiburger-leder-haus.de,FREIBURGER LEDER HAUS
plzbereich_7,aglasterhausen.de,Aglasterhausen und seine Ortsteile
plzbereich_7,ews-schoenau.de,EWS Elektrizitätswerke Schönau eG
plzbereich_7,eco-finish.de,ecoFINISH Deutschland - Meyer Coatings GmbH & Co.KG
plzbereich_7,metallveredelung.com,Metallveredelung und Galvanik in Oberndorf/Neckar
plzbereich_7,trend.de,TREND Einrichtungs- GmbH
plzbereich_7,teppich-fehm.de,"Teppiche Fehm, Inh. Rudolf Fehm Teppiche e.K."
plzbereich_7,theo-lorch-werkstaetten.de,Theo Lorch Werkstätten
plzbereich_7,kabelbau-laubach.de,Kabelbau Laubach GmbH
plzbereich_7,clown-clowns.de,Clown Andi & Clowns
plzbereich_7,huebl-stuttgart.de,Hübl GmbH & Co KG
plzbereich_7,bender-tribuenen.de,Bender Tribünen GmbH
plzbereich_8,aestheticart.de,Aesthetic Art Tattoo und Piercing d. med. Fachpersonal
plzbereich_8,handstickerei.info,Handstickerei Gallmeier
plzbereich_8,freitag-traunreut.de,Freitag Montagegesellschaft mbH & Co. KG
plzbereich_8,willibald-farben.de,Willibald Farbenhandel GmbH -  Gross- und Einzelhandel
plzbereich_8,zitzmann-zelte.de,Hans Zitzmann GmbH - Ihr Partner in Sachen Zelt
plzbereich_8,isartaler.net,Isartaler Gebäudemanagement GmbH & Co. KG
plzbereich_8,steuerstudies.de,Steuerstudies
plzbereich_8,muenchener-verein.de,MÜNCHENER VEREIN Versicherungsgruppe
plzbereich_8,radio-anker.de,Radio Anker
plzbereich_8,food-fighter.de,Food-Fighter Mietkoch-Service
plzbereich_8,herzdoc-linke.de,"Facharztpraxis Kardiologe Dr. Linke - Die kardiologische Praxis für innere Medizin, Sportmedizin"
plzbereich_8,zeppelin.com,Zeppelin Baumaschinen GmbH
plzbereich_8,dpl-glaeser.de,DPL Gläser GmbH
plzbereich_8,muenchen.de,Offizielles Stadtportal für München
plzbereich_8,different-eventausstattung.de,Different- Eventausstattung GmbH
plzbereich_8,franke-friends.de,Franke & Friends
plzbereich_8,zrenner.de,Übersetzungsbüro Sigrid Zrenner
plzbereich_8,arbeitstiere.de,arbeitstiere.de
plzbereich_8,swro.de,Stadtwerke Rosenheim GmbH & Co. KG
plzbereich_8,e-viskom.de,e-viskom- visuelle kokmmunikation
plzbereich_8,zirngibl-beschichtungen.de,ZiRNGiBL Beschichtungen
plzbereich_8,schmidhuber.info,planungsbüro schmidhuber kienberg
plzbereich_8,crina-morent.de,Spirituelle Ausbildung im Bereich Geistheilung
plzbereich_8,timeless-planet.com,Timeless Planet GmbH & Co. KG
plzbereich_8,eckerl.de,Eckerl GmbH - der innovative Dienstleister für innenliegenden Sonnenschutz seit über 50 Jahren
plzbereich_8,kjf-augsburg.de,KJF Augsburg – ein Sozialunternehmen mit Tradition
plzbereich_8,radio-stoeckle.de,Radio Stöckle Walter Stöckle Inh. Hans Barth
plzbereich_8,direktwerbung-huettinger.de,Hüttinger Direktwerbung - Effektive Flyerverteilung in München
plzbereich_8,boerse-muenchen.de,Börse München
plzbereich_8,stadtwerke-ffb.de,Stadtwerke Fürstenfeldbruck GmbH
plzbereich_8,hoergeraete-wiedemann.de,Hörgeräte Wiedemann
plzbereich_8,teppicha.de,ITC Internationales Teppich-Center G. R. Alamati
plzbereich_8,mein-plakat.de,Mein-plakat
plzbereich_8,wirtschaftsdienste-schmid.de,Wirtschaftsdienste-Schmid
plzbereich_8,hufschmied-hufbeschlag.de,staatl. gepr. Hufschmied Frank Herold
plzbereich_8,atlasfernsehdienst.de,Atlas Vision Store Shop München
plzbereich_8,sis-gruppe.de,S.I.S. Süd Industrie-Anlagen Service GmbH- Service für Industrie und Handwerk.
plzbereich_8,fernseh-birk.de,Fernseh-Birk
plzbereich_8,teppichkettlerei-grill.de,Teppichkettlerei Dieter Grill
plzbereich_8,herzogsaegmuehle.de,Diakonie Herzogsägmühle gGmbH
plzbereich_8,sonnenservicegmbh.de,Sonnenservice Bräunungssysteme GmbH Ihr Fachhandel rund um das Solarium
plzbereich_8,mercurtrade.com,Mercurtrade Deutschland
plzbereich_8,duerndorfer-zollberatung.de,Dürndorfer Zollberatung
plzbereich_8,elgaku.de,ELGAKU GmbH - Gabelstapler Service
plzbereich_8,imagetrend.de,Imagetrend GmbH
plzbereich_8,albrecht-services.de,Albrecht-Services
plzbereich_8,wildner.de,Akademie für Digitale Wirtschaft & Management
plzbereich_8,chiemgau-net.de,CHIEMGAU-NET GmbH
plzbereich_8,neff-schwimmbadtechnik.de,NEFF Schwimmbadtechnik
plzbereich_8,technikservice-bayern.de,Technik Service Bayern GmbH & Co.KG
plzbereich_8,myslik.com,Bauträger MYSLIK Bayern - Neubau Immobilien
plzbereich_8,braeuer-sandstrahlerei.de,Sandstrahlerei Bernd Bräuer
plzbereich_8,jaspercolor.de,J.Jasper   Lack -  und Oberflächentechniken
plzbereich_8,ewerk-tegernsee.de,E-WERK Tegernsee Vertriebs- und Service-KG
plzbereich_8,lichtundobjektberatung.de,"Lichtplanung, Lichtberatung - Dipl.-Ing. Wolfgang Engelhardt"
plzbereich_8,wackler-group.de,Wackler Holding SE
plzbereich_8,vakuumwaschservice.de,VWS - Dienstleistungen und Vertrieb
plzbereich_8,friis-cosmetix.de,olav friis cosmetix
plzbereich_8,ltb-lindner.com,Fiberglas-Technik Rudolf Lindner GmbH & Co. KG
plzbereich_8,klaviere-muenchen.de,"Klavierstimmer Michael Kurz: Klavierstimmen , Klaviere und Flügel in München"
plzbereich_8,hempen.de,Praxis Dr. Hempen & Kollegen Fachärztliches Zentrum - Chinesische Medizin
plzbereich_8,klinikschoensicht.de,Klinik Schönsicht Gmbh - Rehaklinik für Kinder und Jugendliche
plzbereich_8,hochkant.de,"Bau, Konstruktion, Konzeption und Planung von Erlebnissen - hochkant GmbH"
plzbereich_8,weka.de,WEKA MEDIA GmbH & Co. KG
plzbereich_8,biomagnet24.de,biomagnet24
plzbereich_8,paulmueller.net,Schiffsgastronomie und Erlebnisgastronomie in Bayern: Paul Müller
plzbereich_8,uf-gabelstapler.de,UF Gabelstapler GmbH
plzbereich_8,weinkellerbau.de,Weinkellerbau Florian Ammon
plzbereich_8,goldankauf-bayern.de,Goldankauf Bayern
plzbereich_9,baupreislexikon.de,f:data GmbH
plzbereich_9,zaun-und-stalldepot.de,Hallertauer Zaun- und Stalldepot GmbH
plzbereich_9,veranstaltungskonzept-gotha.de,Disco 84
plzbereich_9,ablaugservice-schmoeger.de,www.ablaugservice-schmoeger.de
plzbereich_9,hauptuntersuchung-fuerth.de,HolDeinePlakette.de HAS4 Technologies Nürnberg GmbH
plzbereich_9,ziereis-faksimiles.de,Antiquartiat Gebrüder Ziereis
plzbereich_9,lehm-kalk.de,Lehm und Kalk   Harmonie im Raum
plzbereich_9,endter-farbspritztechnik.de,ENDTER Farbspritztechnik
plzbereich_9,baumaschinen-schwarz.de,Baumaschinen Landmaschinen Mietservice - Rüdiger Schwarz
plzbereich_9,vdl-online.de,Lohnsteuerberatung VdL Verband der Lohnsteuerzahler e.V.
plzbereich_9,i-w-s.de,Industrie-Wartung Systeme IWS GmbH - Schmalkalden
plzbereich_9,claas-thueringen.de,CLAAS Thüringen GmbH- Landmaschinenhandel u. Service
plzbereich_9,baumaschinen-walldorf.de,UPI Baumaschinenservice und Handels GmbH - Mietpark
plzbereich_9,toepfereidrehwurm.de,Töpferei Drehwurm - Heike Flaschka
plzbereich_9,gromatec.de,Maschinen & Technik GmbH GROMATEC
plzbereich_9,blindvertrauen-lang.de,Hundetraining bvl & Tierpension Dominik Lang
plzbereich_9,betonstahlschweissen.com,IMS Industriemontageservice - Betonstahlschweißen
plzbereich_9,kotschenreuther.eu,Kotschenreuther Forst- & Landtechnik GmbH & Co. KG
plzbereich_9,thg-forst-gartentechnik.de,Thueringer Handels GmbH - Forst- & Gartentechnik
plzbereich_9,klavier-altmann.de,Klavierhaus ALTMANN
plzbereich_9,sw-weimar.de,Stadtwerke Weimar Stadtversorgungs-GmbH
plzbereich_9,riedelsberger.eu,Industriebeschichtung Riedelsberger GmbH
plzbereich_9,musterwalzen.de,Werkstatt Birger Jesch
plzbereich_9,bruenofix.de,DEWE Brünofix GmbH - Lohnbearbeitung
plzbereich_9,georg-winkelmann.de,G. Winkelmann GmbH
plzbereich_9,ihd-deutschland.de,IHD Schädlingsbekämpfung und Taubenabwehr
plzbereich_9,naehservice-aurach.de,Nähservice Aurach - Näharbeiten aller Art
plzbereich_9,zauberhafte-unterhaltungskunst.de,Zauberkünstler Dr. Peter Patzina
plzbereich_9,sommer-uhren-schmuck.de,Sommer - Uhren Schmuck Trauringe - Sonneberg
plzbereich_9,werbepylone-schmid.de,Schmid Werbesysteme GmbH
plzbereich_9,bbkaiser.de,Mobile Tribünen vom Spezial- Tribünenbauer
plzbereich_9,rentalheat.de,Rental Heat GmbH
plzbereich_9,georgias-mobiles-nagelstudio.de,Georgias Mobiles Nagelstudio Straubing
plzbereich_9,wagert.de,Wagert-Arbeitsbuehnen
plzbereich_9,markierungsprofi.de,Markierungsfarbe
plzbereich_9,sc-weber.de,Alles rund um Sicherheit !
plzbereich_9,fs-nuernberg.de,FS Fernsprech- Systeme (Nürnberg) GmbH
plzbereich_9,wasseraufbereitungsseiten.de,"GBT Grund-, Brauch-, Trinkwasseraufbereitung Inh. H. Mädl"
plzbereich_9,seo-spezialist.de,SEO Spezialist
plzbereich_9,deggendorf.de,deggendorf.de
plzbereich_9,dogs-training.eu,DOGS Training
plzbereich_9,inge-glas.de,Inge`s Christmas Decor
plzbereich_9,vogt-lackiertechnik.de,Vogt Lackiertechnik in Beilngries
Produktion von Werbemitteln,folien-express.de,Folien Express
Qualitätsmanagement,fuminco.com,Fuminco GmbH
Redliner,red-liner.net,irrsinn.de gmbh
Reise & Urlaub - Flugreisen,erfolgreich-im-beruf.erfolgs-konto.de,Agentur Frey
Reise & Urlaub - Flugreisen,kozica.de,KOZICA REISEN GmbH
Reise & Urlaub - Hotels,heidy1971.multiply.com,Pension Paraguay Wiebe & Schmidt
Reise & Urlaub - Pensionen,ferienwohnungen-hartward.de,Ferienwohnungen Hartward-Neuharlingersiel
Reise & Urlaub - Sonstiges,taxiintuebingen.de,Taxi Renna Tübingen
Reise & Urlaub - Sonstiges,mertens-rietberg.de,Mertens-Reisen GmbH
Reise & Urlaub - Sonstiges,rt-kurierservice.de,MDR Kurierservice
Reise & Urlaub - Sonstiges,controletti.com,Controletti GmbH
Reise & Urlaub - Sonstiges,rftours.de,Regio-FUN-Tours UG
Reise & Urlaub - Sonstiges,jerusalempilger.com,Stefan Spangenberg – Reise-Referent & Vortragsredner
Reise & Urlaub - Sonstiges,campingbox-heckkueche.de,iQ-ProSolutions GmbH
Reise & Urlaub - Unterkunft,gutsulz.de,Gut Sulz
Reise & Urlaub - Unterkunft,ferienwohnung-kutscher.de,Ferienwohnungen Kutscher in Ostfriesland
Reise & Urlaub - Unterkunft,irxner.com,Bergbauernhof Irxner
Reise & Urlaub - Unterkunft,landhaus-kirchgasser.at,Landhaus Kirchgasser
Reise & Urlaub - Unterkunft,dormis.com,Dormis
Reise & Urlaub - Wohnmobile,hh360v.com,HH360V.COM
Reise & Urlaub - Wohnmobile,brekedo.de,BreKeDo Wohnmobilvermietung
Reitsportbedarf,equiva.lu,Equiva Doris Reitsportmarkt
Reitsportbedarf,sattel.co,Sattel & Co
Reparatur Elektrogeräte / Haushaltsgeräte,mueller-hausgeraete.de,Müller Hausgeräte GmbH
Sägewerke,schwarzmuehle-gmbh.de,Sägewerk u. Holzhandlung Schwarzmühle GmbH
sattler,meenzen.eu,Autosattlerei Meenzen
sattler,sattlerei-nock.de,Sattlerei Nock - Westernsättel - Englischsättel - Sättel nach Maß
sattler,loechel-planen.de,Sattler Löchel Planen
sattler,sattlerei-denk.de,Sattlerei Denk
sattler,blaser-sattlerei.ch,Sattlerei und Kummetfabrikation Hansruedi Blaser
sattler,signum-sattelservice.de,Signum Sattelservice GmbH
sattler,sattlerei-wendt.de,Sattlerei Wendt
sattler,klockmann.net,H-Leins GmbH
sattler,sattlerei-muenchen.de,Leatherworx
sattler,sattlerei-witte.de,Sattlerei Jörn Witte
sattler,reitsport-mandelartz.de,Heinrich Mandelartz GmbH & Co. KG – Sattlerei
sattler,reitsport-hellmold.de,Reit-u.Fahrsport Sattlerei
schlosserhandwerk,tor-koenig.de,Andreas König TOR-METALL
schlosserhandwerk,kruppa-schlosserei.de,Max Kruppa GmbH
schlosserhandwerk,brillant-row.de,Brillant Metallverarbeitung GmbH Rotenburg
schlosserhandwerk,metall-burgberg.de,Schlosserei G. Müller GmbH - Burgberg
schlosserhandwerk,schweighart.de,Schlosserei Schweighart GmbH & Co. KG
schlosserhandwerk,schmiede-paetow.de,"Schmiede, Schlosserei und Schlüsseldienst PAETOW"
schlosserhandwerk,kempfgroup.de,Kempf GmbH - Blech- und Rohrtechnik
schlosserhandwerk,kf-schweissbetrieb.de,Schweißbetrieb Klassen und Feil GmbH
schlosserhandwerk,kunstschlosser.ch,Kunstschlosserei Stohler
schlosserhandwerk,stender-brennschneidtechnik.de,Stender Brennschneidtechnik
schlosserhandwerk,schwarztor.de,Alfred R. Schwarz GmbH
schlosserhandwerk,schmiede-koch.de,Schmiede Koch
schlosserhandwerk,metall-mehr.com,metall & mehr.
schlosserhandwerk,schmiede-schlosserei-broich.de,Schmiede Schlosserei Broich
schlosserhandwerk,lieckfeldt-bauschlosserei.de,Bauschlosserei Lieckfeldt
schlosserhandwerk,apel-reinhold.de,Apel Thomas & Reinhold David GbR
schlosserhandwerk,henninglaser.de,Rene Henning - Präzisions- Laserschweissen- Beschriften
schlosserhandwerk,edelstahl-jansen.de,Edelstahl Jansen GmbH & Co KG
schlosserhandwerk,juelch.de,Jülch Bauschlosserei GmbH
schlosserhandwerk,denip.cz,Denip - Vollständige Blechbearbeitung
schlosserhandwerk,zaeune-web.de,Zaeune Kortis
schlosserhandwerk,alu-mueller.net,Aluminiumveredelung vom Profi
schlosserhandwerk,az-industrie.de,AZ-Industrie
schlosserhandwerk,pfeffer-franz.de,Pfeffer Franz -Bau und Kunstschlosserei
schlosserhandwerk,bontenbroich.de,Bontenbroich GmbH
schlosserhandwerk,ses-schulze.de,Schlosserei & Eisenwarenhandel Schulze & Sohn GmbH
schlosserhandwerk,kessel-gmbh.com,Hans Kessel GmbH
schlosserhandwerk,gredel-griffe.de,Gredel Söhne GmbH
schlosserhandwerk,behrens-blech.de,Behrens Blechbearbeitung
schlosserhandwerk,potratzmetall.de,Volker Potratz Metallverarbeitung GmbH
schlosserhandwerk,schlosserei-bodack.de,www.schlosserei-bodack.de
schlosserhandwerk,creativhouse.de,Creativhouse GmbH - Kreativität in Edelstahl
schlosserhandwerk,fechner-zerspanung.de,www.fechner-zerspanung.de
schlosserhandwerk,gravtec.de,GRAVTEC Holger Kleine - Ihr Schlüsseldienst in Bergneustadt
schlosserhandwerk,dalbeck-gmbh.de,August Dalbeck GmbH
schlosserhandwerk,schlosserei-hagen.de,Kunst & Bauschlosserei N. Lüdtke GmbH
schlosserhandwerk,schmiedewerk.de,Schmiedewerk
schlosserhandwerk,diebauschlosser.de,H&S DIEBAUSCHLOSSER GmbH
schlosserhandwerk,metalldax.de,MetallDax GmbH
schlosserhandwerk,rotec-berlin.de,rotec GmbH Berlin Langrehr & Co
schlosserhandwerk,schlosserei-wilden.de,Schlosserei Dieter Wilden GmbH
schlosserhandwerk,haeberle-laser.de,Häberle Laser- und Feinwerktechnik GmbH
schlosserhandwerk,xaver-mak.de,Xaver Mak GmbH
schlosserhandwerk,edform.de,Edgar Funktionelle Form GmbH
schlosserhandwerk,mw-graf.de,Metallwerkstatt Graf
schlosserhandwerk,jega.de,JEGA - Die besondere Schlosserei
schlosserhandwerk,muehlenbau-bahnsen.de,Bahnsen & Sohn Mühlenbau u. Zimmerei GmbH & Co. KG
schlosserhandwerk,edelstahl-kiel.de,cronimo Edelstahl Manufaktur Kiel
schlosserhandwerk,medam.gmbh,Jürgen Medam GmbH
schlosserhandwerk,loll-feinmechanik.de,Loll-Feinmechanik
schlosserhandwerk,aluminiumzaun.de,Stargate - Zäune und Tore
schlosserhandwerk,nachbur.ch,Ernst Nachbur AG
schlosserhandwerk,metallexperten.de,MEOS GmbH - die Metallexperten aus Kiel
schlosserhandwerk,schlosserei-wolff.de,Schlosserei Wolff GmbH
schlosserhandwerk,blechwerkstatt.de,Blechwerkstatt Matthias Weber
schlosserhandwerk,hedemann-technik.de,Hedemann Technik GmbH
schlosserhandwerk,luebbers-metall.de,Schlosserei Lübbers
schlosserhandwerk,gust-schlosserei.at,Gust Schlosserei - Eisen-Metall-Tore-Zäune-Edelstahl-Alu
schlosserhandwerk,decowelding.de,Schweißarbeiten OHZ - Nils Röhl Deco Welding
schlosserhandwerk,flaboform.com,FLABOFORM Nolte GmbH
schlosserhandwerk,behrens-landtechnik.de,Behrens Landtechnik GmbH
schlosserhandwerk,willi-krohn.de,Willi Krohn GmbH
schlosserhandwerk,metallbearbeitung-heil.de,Metallbearbeitung Heil GmbH
schlosserhandwerk,linnemann-landtechnik.de,Linnemann Landtechnik
schlosserhandwerk,schmiede-tappmeyer.de,Friedrich Tappmeyer Schmiede und Schlosserei OHG
schlosserhandwerk,schaefer-mv.de,J.W.Schaefer Metallverarbeitung GmbH & Co. KG
schlosserhandwerk,jaspers-gmbh.com,Jaspers Rohrleitungsbau GmbH
schlosserhandwerk,firmengruppe-koenigshoven.de,Schlosserei Königshoven
schlosserhandwerk,fcueberdachungsbau.de,FC Überdachungsbau - Cyzycki + Sikorski OHG
schlosserhandwerk,iwe-greifswald.de,"iwe GmbH & Co. KG, Aluminiumschaum Werkstoffprüfung Leichtbau Sandwiches"
schlosserhandwerk,aufzugtechnik-weber.de,Aufzugtechnik Weber GmbH
schlosserhandwerk,bs-metalltechnik.de,bs metalltechnik GmbH
schlosserhandwerk,metall-froebel.de,Fröbel Metal Specialists GmbH
schlosserhandwerk,herold-lahr.de,"Herold Lahr, Herstellung und Vertrieb von Stempel, Gravuren, Schilder, Pokale, Zinn"
schlosserhandwerk,schmiede-koepke.de,Schmiede-Köpke
schlosserhandwerk,raum-areal.de,RAUM und AREAL Geländersysteme RAG GmbH
schlosserhandwerk,josef-renn-gmbh.de,Josef Renn GmbH – Pulverbeschichtungen & Metallverarbeitung
schlosserhandwerk,schmiede-radsack.de,Schmiede Radsack
schlosserhandwerk,bauschlosserei-roensch.de,Bauschlosserei Carsten Rönsch - Ihr Metallfachmann aus Berlin-Weißensee
schlosserhandwerk,edelstahlboerse.de,Edelstahlbörse
schlosserhandwerk,rettenberger.com,Rettenberger Metallveredelung
schlosserhandwerk,wissinghartchrom.de,Wissing Hartchrom GmbH
schlosserhandwerk,rohrleitungs-anlagenbau.com,RAW Witt GmbH
schlosserhandwerk,spillbarrier.com,Anhamm - Rückhaltesysteme
schneiderhandwerk,zaurins-tailor.de,Zaurins the Tailor Herrenschneider Maßschneider  Maßkonfektion
schneiderhandwerk,christinapape.de,Christina Pape - Paramente und mehr
schneiderhandwerk,schneiderei-hamburg.de,Schneiderei-Atelier GAJUR
schneiderhandwerk,hochzeitshaus.net,Das Hochzeitshaus in Bayern
schneiderhandwerk,schneiderei-burscheid.de,Schneiderei Burscheid
schneiderhandwerk,atelier-rizos.de,Atelier-Rizos – Schneidermeister in Wetter (Ruhr)
schneiderhandwerk,lianes-kostuemart.com,Maßschneiderei Lianes Kostüm Art - Liane Gramsch-Rudolph
schneiderhandwerk,schneiderei-harz.de,MaßSchneiderei Irmtraud Bayrhammer
schneiderhandwerk,michel-bekleidungsmanufaktur.de,MICHEL Bekleidungsmanufaktur GmbH
schneiderhandwerk,schneiderei-tatusch.de,K. Tatusch Maß- und Änderungsschneiderei
schneiderhandwerk,online-aenderungsschneiderei.de,Aenderungsschneiderei
schneiderhandwerk,dirndl-tracht-tradition.de,Chiemgauer Heimatwerk Gabriele Herrmann
schneiderhandwerk,karolinas-schneiderhandwerk.de,Schneiderei Karolina Steidle & Nählinchen
schneiderhandwerk,leder-reparatur.de,Spezialwerkstatt für Leder- und Motorradbekleidung
schneiderhandwerk,barbara-corbet.de,Barbara Corbet-index
schneiderhandwerk,anzugfrech.de,Klaus Frech - Schneidermeister in Hamburg
schneiderhandwerk,aull.de,Maßbekleidung im Home-Service vom Schneider Aull
schneiderhandwerk,reber-mode.de,Reber-Mode - Sigmaingen-Ehningen
schneiderhandwerk,schneidermeister-rumberg.de,Schneidermeister Carsten Rumberg
schneiderhandwerk,brigitte-eppinger.de,Brigitte Eppinger - Damenschneidermeisterin
schneiderhandwerk,ihr-mass-schneider.de,Maßatelier Rudolph
schneiderhandwerk,handgefertigte-massanzuege.de,handgefertigte massanzüge
schneiderhandwerk,pollsiri.at,Modeatelier Pollsiri
schneiderhandwerk,tailormadesuits.de,TailormadeSuits – Maßkleidung
schneiderhandwerk,stoffundstein.de,Atelier Stoff & Stein
schneiderhandwerk,mbstylemuenchen.de,MBStyle München - Modeatelier und Maßschneiderei
schneiderhandwerk,willi-fischer-muenchen.de,Willi Fischer - Der Schneider am Dom
schneiderhandwerk,mode-waltrop.de,Modeatelier M. Granzner-Sueshardt
schneiderhandwerk,schneiderei-mannheim.de,Bernd Agne
schneiderhandwerk,modewerkstatt-rathgeb.de,Schneiderei in Abtsgmünd - Modewerkstatt Rathgeb
schneiderhandwerk,angela-ziemer.de,Modemacherin Angela Ziemer
schneiderhandwerk,karnevalesque.de,Karnevalesque - Karnevalsschneiderei Köln
schneiderhandwerk,stoffgfui.de,Stoffgfui – Trachtenschneiderei Rothbucher
schneiderhandwerk,massanzug.biz,Stephan Görner Maßschneider
schneiderhandwerk,nadel.hdh-suedheide.de,"Marianne Kessler- Änderungsschneiderei für Damen, Herren und Kinder."
schneiderhandwerk,schneiderei-schliesser.de,Maßatelier Schließer
schneiderhandwerk,der-massanzug.com,Atelier am Spitäle - Wagner Maßkonfektion- Männermode- Herrenausstatter
schneiderhandwerk,gandiva.eu,Gandiva - Historische Kostüme
schneiderhandwerk,masz-mode.de,Maß & Mode Andrea Jäger
schneiderhandwerk,ehrenhoefer.com,Schneiderei Anneliese Ehrenhöfer
schneiderhandwerk,suenne-lindenthal.de,Sünne Lindenthal - Maßschneiderei auf Gut Oppendorf - Kiel
schneiderhandwerk,modeatelier-inge.de,Modeatelier Inge Szoltysik
schneiderhandwerk,mcm-collection.de,MCM-Collection Mannheim - Massatelier Christa Mehr
schneiderhandwerk,koelnerkostuemwerkstatt.de,Kostümverleih in Köln in der Kölner Kostümwerkstatt
schneiderhandwerk,modeatelier-brodbeck.de,Modeatelier Birgit Brodbeck
schneiderhandwerk,modewerkstatt-sl.de,Modewerkstatt Susanne Landis
schneiderhandwerk,modemacherin.de,"Manuela Ittner Modemacherin in Nürnberg- Maßschneiderei, Unikate in Stoff und Leder."
schneiderhandwerk,saumselig.de,saumselig Kleiderwerkstatt
schneiderhandwerk,reiser-manufaktur.de,Reiser Manufaktur
schneiderhandwerk,aenderungsschneiderei-hamburg.de,Änderungsschneiderei
schornsteinbau_Feuerfestbau,kamine-nb.de,Kamin- und Schornsteinbau Brückner GmbH
schornsteinbau_Feuerfestbau,feuerungsbau-saar.de,Eckardt & Hotop GmbH
schornsteinbau_Feuerfestbau,toelke-feuerfest.de,Wilhelm Tölke GmbH und Co. KG
schornsteinbau_Feuerfestbau,mueller-schornsteinbau.de,"Müller Schornsteinbau GmbH - Beratung, Fertigung und Montage"
schornsteinbau_Feuerfestbau,kus-schornsteine.de,K.U.S. Schornsteinsanierung & Umwelttechnik-Vertriebs GmbH
schornsteinbau_Feuerfestbau,kaminsanierung-team.at,Kaminsanierung: Fachbetrieb sichert Ihr Heim
schornsteinbau_Feuerfestbau,goetz-schornsteinbau.de,Götz GmbH & Co. KG - Schornsteinbau & Abgastechnik
schornsteinbau_Feuerfestbau,reitec-schornstein.de,Rei-Tec Schornsteintechnik
schornsteinbau_Feuerfestbau,eichl-kamin.de,EICHL-Kamin Gmb
schornsteinbau_Feuerfestbau,neitzel-gmbh.de,K. Neitzel GmbH Schornsteinbau
Schuhgeschäft,anika-schuh.de,Anika-Schuhhandels GmbH
Schuhgeschäft,playshoes.de,Playshoes GmbH
Schuhgeschäft,afs-schuhe.de,AFS Freizeitschuhfabrik GmbH
Schuhgeschäft,schuhhaus-theobald.de,Theobald
Schuhgeschäft,schuhprofi-backnang.de,Schuh-Boss GmbH
Schuhgeschäft,schuhhaus-kappler.de,Kappler
Schuhgeschäft,barfuessler.com,Barfüßler
Schuhgeschäft,tanzschuhe-meckenbeuren.de,Hertsch Gerd Tanzschuh-EinzelHdl.
Schuhgeschäft,auftritt-gutgehen.de,"aufTritt GmbH Demand, Martin und Dorothee"
Schuhgeschäft,tanzschuhe-kaufen.de,Multimarkt-World Tanzschuhverkauf
Schuhgeschäft,schuhhaus-leopold.de,Karl-Heinz Leopold
Schuhgeschäft,schuh-schweizer.de,BCT Schuhhandel GmbH
Service & Personal - Alten- und Krankenpflege,www-blaumann-trier.de,blaumann Personaldienstleistungen Eva-Marie Hallfell GmbH
Service & Personal - Call-Center,emprego-ug.de,emprego Unternehmergesellschaft
Service & Personal - Call-Center,ophono.de,Ophono
Service & Personal - Call-Center,flatron.de,Flatron LTD
Service & Personal - Finanzen,raschuldnerberatung.de,RA Schuldnerberatung Hamburg
Service & Personal - Finanzen,schuldnerberatungnrw.de,Schuldnerberatung Nordrhein-Westfalen
Service & Personal - Finanzen,insolvenzanwalt-karlsruhe.de,Advosolve Fachanwalt für Insolvenzrecht Rainer-Manfred Althaus
Service & Personal - Finanzen,fleetcor.de,FleetCor Deutschland GmbH
Service & Personal - Finanzen,kredite-umschulden.eu,Reuschling & Weis GmbH - Kredite Umschulden
Service & Personal - Finanzen,xn--gebudeversicherungen-dzb.org,gebäudeversicherungen.org
Service & Personal - Finanzen,libra-invest.de,Libra-Invest GmbH
Service & Personal - Finanzen,der-schuldnerschutz.de,Der Schuldnerschutz e.V. - Schuldnerberatung Braunschweig
Service & Personal - Finanzen,lohnoptimierung-handwerker.de,LohnOptimo GmbH
Service & Personal - Finanzen,kiel-haus-verkaufen.de,Haus verkaufen in Kiel
Service & Personal - Finanzen,baufinanzierung-niederbayern.de,Gerd Raabe Versicherungsmakler GmbH
Service & Personal - Finanzen,haus-kaufen-ohne-eigenkapital.de,Reuschling & Weis - Haus kaufen ohne Eigenkapital
Service & Personal - Finanzen,ra-schuldnerberatung.de,RA Schuldnerberatung - Rechtsanwälte Hofmann Schewtschenko
Service & Personal - Finanzen,versicherungsmakler-wega.de,WEGA Finanz- & Versicherungsmakler
Service & Personal - Finanzen,teilverkauf-haus-alternative.de,Hausguthaben - eine Marke von Easyfinanzierung24
Service & Personal - Finanzen,immobilienmakler-laboe.de,Immobilienmakler in Laboe
Service & Personal - Finanzen,versicherungsmakler-niederbayern.de,Gerd Raabe Versicherungsmakler GmbH
Service & Personal - Finanzen,online-immobewerter.de,Immobilienbewertung in Kiel
Service & Personal - Finanzen,kiel-wohnung-verkaufen.de,Kiel Wohnung verkaufen
Service & Personal - Finanzen,schuldnerberatung-bergedorf.de,Schuldnerberatung in Bergedorf
Service & Personal - Finanzen,schuldnerberatung-insolvenz.de,RA Schuldnerberatung in Stralsund
Service & Personal - Finanzen,meine-finanzanalyse.de,Wirtschaftsdienst WITUCKI
Service & Personal - Finanzen,adn-schuldnerberatung.de,ADN Schuldnerberatung Hamburg
Service & Personal - Kommunikationstechnik,trotec-leipzig.de,Trotec-Leipzig.de
Service & Personal - Kommunikationstechnik,werbeflat.info,werbeflat.info
Service & Personal - Reparaturen,laptop-reparatur-muenchen.de,speed IT Oliver Nossack
Service & Personal - Schlüsseldienst,schluesseldienstduesseldorf.de,Schlüsseldienst Düsseldorf
Service & Personal - Schlüsseldienst,schluesseldienstbochum.de,Schlüsseldienst Bochum
Service & Personal - Schlüsseldienst,xn--schlsselnotdienst-dresden-iwc-obd.de,Schlüsseldienst Dresden
Service & Personal - Schlüsseldienst,sesam-schluesseldienst.de,Schlüsseldienst Sesam
Service & Personal - Schlüsseldienst,schluesseldienst-hakenfelde.de,Schlüsseldienst Hakenfelde GbR
Service & Personal - Schlüsseldienst,erbse-hamburg.de,Schlüsseldienst Hamburg Erbse
Service & Personal - Schlüsseldienst,xn--schlsseldienstdsseldorf-fpcl.de,Schlüsseldienst Düsseldorf
Service & Personal - Schlüsseldienst,schlusseldienst-elmshorn-flink.business.site,Schlüsseldienst Elmshorn | Flink
Service & Personal - Sonstiges,laufhaus-escort-wien.at,Regenbogenmedia Gmbh
Service & Personal - Sonstiges,schluesseldienst-kugel.de,Schlï¿½sseldienst Kugel Sperr-und Sicherungstechnik
Service & Personal - Sonstiges,kmr-lvp.de,KMR Lohnverpacker GbR
Service & Personal - Sonstiges,schuldnerberatunghamburg.com,Schuldnerberatung Hamburg
Service & Personal - Sonstiges,blackandwhite-ansbach.de,Salon Black and White
Service & Personal - Sonstiges,supervision-berlin-brandenburg.com,Supervision Berlin Brandenburg
Service & Personal - Sonstiges,personalberatung-recruiting.de,SKILLs HR Experts GmbH
Service & Personal - Sonstiges,holzwurm-hausbock-bekaempfen.de,Parisek saniert GmbH und Co. KG
Service & Personal - Sonstiges,hardyinternational.com,Hardy International Translation
Service & Personal - Sonstiges,mhs-serviceunternehmensgruppe.de,MHS-Serviceunternehmensgruppe
Service & Personal - Sonstiges,personalberatung-bonn.com,Personalberatung Baumeister - Executive Search | Professional Search
Service & Personal - Sonstiges,2i2s.de,2i2s Unternehmensberatung GmbH
Service & Personal - Sonstiges,haarer-kaupp.de.tl,Haarer-kaupp-Dienstleistungen
Service & Personal - Sonstiges,psychologische-beratung-aargau.ch,Raabe Coaching Praxis für Persönlichkeitsentwicklung
Service & Personal - Urlaubsvertretung,guido-d.de,Fa. Guido Duske Kurier-/Kleintransporte
Service & Personal - Urlaubsvertretung,breno-kurier.de.to,BreNo-Kurier-Bremen
Service & Personal - Vermittlungsgeschäfte,curt-versichert.de,Curt versichert - Freier Versicherungsmakler Leipzig
Service & Personal - Vermittlungsgeschäfte,versicherungsagentur.ruhr,Versicherungsagentur Ruhr
Service & Personal - Vermittlungsgeschäfte,alibax.com,ALIBAX Personalservice & Dienstleistungen
Service & Personal - Vermittlungsgeschäfte,connec-personal.de,connec personal
Service & Personal - Vermittlungsgeschäfte,umzugspartner-europa.de,Umzugspartner-Europa
Sonstige Dienstleistungen,bfw-geissler.de,BFW Geissler GmbH
Sonstige Dienstleistungen,bunt-macht-spass.de,Peter Böll GmbH
Sonstige Dienstleistungen,firma-emmert.de,Baggerbetrieb Emmert
Sonstige Dienstleistungen,buehrer-mannheim.de,Bührer GmbH Bernd u. Thomas Bührer
Sonstige Dienstleistungen,dier-tiefbau.de,Dier Kurt
Sonstige Dienstleistungen,kult-bau.de,Kult
Sonstiges - Sonstiges,stecker-express.de,Stecker Express GmbH
Sonstiges - Sonstiges,astrologie-lebensberatung-kartenlegen.de,Woermann Onlinevertrieb Tanja Wörmann
Sonstiges - Sonstiges,arbeitsrechtrechtsanwaelte.de,Arbeitsrecht Rechtsanwälte Prof. Dr. Michael Kaufmann
Sonstiges - Sonstiges,immovernunft.de,ImmoVernunft GmbH
Sonstiges - Sonstiges,bl-feuerwehrbedarf.de,B.L.FEUERWEHRBEDARF
Sonstiges - Sonstiges,wasserstrahlschneider-haertel.de,Härtel Laser + Wasser GmbH & Co. KG
Sonstiges - Sonstiges,ubc-collection.com,Collection Business Centers GmbH
Sonstiges - Sonstiges,praemiensystem-mitarbeitermotivation.de,LohnOptimo GmbH Prämiensystem
Sonstiges - Sonstiges,die-auktionsprofis.de,DIE AUKTIONSPROFIS Ostermayer & Dr. Gold GbR
Sonstiges - Sonstiges,zwangsversteigerung-verhindern.net,Reuschling & Weis GmbH
Sonstiges - Sonstiges,officeteam24.de,OfficeTeam24
Sonstiges - Sonstiges,masseeds.de,MAS Seeds Germany
Sonstiges - Sonstiges,h-ortmeier.de,Ortmeier Maschinen- und Vorrichtungsbau GmbH & Co. KG
Sonstiges - Sonstiges,sas-chauffeurservice.de,SAS Exclusive Chauffeur Service
Sonstiges - Sonstiges,bestattungsinstitut-schmid.de,Schmid Bestattungen GmbH & Co KG
Sonstiges - Sonstiges,allroundservice.cms4people.de,Hoffmann\\\'s @llround Service
Sonstiges - Sonstiges,softeq.com,Softeq Development GmbH
Sonstiges - Sonstiges,weidner-roessler.de,Weidner & Rößler Rechtsanwälte
Sonstiges - Sonstiges,mingers-kreuzer.de,Rechtsanwälte Mingers & Kreuzer
Sonstiges - Sonstiges,beamten-infoportal.de,Medieon 24 GmbH
Sonstiges - Sonstiges,blitz-breuberg.de,Blitz
Sonstiges - Sonstiges,instawerk.de,INSTAWERK
Sonstiges - Sonstiges,anbosa.de,anbosa Personaldienstleistungen GmbH
Sonstiges - Sonstiges,arbeitsrecht-anwalt-koch.de,Fachanwalt für Arbeitsrecht Thomas Koch
Sonstiges - Sonstiges,alpenimmobilien.de,Alpenimmobilien
Sonstiges - Sonstiges,euro-inkasso.de.tl,Euro-Inkasso         die erste Online-Inkasso in Baden-Württemberg
Sonstiges - Sonstiges,wiel.org,WIEL Filmproduktion
Sonstiges - Sonstiges,aquasafe.de,AQUASAFE GmbH
Sonstiges - Sonstiges,bbuf.net,Unternehmensberatung Fischer Uwe
Sonstiges - Sonstiges,zertifizierung-halal.eu,HQC Halal quality control GmbH
Sonstiges - Sonstiges,ermittle.de,Tobias Würflein Andreas Litwinowicz GbR
Sonstiges - Sonstiges,wohlfuehleninordnung.de,Silvia Müller Ordnungscoach - Wohlfühlen in Ordnung
Sonstiges - Sonstiges,kostenlose-immobilienbewertung-hamburg-nord.de,DAHLER & COMPANY Halstenbek/Rellingen
Sonstiges - Sonstiges,burnhard.de,BURNHARD Showroom Grillgarage
Sonstiges - Sonstiges,lindhorst-gruppe-naturerbe.de,https://www.lindhorst-gruppe-naturerbe.de
Sonstiges - Sonstiges,bbt-biotech.com,BBT Biotech
Sonstiges - Sonstiges,rapunzel-fuerth.de,Rapunzel. e.V.
Sonstiges - Sonstiges,sl-intensivecare.de,SL Intensive Care
Sonstiges - Sonstiges,zulassungsdienst-herne-wanne.de,KFZ Zulassungsdienst Herne-Wanne
Sonstiges - Sonstiges,coachingberlin.com,Coaching Berlin
Sonstiges - Sonstiges,fluhar.de,Fluhar Metall-Blechverarbeitung
Sonstiges - Sonstiges,vertriebspartner-direktvertrieb.de,Die Erfolgsmacher UG (haftungsbesschränkt)
Sonstiges - Sonstiges,unabhaengiges-vergleichsportal.de,Vergleichsportal für Urlaubsreisen & Versicherungen
Sonstiges - Sonstiges,buettner-oekoservice.de,B
Sonstiges - Sonstiges,urnengeschaft.de,URNENGESCHÄFT.
Sonstiges - Sonstiges,holdeineplakette.de,HolDeinePlakette.de - HAS4 Technologies Nürnberg GmbH
Sonstiges - Sonstiges,dienstleistung-leipzigonline.de,Dienstleistung Quaas
Sonstiges - Sonstiges,gmp-inspection.com,GMP-inspection.com
Sonstiges - Sonstiges,clm-rechtsanwaelte.de,CLM Rechtsanwälte
Sonstiges - Sonstiges,yektat.de,Yektat
Sonstiges - Sonstiges,forex-autopilot.eu,Forex-Autopilot.EU
Sonstiges - Sonstiges,insolvenzanwalt-heidelberg.de,Advosolve Fachanwalt für Insolvenzrecht Rainer-Manfred Althaus
Sonstiges - Sonstiges,anwalt-bussgeldverfahren.de,Kanzlei Dr. Boris Klug
Sonstiges - Sonstiges,classicanova.com,CLASSICA NOVA GmbH & Co.KG Hotel- und Objekteinrichtungen
Sonstiges - Sonstiges,grafbruehl.info,Graf Brühl Versicherung Stuttgart
Sonstiges - Sonstiges,next-ventures.com,Next Ventures GmbH
Sonstiges - Sonstiges,iv-regensburg.com,IV Real Estate Regensburg GmbH
Sonstiges - Sonstiges,versicherungsmakler-leistenschneider.de,Eric Leistenschneider
Sonstiges - Sonstiges,debus-gmbh.de,DEBUS Druckluft-Vakuumtechnik GmbH
Sonstiges - Sonstiges,kredit-xl.de,Kredit XL
Sonstiges - Sonstiges,rechtsanwaeltekroeger.de,Anwaltskanzlei Kröger Ibbenbüren
Sonstiges - Sonstiges,radrstoklossa.de,Anwaltskanzlei Dr. Ulrich Walter Stoklossa
Sonstiges - Sonstiges,filmproduktion-sachsen.com,WIEL Filmproduktion Sachsen
Sonstiges - Sonstiges,kostenlose-immobilienbewertung-kreis-pinneberg.de,DAHLER & COMPANY Pinneberg
Sonstiges - Sonstiges,baudienstleister-lausitz.de,Der Baudienstleister
Sonstiges - Sonstiges,sw-immogroup.de,SW.ImmoGroup - Immobilien und HomeStaging
Sonstiges - Sonstiges,thesquaire-conference.com,Plug and work Frankfurt THE SQUAIRE Conference Center
Sonstiges - Sonstiges,auftragportal.de,av-servicebüro
Sonstiges - Sonstiges,mw-systeme.com,MW Systeme
Sonstiges - Sonstiges,kredit1a.de,Bavaria Finanz Service
Sonstiges - Sonstiges,escort-wien-kitzbuehel.at,Special Entertainment Services LTD
Sonstiges - Sonstiges,single-flirt-chat.de,Woermann Onlinevertrieb
Sonstiges - Sonstiges,mein-goldener-heiratsantrag.de,Floralis Novalis
Sonstiges - Sonstiges,lessiter.de,Schuldnerberatung Lessiter Waiblingen
Sonstiges - Sonstiges,liebesmeer.de,LiebesMeer
Sonstiges - Sonstiges,filmproduktion-halle.de,WIEL Filmproduktion Halle
Sonstiges - Sonstiges,autoinhaltsversicherung-online.de,Generalagentur der Mannheimer Versicherung AG
Sonstiges - Sonstiges,hauptuntersuchung-nuernberg.de,HolDeinePlakette.de - HAS4 Technologies Nürnberg GmbH
Sonstiges - Sonstiges,p11-ra.de,p11 Rechtsanwälte GbR
Sonstiges - Sonstiges,telefonsex-fetisch-domina.de,Dirty Cams ® UG (haftungsbeschränkt)
Sonstiges - Sonstiges,searchandtrain-unternehmensberatungberlin.de,Search und Train Unternehmensberatung
Sonstiges - Sonstiges,sawall-immobilien.de,Sawall Immobilienmakler Berlin
stellenmarkt,aktuelle-jobs.de,Aktuelle-Jobs.de
stellenmarkt,cesar.de,Stellenangebote und Jobs
stellenmarkt,serviceline-online.de,serviceline Verwaltungs GmbH
stellenmarkt,content.de,content.de Aktiengesellschaft
stellenmarkt,randstad.de,Randstad Deutschland GmbH & Co. KG
stellenmarkt,erp-stellenmarkt.de,ERP Stellenmarkt
stellenmarkt,ingenieurweb.de,Jobbörse für Ingenieure und technische Fachkräfte
stellenmarkt,manpower.de,Manpower GmbH & Co. KG
stellenmarkt,meinestellenboerse.de,Stellenmarkt Meinestellenboerse.de
stellenmarkt,kirsch-personal.de,Kirsch GmbH Personalmanagement
stellenmarkt,agenturmarypoppins.de,Agentur Mary Poppins
stellenmarkt,jobs.de,Jobangebote bei JobScout24 - CareerBuilder Germany GmbH
stellenmarkt,personalagentur-auxilium.de,Personalagentur Auxilium
stellenmarkt,hit-personal.de,HIT Personaldienstleistungen GmbH
stellenmarkt,jobanzeigen.de,Jobanzeigen.de - classmarkets GmbH
stellenmarkt,jobticket.de,JobTicket Personalrecruiting GmbH
stellenmarkt,industrystock.de,IndustryStock - Jobangebote
stellenmarkt,monster.de,Monster Worldwide Deutschland GmbH
stellenmarkt,regensburgjobs.de,regensburgjobs.de
stellenmarkt,jobmagazin.de,Job Magazin Onlinebörse Stellenmarkt Jobs
stellenmarkt,jobrobot.de,JobRobot- Internet Stellenangeboten!
stellenmarkt,convigo.de,Convigo GmbH - Stellenangebote
stellenmarkt,stepstone.de,StepStone Deutschland GmbH
stellenmarkt,monster.ch,Monster Worldwide Switzerland AG
stellenmarkt,absolventa.de,Jobbörse ABSOLVENTA - FUNKE Works GmbH
stellenmarkt,stelleninserate.de,Janes Agentur GmbH & Co. KG
stellenmarkt,activepersonal.ch,Active.personal GmbH
stellenmarkt,getworks.de,GETWORKS GmbH
stellenmarkt,pharmajobs.com,www.pharmajobs.com
stellenmarkt,akustiker-jobs.info,Hörwelt Jana Ritter
strassenbau,abel-tiefbau.de,Werner Abel Tiefbau GmbH
strassenbau,asphaltservice.de,Asphaltservice Q GmbH
strassenbau,strassenbau-uetz.de,Straßenbau Uetz GmbH
strassenbau,asbe-strassenbau.de,AS+BE Asphalt- und Betonstraßenbau GmbH
strassenbau,wl-argus.de,ARGUS Straßenbau GmbH & Co. KG
strassenbau,heim-live.de,Heim Infrastrukturbau GmbH
strassenbau,neumann-strassenbau.de,D.W. Neumann Straßenbau GmbH
strassenbau,stw-hamm.de,STW GmbH & Co. KG
strassenbau,eurovia.de,VINCI Construction GmbH
strassenbau,ueckert-strassenbau.berlin,Ueckert Straßenbau GmbH in Berlin
strassenbau,muellerstrassenbau.eu,Clemens Müller GmbH & Co. KG
strassenbau,zehnder-strassenbau.de,Strassenbau Zehnder GmbH
strassenbau,strassenbau-tellers.de,Werner Tellers Straßenbau GmbH
strassenbau,hesse-gbr.de,Hesse GbR
strassenbau,abf-strassenbau.de,ABF Straßenbau GmbH
strassenbau,adolf-widdig.de,Adolf Widdig Asphalt- und Straßenbau GmbH
strassenbau,paulus-strassenbau.de,Paulus Straßenbau GmbH
strassenbau,walter-strassenbau.de,Walter Straßenbau KG
strassenbau,heberle-strassenbau.de,Heberle Straßenbau GmbH
strassenbau,moser-strassenbau.de,Josef Moser Straßenbau GmbH & Co. KG
strassenbau,august-simons.de,August Simons Asphalt- u. Straßenbau GmbH & Co.KG
strassenbau,asr-rems.de,ASR - Asphalt- und Straßenbau GmbH
stukkateurhandwerk,gipser-siedler.de,Gipsergeschäft Siedler GmbH
stukkateurhandwerk,stuckateur-lagaipa.de,Stuckateur Antonio La Gaipa
stukkateurhandwerk,bs-stuck.de,BS-Stuckateur Meisterbetrieb GbR
stukkateurhandwerk,stuckateur-schnuch.de,Schnuch Stuckateurmeister
stukkateurhandwerk,stuck-reischuck.de,Ingo Reischuck Stuckateurmeister GmbH
stukkateurhandwerk,stuckateur-hilt.de,Holger Hilt GmbH & Co. KG
stukkateurhandwerk,hhhuerth.de,Hans-Hermann Hürth - Stuckateurmeister und gepr. Restaurator
stukkateurhandwerk,toews-nachfolger.de,Toews Nachfolger GmbH
stukkateurhandwerk,stuck-weck.de,Stuck & Akustik Weck GmbH
stukkateurhandwerk,wagnerstuck.de,Stukkateurmeister Michael Wagner
stukkateurhandwerk,abputz.de,AB-Putz & Stuck GmbH
stukkateurhandwerk,hompesch-putz.de,Hompesch Putz GmbH
stukkateurhandwerk,andersgeartet.de,andersgeARTet Stuckateurmeister Florian Hesse GmbH
stukkateurhandwerk,stuck-werner.de,O. Werner und Söhne - Stuckgeschäft und Gipsereibetrieb
stukkateurhandwerk,sebastian-rost.de,Sebastian Rost - Meister und Restaurator im Stuckateurhandwerk GmbH
stukkateurhandwerk,stuckateur-klamser.de,Putz- und Stuckgeschäft OLIVER KLAMSER
stukkateurhandwerk,atriastucco.de,Atria Stucco
stukkateurhandwerk,petermaier-verputz.de,Petermaier Verputz GmbH
stukkateurhandwerk,sachs-stuck.de,Sachs GmbH
stukkateurhandwerk,scholl-stuck.de,Scholl Stuckateur GmbH
stukkateurhandwerk,allputz.de,Allputz GmbH - Ihr Meisterbetrieb
stukkateurhandwerk,plm-stuck.de,PLM Stuck und Putz GmbH
stukkateurhandwerk,jacobistuck.de,Jacobi Stuck und Bau GmbH
stukkateurhandwerk,kirchen-stuckateur.de,Kirchen Stuckateurmeister – Erik Christian Kirchen
stukkateurhandwerk,stuckateurbetrieb-schneider.de,Stuckateur Schneider
stukkateurhandwerk,hubert-boehm.de,Hubert Böhm GmbH
stukkateurhandwerk,bauwerk-berlin.com,HBS Bauwerk GmbH
stukkateurhandwerk,natuerlich-putz.de,Stuckateurmeisterbetrieb Sascha Lahme
stukkateurhandwerk,schmitz-putz.de,Bernd Schmitz: Stuckateurmeister
stukkateurhandwerk,cw-stuck.de,Stuckateurmeisterbetrieb Christian Weyand
stukkateurhandwerk,hampel-gmbh.com,"Stuckateur, Gipser - Hampel GmbH - Neu-Ulm, Ulm"
stukkateurhandwerk,stuckateur-will.de,www.stuckateur-will.de
stukkateurhandwerk,mu-ku.de,MUNZ   KURZ OHG
stukkateurhandwerk,stuck-putz-oligschlaeger.de,Stuckateurmeister Ralf Oligschläger
stukkateurhandwerk,biondo-stuck.de,Biondo GmbH
stukkateurhandwerk,stuck-weiler.de,"Christian Weiler, Putz- und Stucktechnik"
stukkateurhandwerk,stukkateur-stein.de,Stuckgeschäft Jürgen Stein
stukkateurhandwerk,stuckateur-herhoffer.de,Herhoffer GmbH  Stuckateurgeschäft
stukkateurhandwerk,stucknagel.de,Stuckateur Meisterbetrieb - Stuck Nagel GmbH
stukkateurhandwerk,decker-meisterputz.de,Stuckateurmeister Decker
stukkateurhandwerk,bb-stuckateure.de,Bard & Becker GmbH
stukkateurhandwerk,rapp-stuckateur.de,Stuckateur Rapp aus Schlat Kr. Göppingen- Ihr Partner rund ums Haus
stukkateurhandwerk,balustraden-web.de,Balustraden Kortis
stukkateurhandwerk,krotten.de,Alois Krotten Stuckateurbetrieb GmbH
stukkateurhandwerk,demino-stukkateur.de,Demino Stukkateur GmbH
stukkateurhandwerk,stukkateur-schilder.de,Vorpahl-Schilder GmbH Stuckateuermeisterbetrieb
stukkateurhandwerk,stuck-atelier.de,Stuck-Atelier Hans Georg Fabry
stukkateurhandwerk,stuck-dekor.de,STUCK-DEKOR hardt
stukkateurhandwerk,stuck-lembert.de,Stuckgeschäft Oliver Lembert
stukkateurhandwerk,rapp-stuck.de,Stuckateurfachbetrieb Michael Rapp
stukkateurhandwerk,klesen-stuck.de,Klesen Stuck GmbH – Ihr Stuckateur
stukkateurhandwerk,arnold-stuckateurmeister.de,Stuckateurbetrieb Martin Arnold
stukkateurhandwerk,stuck-dibke.de,Stuckateur Meisterbetrieb Köln - Putz & Stuck Dibke
stukkateurhandwerk,stucco-team.de,STUCCO Team GmbH
stukkateurhandwerk,thiel-verputz.de,Thiel Verputz GmbH
stukkateurhandwerk,gips-verputz-stuck.de,Gips Verputz Stuck GmbH
stukkateurhandwerk,antoni.com,Friedrich Antoni Stuckrestaurierungen GmbH
stukkateurhandwerk,stuckgewerbe.de,Friedrich P. Schuster Stukkateur GmbH & Co. KG
stukkateurhandwerk,addiklinkhammer.de,Addi Klinkhammer e.K. Stukkateurmeister Inh. Stefan Preuß
stukkateurhandwerk,kallenborn-stukkateur.de,Kallenborn Stukkateurbetrieb GmbH
textilpflegehandwerk,narziss-echo.de,Narziss & Echo GmbH
textilpflegehandwerk,ilm-waescherei.de,Ilm Wäscherei
textilpflegehandwerk,frauenlob-die-waescherei.de,"FRAUENLOB DIE WÄSCHEREI aus Wuppertal, NRW"
textilpflegehandwerk,xn--wschereischwan-5hb.de,Grosswäscherei Schwan H.&Ch.Quartier GmbH
textilpflegehandwerk,kleinewaescherei.de,Die kleine Wäscherei - Anja Knaup
textilpflegehandwerk,glosemeyer.de,Glosemeyer GmbH & Co. KG
textilpflegehandwerk,waesche-service-klausmann.de,Wäsche-Service Klausmann GmbH
textilpflegehandwerk,waescherei-wiesbaden.de,Wäscherei Sulzbach – der Waschbär oHG
textilpflegehandwerk,alpirsbacher-waesche.de,Alpirsbacher Wäsche-Service - F. Eberhard GmbH & Co. KG
textilpflegehandwerk,waeschereiroeder.de,Wäscherei Röder GmbH
textilpflegehandwerk,teppichprofi.de,TEPPICHPROFI - Teppichwäscherei
textilpflegehandwerk,waescherei-topf.de,WÄSCHEREI TOPF
textilpflegehandwerk,zerowash.de,ZER-O-WASH
textilpflegehandwerk,sitex.de,SITEX Textile Dienstleistungen Simeonsbetriebe GmbH
textilpflegehandwerk,textilservice-indlekofer.de,Indlekofer GmbH & Co. Wäscherei KG
textilpflegehandwerk,greif-mietwaesche.de,Mietwäsche - Greif Holding GmbH und Co. KG
textilpflegehandwerk,forstenhaeusler.de,Wäscherei Forstenhäusler GmbH
textilpflegehandwerk,waescherei-heidenreich.de,Wäscherei Heidenreich GmbH - München
textilpflegehandwerk,waescherei-hemmen.de,Wäscherei Hemmen GmbH
textilpflegehandwerk,waescherei-aschenbrenner.de,Wäscherei Aschenbrenner GmbH
textilpflegehandwerk,produm-clean.de,ProdumClean
textilpflegehandwerk,twc-grebe.de,TWC Grebe
textilpflegehandwerk,waescherei-trimpl.de,wäscherei trimpl regensburg
textilpflegehandwerk,waescheservice.de,Gall Wäscheservice Betriebs-GmbH
textilpflegehandwerk,waescherei-beu.de,Wäscherei Beu in Bonn
textilpflegehandwerk,ostfri.de,"OSTFRI, Ostfriesische Wäscherei"
textilpflegehandwerk,teppich-wasch-center.de,Teppich-Wasch-Center Bayern A. Kriwy GmbH
textilpflegehandwerk,teppichwaescherei-kohlhaas.de,Teppichwäscherei Kohlhaas
textilpflegehandwerk,waescherei-albert.de,Wäscherei Albert in Bad Kissingen
textilpflegehandwerk,waescherei-kutscher.de,Wäscherei Kutscher GmbH
Tierärzte,tierarztpraxis-liebaug.de,Tierärztliche Praxis Frank Liebaug
Tierärzte,vetmedi.de,Kebel Silke Dr.med.vet. Tierärztin
TLZ,thueringer-allgemeine.de,Thüringer Allgemeine - Lokalredaktion
toepferhandwerk,toepferei-zielinski.de,Die Keramik-Werkstatt in Berlin-Köpenick
toepferhandwerk,toepferei-corinna-post.de,Töpferei Corinna Post- Starnberger See
toepferhandwerk,toepferei-moses.de,www.toepferei-moses.de
toepferhandwerk,toepferei-weingarten.de,Schautöpferei Markus Weingarten
toepferhandwerk,keramikreiss.de,Töpferei am Brunnen
toepferhandwerk,andelshofen.de,Ceramic Creutzfeldt
toepferhandwerk,keramikwerkstatt-oswald.de,Keramikwerkstatt – Christina Oswald
toepferhandwerk,toepferei-dambeck.de,Töpferei Dambeck - Inhaber Eckhard Gregorowius
toepferhandwerk,mechthildschinnerling.de,Keramikwerkstatt Mechthild Schinnerling
toepferhandwerk,starkekeramik.de,Töpferei Starke  Starke Keramik
toepferhandwerk,keramikmanu-faktur.de,Keramik Manu(s) Faktur
toepferhandwerk,toepfermarkt.keramik-mo.at,www.toepfermarkt.keramik-mo.at
toepferhandwerk,toepferei.com,Töpferei Joglhof im Bayerischen Wald - Peter und Ellen Krempl
toepferhandwerk,ronastoepferbude.com,Ronas Töpferbude
toepferhandwerk,keramik-art.de,Töpferei Harry Busse
toepferhandwerk,keramik-schmitz.de,Töpferei Wilhelm Schmitz
toepferhandwerk,toepferei-kroener.de,Töpferei Kröner - Tina Trautvetter
toepferhandwerk,heinke-keramik.de,Oberlausitzer Keramik im Bunlauer Stil von Heinke-Keramik
toepferhandwerk,toepfermuehle.de,Möbisburger Töpfermühle Inh. Ute Kummer
toepferhandwerk,toepferei-koerner.de,Töpferei Körner
toepferhandwerk,brit-heide-keramik.de,Keramik - Brit Heide - Töpferei
toepferhandwerk,keramikgestaltung-benedek.de,Keramikgestaltung Viktoria Benedek
toepferhandwerk,andrea-doria-ev.de,Keramikwerkstatt andrea doria - andrea doria e.V.
toepferhandwerk,toepferei-froemel-buergel.de,Töpferei Antje Frömel
toepferhandwerk,keramik-im-tor.de,Keramik Im Tor - Rosi Binder
toepferhandwerk,die-kleine-toepferei.de,Die Kleine Toepferei
toepferhandwerk,toepferei-seiler.de,Töpferei Seiler
toepferhandwerk,toepfermeister.com,Keramische Werkstatt Ludwig Laser
toepferhandwerk,calmano-keramik.de,Keramikwerkstatt Calmano
toepferhandwerk,surel-keramik.de,Surel • Keramik - Tabea Surel
toepferhandwerk,keramik-werkhof.de,"Keramik-Werhof, Barth"
toepferhandwerk,hermans-keramik.de,"Töpferei G. und N. Hermans,Niederbayern"
toepferhandwerk,toepferei-barchmann.de,Töpferei Barchmann Puschwitz
toepferhandwerk,toepferkurse-becker.de,Lernort Töpferscheibe
toepferhandwerk,jakobstal.de,Andrea Wulff Keramik
toepferhandwerk,leorot.de,Andreas Leonhardt Töpfermeister - BBK
toepferhandwerk,toepferei-atelier-s.de,Töpferei Atelier S
Töpfer,eva-susanne.de,Susanne Maurer Töpferei
Übersetzungen,abc-rossija.de,Grünefeld Marina ABC Rossija Fachübersetzungen
Universität / Fachhochschule / Akademie,hochvier-akademie.de,Conrad Hoser - Hochvier Akademie
Unterhaltungselektronik,tv-bleicherode-gmbh.de,Television Bleicherode GmbH
Unterhaltungskünstler,i-vs.com,"Kunze Danny, (Incognito Live)"
Verleih & Vermietung - Sonstiges,wedomedia.de,WeDo MEdia oHG - Digital Signage Lösungen
Verleih & Vermietung - Sonstiges,sonnenschutz-starnbergersee.de,Sonnenschutz Starnberger See
Verleih & Vermietung - Sonstiges,topbox.de,Top Box Mannheim GmbH
Versandhandel,antibodies-online.com,antibodies-online GmbH Internethandel
waermerueckgewinnung,paul-lueftung.de,PAUL Lüftung - Wärmerückgewinnung GmbH - CORE Energy Recovery Solutions GmbH
waermerueckgewinnung,rototeam.de,Rototeam GmbH
waermerueckgewinnung,eureka-emsdetten.de,Eureka Wärmerückgewinnung und Kühltechnik GmbH & Co. KG
waermerueckgewinnung,meltem.com,Meltem Wärmerückgewinnung GmbH & Co. KG - Meltem Lüftungsgeräte GmbH & Co. KG
Wassersportbedarf,elster-kanu.de,Elster Kanu Wünschendorf
Werbung & Marketing - Digitaldruck,kdi-team.de,KDI  Kompetenz in Siebdruck - Tampondruck - Plexiglasverarbeitung
Werbung & Marketing - Drucksachen,klprintmedia.de,K + L PrintMedia GmbH
Werbung & Marketing - Drucksachen,mmdo.de,headland · büro für gestaltung & technologie
Werbung & Marketing - Geschäftspapiere,steuerberatungmemmingen.de,Huber-Stempfel Irmingard
Werbung & Marketing - Geschäftspapiere,localbusiness.expert,Local Business Expert
Werbung & Marketing - Internet,elbe1-media.de,ELBE1 MEDIA
Werbung & Marketing - Internet,munich-escorts.com,Munich Escorts
Werbung & Marketing - Internet,indexierer.de,Indexierer.de - Ihr SEO-Dienstleister
Werbung & Marketing - Internet,socialmediaagency.de,Social Media Agency
Werbung & Marketing - Internet,linkstark.de,LINKSTARK GmbH & Co. KG
Werbung & Marketing - Internet,suchmaschinenoptimierung.q-ergo.de,Q-ERGO
Werbung & Marketing - Internet,photo-haenssler.de,Photo Hänßler
Werbung & Marketing - Internet,seafreelancermuenchen.de,SEA Freelancer München
Werbung & Marketing - Internet,oxidian.ch,Oxidian GmbH
Werbung & Marketing - Internet,abwrackpraemienutzen.de,WA-Gruppe
Werbung & Marketing - Internet,jafethmariani.com,Jafeth Mariani
Werbung & Marketing - Internet,guter-kundenservice.de,"Fa. Wollenweber, Guter-Kundenservice.de"
Werbung & Marketing - Promotion & Vertrieb,sizzlinghotz.com,Sizzling Hotz
Werbung & Marketing - Promotion & Vertrieb,schreiner.mynumondu.de,Numondu GmbH
Werbung & Marketing - Promotion & Vertrieb,firmen-online.info,Media Contor Ltd
Werbung & Marketing - Promotion & Vertrieb,adressenstube.de,only2men
Werbung & Marketing - Promotion & Vertrieb,seo-fuer-kleine-unternehmen.de,Tobias Würflein Andreas Litwinowicz GbR
Werbung & Marketing - Promotion & Vertrieb,imagefilm.it,Alexander Tempel EINFACH TEMPEL
Werbung & Marketing - Schilder,rwfolien.de.tl,RW Folienapplikationen
Werbung & Marketing - Sonstiges,guenstige-werbesysteme.de,EXPO Technology ug Margareta Rinzar
Werbung & Marketing - Sonstiges,loeschdienst24.de,Löschdienst von Loeschdienst24.de - Agentur
Werbung & Marketing - Sonstiges,seofolgreich.de,SEOfolgreich - Local SEO Agentur München
Werbung & Marketing - Sonstiges,werbefahnen-hissfahnen.de,DISPEX Mario Wiemann e.K.
Werbung & Marketing - Sonstiges,outbound-kaltakquise.de,Profit Sale Vensen Mehra
Werbung & Marketing - Sonstiges,pars-pro-toto.de,pars pro toto GmbH – agentur für kommunikation
Werbung & Marketing - Sonstiges,xsimpress.com,XSimpress GmbH
werkzeuge,zimara-gmbh.de,ZIMARA GmbH
werkzeuge,paul-freitag.de,Paul Freitag GmbH & CO. KG
werkzeuge,inha.de,inha GmbH
werkzeuge,pakulla.de,Pakulla GmbH
werkzeuge,weischer.de,Josef Weischer GmbH - Modell- und Prototypenbau GmbH
werkzeuge,bedarfsmarkt.de,Bedarfsmarkt.de
Wirtschafts- u. Berufsverbände,erfurt.ihk.de,Industrie- und Handelskammer Regionales Service-Center Artern
Wissenschaftliche Institute,repges-partner.de,REPGES & PARTNER Gesellschaft für Med. Forschung und Informationsverarbeitung mbH
Zahntechnische Geräte u. Bedarf,gerl-viernau.de,Gerl GmbH Niederlassung Thüringen
Zeichenbüros,viaduktus.de,Viaduktus Ferreira P. u. Küpper M. Zeichenbüro
Zweiräder,licornebike.com,Licorne Bike GmbH